vehicles_N,vehicles_S,vehicles_E,vehicles_W,ped_N,ped_S,ped_E,ped_W,emg_N,emg_S,emg_E,emg_W,green_N,green_S,green_E,green_W
270,317,274,291,1,2,1,3,2,3,1,0,485.5,570.6,493.7,528.3000000000001
35,58,41,271,1,3,3,3,2,1,2,2,62.5,107.9,76.3,490.3
260,379,340,305,0,0,1,3,1,3,2,0,467.0,679.2,611.5,553.5
24,52,48,381,3,2,0,3,2,1,2,3,45.7,95.60000000000001,84.4,687.3000000000001
286,79,267,64,1,3,1,3,3,3,1,3,513.3000000000001,143.70000000000002,481.1,116.7
19,57,87,363,0,2,1,0,1,0,1,1,33.2,105.60000000000001,157.1,652.4
390,311,28,330,2,3,3,3,1,0,0,1,704.0,564.3000000000001,54.9,597.5
227,252,330,26,2,3,1,3,2,0,3,2,409.6,458.1,592.5,49.300000000000004
30,5,107,364,0,1,1,0,3,0,0,2,51.0,10.5,194.1,653.2
246,292,285,8,3,2,0,2,0,0,2,2,447.3,528.6,511.0,15.399999999999999
75,198,67,306,2,1,2,2,2,0,3,3,136.0,357.90000000000003,120.60000000000001,550.8000000000001
46,35,68,311,1,1,2,0,1,0,2,3,83.3,64.5,123.4,556.8000000000001
289,47,268,287,3,1,0,0,3,0,2,2,521.7,86.10000000000001,480.40000000000003,514.6
341,61,216,203,0,1,3,3,3,2,3,3,610.8000000000001,109.3,390.3,366.90000000000003
369,58,231,325,2,0,0,2,0,1,0,2,667.2,103.4,415.8,586.0
333,296,139,17,1,0,2,2,2,1,1,2,598.9,531.8000000000001,252.20000000000002,31.6
223,293,284,176,3,2,3,0,3,1,3,3,402.90000000000003,529.4,512.7,313.8
45,368,230,40,3,0,0,2,0,2,1,2,85.5,660.4,413.0,73.0
131,51,326,281,0,2,0,0,1,3,0,3,234.8,91.8,586.8000000000001,502.8
14,25,55,235,2,0,1,2,0,2,0,3,28.2,43.0,100.5,423.0
352,43,61,152,0,3,2,3,0,0,1,3,633.6,81.9,111.8,275.1
56,362,239,198,2,2,0,2,2,1,0,3,101.8,653.6,430.2,356.40000000000003
226,15,46,383,1,0,3,0,3,2,3,1,405.3,25.0,84.3,688.4
396,28,58,20,2,0,3,2,0,3,3,1,715.8000000000001,47.4,105.9,38.0
320,10,32,343,1,3,1,3,2,0,0,2,575.5,22.5,59.1,619.9
60,213,35,40,3,2,1,1,2,3,0,3,110.5,383.40000000000003,64.5,70.5
352,391,162,281,1,1,3,2,1,0,3,1,634.1,705.3000000000001,293.1,507.8
388,255,61,7,2,1,0,1,0,2,0,1,701.4,458.5,109.8,13.1
270,387,250,277,2,2,0,2,3,3,0,2,486.0,696.6,450.0,499.6
386,188,197,66,3,2,2,0,0,0,3,3,699.3000000000001,341.40000000000003,354.6,115.8
398,233,218,319,1,1,0,0,3,1,2,3,714.9,419.90000000000003,390.40000000000003,571.2
22,207,356,25,1,2,0,0,3,2,3,2,38.1,373.6,637.8000000000001,43.0
383,237,248,42,2,1,3,2,2,0,1,0,690.4,428.1,449.90000000000003,78.60000000000001
252,376,291,60,0,0,0,1,2,0,1,1,451.6,676.8000000000001,522.8000000000001,108.5
110,321,17,188,3,2,0,2,3,0,0,3,199.5,580.8000000000001,30.6,338.40000000000003
391,347,154,211,0,1,3,0,0,0,0,1,703.8000000000001,626.1,281.7,378.8
352,65,211,43,0,3,3,1,0,0,1,2,633.6,121.5,383.3,76.9
359,179,304,375,1,1,0,2,0,1,0,1,647.7,322.7,547.2,677.0
272,225,328,275,1,1,3,3,3,1,2,2,488.1,405.5,592.9,497.5
329,275,234,140,3,2,0,2,0,1,3,0,596.7,497.0,418.2,255.0
208,48,33,24,1,0,2,0,3,2,3,2,372.90000000000003,84.4,59.4,41.2
234,165,58,390,1,2,0,1,1,0,0,0,421.7,300.0,104.4,703.5
140,39,229,42,0,3,2,3,2,0,0,0,250.0,74.7,415.2,80.10000000000001
20,209,63,292,2,3,1,0,1,2,2,1,38.0,378.7,112.9,524.6
369,16,39,356,0,3,3,2,0,3,2,0,664.2,30.299999999999997,72.7,643.8000000000001
243,362,366,29,3,1,0,3,0,3,3,0,441.90000000000003,650.1,655.8000000000001,56.7
63,268,343,7,2,3,3,3,0,1,1,1,116.4,485.90000000000003,620.9,16.1
270,241,149,3,0,2,2,3,2,0,2,2,484.0,436.8,269.2,7.9
388,384,241,55,0,1,3,1,2,1,3,0,696.4,691.7,435.3,100.5
327,344,34,13,0,1,3,3,2,1,3,2,586.6,619.7,62.7,25.900000000000002
23,327,244,397,1,0,3,1,3,0,1,3,39.9,588.6,442.7,713.1
82,313,201,21,1,1,1,0,3,2,1,3,146.1,562.9,362.3,34.800000000000004
84,254,257,233,2,0,3,3,2,2,2,3,152.20000000000002,455.2,465.1,420.90000000000003
20,62,341,22,2,1,0,2,0,3,1,1,39.0,110.10000000000001,612.8000000000001,41.6
363,268,331,277,0,3,0,3,2,3,2,1,651.4,483.90000000000003,593.8000000000001,502.1
57,37,60,381,0,2,3,3,2,1,2,0,100.60000000000001,68.60000000000001,110.5,690.3000000000001
238,206,366,208,3,2,3,1,2,3,0,2,430.90000000000003,370.8,663.3000000000001,373.90000000000003
54,237,379,7,3,1,1,1,0,1,1,0,101.7,427.1,682.7,14.1
47,68,371,211,1,0,3,3,3,2,3,0,83.10000000000001,120.4,669.3000000000001,384.3
303,5,272,70,3,3,1,2,2,2,0,3,547.9,11.5,491.1,126.0
33,227,37,19,0,0,3,3,3,3,0,2,56.4,405.6,71.10000000000001,36.7
267,339,281,311,3,1,1,3,1,3,0,1,484.1,608.7,507.3,563.3000000000001
42,304,62,11,3,0,2,3,2,3,1,0,78.10000000000001,544.2,113.60000000000001,24.3
44,377,307,392,3,3,3,3,2,1,0,3,81.7,682.1,557.1,707.1
388,390,216,50,2,2,1,0,1,3,3,3,700.4,702.0,387.3,87.0
41,241,33,11,2,3,2,1,2,3,0,3,74.8,435.3,62.4,18.3
17,5,21,378,0,2,1,1,3,2,0,2,27.6,10.0,39.300000000000004,679.9
201,33,35,69,1,2,3,3,3,0,2,2,360.3,62.4,65.5,126.69999999999999
329,373,358,382,2,3,1,2,1,3,2,3,594.2,672.9,643.9,687.6
342,305,391,236,1,3,1,2,0,3,0,2,617.1,550.5,705.3000000000001,425.8
234,348,68,295,0,0,3,3,2,0,2,1,419.2,626.4,124.9,534.5
103,168,11,378,0,3,2,0,2,1,3,3,183.4,305.90000000000003,19.8,677.4
349,278,26,323,1,0,0,1,2,1,1,1,627.7,499.40000000000003,45.800000000000004,581.9
56,202,205,362,0,2,0,1,0,3,2,2,100.8,363.6,367.0,651.1
351,215,267,240,0,0,3,2,2,0,3,3,629.8000000000001,387.0,482.1,432.0
294,11,298,352,3,3,3,3,2,2,3,2,531.7,22.3,537.9,636.1
360,0,307,395,2,3,2,0,1,3,3,2,650.0,0.0,552.6,709.0
319,50,259,333,3,0,0,1,3,0,0,0,575.7,90.0,466.2,600.9
47,154,223,205,3,1,3,0,1,3,0,1,88.10000000000001,275.7,405.90000000000003,368.0
29,10,66,268,2,1,0,3,3,2,1,0,52.2,17.5,117.8,486.90000000000003
37,69,29,277,3,2,3,0,0,3,1,0,71.10000000000001,124.2,55.7,498.6
1,274,314,1,0,2,3,0,1,2,2,0,0.8,494.2,567.7,1.8
51,252,284,58,2,0,2,1,0,2,2,2,94.8,451.6,512.2,103.9
25,3,367,13,0,3,1,0,2,0,0,3,43.0,9.9,662.1,20.400000000000002
264,374,269,329,1,1,3,2,1,1,1,0,475.7,673.7,487.7,595.2
288,18,38,231,3,0,1,3,0,0,3,2,522.9,32.4,66.9,418.3
289,370,315,327,2,3,2,0,1,2,2,0,522.2,668.5,568.0,588.6
239,304,124,230,0,3,1,1,1,0,0,0,429.2,551.7,224.70000000000002,415.5
321,364,144,280,3,0,2,3,0,1,1,1,582.3000000000001,654.2,261.2,507.5
153,356,340,360,2,2,0,1,2,0,1,2,276.40000000000003,643.8000000000001,611.0,647.5
266,38,219,43,2,0,2,0,3,1,3,3,478.8,67.4,394.2,74.4
45,222,38,60,2,3,3,2,0,2,0,1,84.0,402.1,72.9,110.0
25,23,315,243,3,2,2,3,1,2,1,2,48.5,42.4,569.0,439.90000000000003
37,363,27,15,2,2,0,0,0,3,3,0,69.60000000000001,653.4,45.6,27.0
280,313,32,202,2,0,3,0,0,0,0,0,507.0,563.4,62.1,363.6
365,313,335,8,3,0,0,2,0,3,3,1,661.5,560.4,600.0,16.4
26,232,318,31,2,3,0,0,2,2,0,3,47.800000000000004,420.1,572.4,52.800000000000004
297,355,19,52,2,3,3,0,1,1,1,1,536.6,642.5,37.7,92.60000000000001
320,46,220,69,1,0,0,1,1,1,3,3,576.5,81.8,393.0,122.7
92,6,23,241,2,2,1,0,2,0,0,0,166.6,13.8,42.9,433.8
206,43,254,379,2,0,3,3,3,0,0,0,370.8,77.4,461.7,686.7
186,117,346,1,3,2,3,3,2,2,2,2,337.3,211.6,625.3000000000001,4.3
293,213,324,350,2,2,3,2,2,0,3,2,528.4,386.40000000000003,584.7,631.0
318,210,0,22,3,0,3,3,1,0,3,1,575.9,378.0,0.0,43.1
50,8,390,15,3,1,2,3,0,1,3,1,94.5,14.9,702.0,30.5
327,287,351,397,1,2,1,0,0,3,0,3,590.1,516.6,633.3000000000001,711.6
23,60,236,44,1,1,0,1,0,2,0,3,42.9,107.5,424.8,77.7
4,240,51,187,1,0,0,1,3,0,3,2,5.699999999999999,432.0,88.8,336.1
55,371,225,1,0,0,2,3,0,1,2,2,99.0,666.8000000000001,406.0,4.3
280,396,251,10,3,0,0,1,3,3,1,1,505.5,709.8000000000001,450.8,18.5
20,310,336,37,1,2,2,0,0,3,1,3,37.5,558.0,606.8000000000001,63.60000000000001
8,14,64,202,1,0,3,3,1,1,0,2,14.9,24.2,119.7,366.1
22,252,241,383,2,3,2,1,1,2,2,1,41.6,456.1,434.8,689.9
50,368,40,37,2,0,2,0,3,1,2,3,90.0,661.4,73.0,63.60000000000001
65,245,26,26,3,1,2,3,0,0,2,3,121.5,442.5,47.800000000000004,48.300000000000004
295,208,393,222,3,1,1,3,0,1,3,0,535.5,374.90000000000003,705.9,404.1
209,367,317,354,0,2,0,0,2,0,2,2,374.2,663.6,568.6,635.2
61,266,304,330,2,2,1,2,3,0,0,0,109.8,481.8,548.7,597.0
215,376,291,371,1,3,1,0,3,2,2,0,385.5,679.3000000000001,523.3000000000001,667.8000000000001
261,289,277,238,1,2,1,1,1,3,3,3,470.3,520.2,497.1,426.90000000000003
370,66,11,353,2,2,3,0,2,1,3,2,667.0,120.8,21.3,633.4
357,34,304,370,3,1,3,0,1,3,0,2,646.1,59.7,551.7,664.0
60,48,252,95,3,0,0,3,2,0,0,3,110.5,86.4,453.6,172.5
290,250,287,387,2,1,2,2,0,3,1,0,525.0,448.5,518.6,699.6
386,379,244,291,2,1,0,2,1,1,0,2,696.8000000000001,682.7,439.2,524.8000000000001
251,28,372,282,1,1,0,2,3,2,0,0,450.3,49.9,669.6,510.6
400,291,289,316,3,3,1,1,3,0,0,1,721.5,528.3000000000001,521.7,569.3000000000001
171,189,317,194,3,0,2,3,2,1,0,0,310.3,339.2,573.6,353.7
261,201,367,254,1,0,3,1,1,0,3,1,470.3,361.8,662.1,457.7
332,327,360,66,1,0,2,2,2,0,3,0,597.1,588.6,648.0,121.8
38,14,291,69,0,2,0,3,0,1,3,0,68.4,27.2,520.8000000000001,128.7
57,291,307,241,2,3,2,2,2,0,0,0,103.60000000000001,528.3000000000001,555.6,436.8
58,314,6,60,2,3,3,1,0,0,1,0,107.4,569.7,14.3,109.5
367,10,59,362,0,3,3,1,2,1,2,3,658.6,21.5,108.7,650.1
1,383,237,39,1,0,1,2,0,0,1,0,3.3,689.4,427.1,73.2
298,38,69,319,2,0,0,0,0,2,3,2,539.4,66.4,121.2,572.2
219,246,18,326,3,3,0,3,3,1,0,0,395.7,446.3,32.4,591.3000000000001
209,18,122,340,0,3,0,2,2,0,1,2,374.2,36.9,218.6,613.0
297,29,61,6,1,3,2,2,0,3,2,2,536.1,53.7,110.8,11.8
233,102,352,250,0,1,3,2,3,1,3,0,416.40000000000003,184.1,635.1,453.0
214,319,360,375,3,3,2,3,0,1,0,1,389.7,577.7,651.0,678.5
342,229,52,45,1,2,1,3,3,3,1,1,614.1,412.2,94.10000000000001,84.5
23,3,392,327,2,0,1,1,1,0,3,2,43.4,5.4,704.1,588.1
54,19,43,373,2,0,1,0,3,3,0,3,97.2,31.200000000000003,78.9,668.4
339,263,377,203,2,3,0,1,2,3,0,0,611.2,474.90000000000003,678.6,366.90000000000003
10,36,51,366,0,3,1,1,1,0,1,0,17.0,69.3,92.3,660.3000000000001
300,351,231,67,2,2,2,3,2,2,0,0,541.0,632.8000000000001,418.8,125.10000000000001
357,206,56,251,3,2,1,3,3,1,3,2,644.1,372.8,99.3,454.3
38,37,380,16,3,2,3,0,1,2,2,0,71.9,67.60000000000001,686.5,28.8
1,229,244,400,2,1,3,2,2,2,2,3,2.8,411.7,441.7,720.0
249,328,286,52,2,2,3,0,3,2,3,1,448.2,591.4,516.3000000000001,92.60000000000001
373,262,275,66,1,3,0,2,1,2,2,1,671.9,474.1,493.0,120.8
206,18,195,267,1,2,2,2,2,1,0,0,370.3,34.4,354.0,483.6
21,15,314,36,1,3,3,2,0,3,2,2,39.300000000000004,28.5,567.7,65.8
336,229,317,235,1,3,1,1,0,2,2,3,606.3000000000001,414.7,570.1,421.5
51,51,52,290,0,0,0,3,1,3,0,0,90.8,88.8,93.60000000000001,526.5
376,367,365,74,2,3,1,2,1,1,2,1,678.8000000000001,664.1,656.5,135.20000000000002
222,187,336,52,2,2,1,3,1,3,1,1,401.6,336.6,605.3000000000001,97.10000000000001
228,246,312,224,2,3,3,0,2,1,0,0,411.40000000000003,446.3,566.1,403.2
223,242,235,239,3,3,0,3,0,3,3,0,405.90000000000003,437.1,420.0,434.7
162,376,352,37,0,3,2,1,2,1,1,1,289.6,680.3000000000001,635.6,67.10000000000001
399,10,275,387,0,0,0,2,1,2,3,2,717.2,16.0,492.0,697.6
33,225,335,378,3,3,3,2,1,1,2,1,62.9,408.5,605.5,682.4
332,21,312,3,2,1,0,0,0,1,0,2,600.6,38.300000000000004,561.6,3.4000000000000004
318,390,303,202,1,2,2,2,2,3,3,0,571.9,702.0,545.4,366.6
301,216,13,344,1,0,0,2,3,0,0,3,540.3000000000001,388.8,23.400000000000002,619.2
1,229,195,32,3,2,1,2,0,2,3,2,6.3,413.2,349.5,58.6
103,20,26,352,1,0,1,0,1,0,2,2,185.9,36.0,46.300000000000004,631.6
47,316,292,232,1,0,3,3,3,1,0,1,83.10000000000001,567.8000000000001,530.1,421.1
372,88,131,32,1,3,2,2,1,1,1,2,670.1,161.9,237.8,58.6
339,240,264,357,0,2,2,1,1,2,1,3,609.2,433.0,477.2,641.1
43,323,253,366,1,1,0,3,0,3,2,3,78.9,579.9,453.40000000000003,660.3000000000001
271,284,216,374,0,1,0,1,0,2,3,1,487.8,510.70000000000005,385.8,673.7
5,239,279,212,3,3,1,2,2,3,0,2,11.5,431.7,503.7,382.6
222,267,67,353,3,2,1,3,1,1,0,1,403.1,482.6,122.10000000000001,638.9
68,385,382,349,3,3,2,3,2,2,0,0,124.9,695.5,690.6,632.7
231,355,165,98,1,3,3,0,2,1,3,2,415.3,642.5,298.5,174.4
264,376,340,0,1,1,2,3,2,1,3,1,474.7,677.3000000000001,612.0,0.0
49,197,359,51,3,3,0,1,2,3,2,1,90.7,356.1,644.2,92.3
106,32,34,215,1,3,0,2,3,0,2,1,189.3,62.1,59.2,389.0
387,117,52,334,2,3,1,2,1,2,2,3,698.6,213.1,93.10000000000001,601.2
11,238,383,296,1,3,1,2,2,3,0,2,19.3,429.90000000000003,690.9,533.8000000000001
363,355,315,289,3,2,3,1,3,2,2,1,654.9,640.0,569.5,520.7
322,314,381,120,3,0,3,1,3,1,0,3,581.1,564.2,690.3000000000001,214.5
349,256,282,382,3,2,1,0,2,3,3,3,630.7,460.8,506.1,684.6
105,205,37,255,1,3,0,1,0,1,1,2,190.5,372.5,65.60000000000001,458.5
396,395,359,289,0,2,3,3,3,2,2,0,709.8000000000001,712.0,648.7,524.7
381,289,65,265,1,3,0,0,3,3,1,1,684.3000000000001,521.7,116.0,476.0
352,204,47,11,0,3,2,1,1,3,1,0,632.6,368.7,86.60000000000001,21.3
6,302,243,289,0,0,3,2,2,0,2,0,8.8,543.6,439.90000000000003,523.2
262,382,215,344,1,3,2,1,3,1,3,3,470.1,691.1,387.0,617.7
240,61,376,247,1,3,0,3,3,0,0,3,430.5,114.3,676.8000000000001,446.1
245,246,273,232,0,3,2,1,1,2,1,1,440.0,445.3,493.40000000000003,418.1
208,242,362,298,0,2,1,3,2,3,1,2,372.40000000000003,435.6,652.1,538.9
249,70,65,203,2,1,1,3,0,3,1,3,451.2,124.5,117.5,366.90000000000003
279,16,48,64,0,2,2,3,3,3,0,1,499.2,28.8,89.4,118.7
126,34,243,292,0,3,1,3,0,1,1,0,226.8,64.7,437.90000000000003,530.1
321,286,153,62,0,3,1,3,0,0,2,3,577.8000000000001,519.3000000000001,274.90000000000003,113.10000000000001
326,327,287,229,1,3,3,0,2,0,0,0,586.3000000000001,593.1,521.1,412.2
28,61,346,233,1,0,1,3,3,0,0,2,48.9,109.8,624.3000000000001,421.90000000000003
301,66,305,69,0,1,3,3,1,2,3,2,540.8000000000001,118.3,550.5,126.69999999999999
6,303,42,19,1,3,2,3,0,2,2,0,12.3,547.9,76.60000000000001,38.7
35,41,365,41,0,2,1,1,1,0,3,3,62.0,76.8,655.5,72.3
183,234,258,33,2,0,2,3,1,1,3,1,331.40000000000003,420.2,464.40000000000003,62.9
13,24,28,304,0,3,1,2,2,2,0,3,21.400000000000002,45.7,51.9,547.2
69,40,201,50,2,0,3,1,1,3,2,2,126.2,69.0,364.3,89.5
118,78,20,332,1,0,0,1,2,0,1,3,211.9,140.4,35.0,596.1
389,333,308,293,1,0,0,1,1,1,0,3,700.7,598.4,554.4,525.9
55,228,366,347,1,2,2,3,1,2,0,1,99.5,411.40000000000003,661.8000000000001,628.1
129,327,305,327,2,2,2,2,1,2,3,1,234.20000000000002,589.6,549.0,590.6
54,228,301,371,3,2,1,1,1,2,1,2,100.7,411.40000000000003,542.3000000000001,667.3000000000001
398,277,270,219,0,1,0,1,1,3,2,0,715.4,497.1,484.0,395.7
8,398,4,42,1,2,1,1,0,0,2,1,15.9,719.4,6.699999999999999,76.10000000000001
41,213,68,325,0,3,3,0,3,0,0,0,70.8,387.90000000000003,126.9,585.0
253,303,41,29,2,0,0,3,1,1,1,1,457.40000000000003,544.4,72.8,55.7
388,283,348,221,2,1,1,1,1,3,1,0,700.4,507.90000000000003,626.9,399.3
332,291,359,234,3,1,2,1,3,0,3,0,599.1,525.3000000000001,646.2,422.7
53,351,66,61,1,0,1,2,1,0,1,0,95.9,631.8000000000001,119.3,112.8
117,321,389,149,0,0,1,3,1,2,0,3,209.6,575.8000000000001,701.7,269.7
348,315,216,331,0,3,1,1,0,3,1,3,626.4,568.5,389.3,594.3000000000001
131,250,276,44,2,1,1,3,3,1,0,2,235.8,450.5,498.3,81.7
294,275,298,285,1,0,3,3,3,3,3,2,527.7,492.0,537.9,515.5
389,207,60,275,1,0,0,2,2,3,1,0,699.7,369.6,107.0,498.0
7,51,267,218,1,3,0,2,3,3,2,1,11.1,93.3,478.6,394.40000000000003
257,57,123,64,1,0,0,1,2,2,1,2,462.1,100.60000000000001,220.4,114.7
276,36,390,56,2,2,3,2,1,1,3,2,498.8,66.8,703.5,101.8
48,53,0,272,3,3,1,0,1,2,1,0,89.9,97.9,0.0,489.6
45,302,258,399,1,2,0,1,1,3,1,0,81.5,543.6,463.40000000000003,719.7
220,1,48,237,2,2,2,0,3,0,1,1,396.0,4.8,88.4,425.6
310,345,337,396,0,1,1,3,0,1,3,0,558.0,621.5,605.1,717.3000000000001
47,49,217,88,2,0,0,0,2,2,0,1,85.60000000000001,86.2,390.6,157.4
2,213,65,20,3,2,3,2,0,1,1,0,8.1,385.40000000000003,120.5,39.0
350,218,209,350,3,1,0,1,2,1,0,0,632.5,392.90000000000003,376.2,631.5
14,36,356,269,1,3,1,2,2,1,3,0,24.7,68.3,639.3000000000001,487.2
36,58,54,332,0,1,0,1,2,1,2,0,62.8,104.9,95.2,599.1
232,51,291,392,3,1,3,0,2,3,1,1,420.1,90.3,527.3000000000001,704.6
240,66,328,333,1,3,3,1,3,0,0,3,430.5,123.3,594.9,597.9
211,219,39,40,3,3,0,0,0,0,1,1,384.3,398.7,69.2,71.0
62,351,364,279,0,1,2,0,2,3,3,2,109.60000000000001,630.3000000000001,655.2,500.2
234,339,274,278,0,2,2,1,2,1,1,0,419.2,612.2,495.2,501.90000000000003
284,23,70,8,3,1,3,2,0,3,3,2,515.7,39.9,127.5,15.399999999999999
56,323,257,355,1,3,1,2,3,1,3,1,99.3,584.9,461.1,641.0
283,233,230,205,1,2,2,2,3,2,1,2,507.90000000000003,420.40000000000003,416.0,370.0
396,355,41,64,2,1,2,1,2,2,1,0,713.8000000000001,638.5,75.8,116.7
315,222,231,64,0,0,0,2,3,1,1,2,564.0,398.6,414.8,116.2
218,397,350,221,2,3,1,1,1,2,0,1,394.40000000000003,717.1,631.5,398.3
325,343,4,311,1,3,3,2,3,2,1,2,583.5,619.9,10.7,560.8000000000001
381,384,33,278,1,1,2,1,2,2,1,1,685.3000000000001,690.7,61.4,500.90000000000003
5,328,248,234,0,0,2,0,1,0,1,2,8.0,590.4,448.40000000000003,419.2
300,34,384,122,0,1,0,2,0,1,1,0,540.0,61.7,690.2,222.6
56,335,29,161,3,3,2,0,1,3,2,2,104.3,604.5,53.2,287.8
354,269,40,63,0,1,1,2,0,2,1,0,637.2,483.7,72.5,116.4
312,151,19,19,2,2,2,0,3,2,0,2,561.6,272.8,37.2,32.2
304,21,269,349,1,3,1,0,1,2,2,2,547.7,40.300000000000004,483.7,626.2
194,362,14,54,3,1,2,2,0,1,1,1,353.7,652.1,27.2,99.2
379,291,286,209,3,3,2,0,2,3,2,2,684.7,525.3000000000001,515.8000000000001,374.2
237,354,57,51,3,1,2,3,0,3,3,2,431.1,635.7,102.60000000000001,94.3
271,324,305,25,0,1,1,2,3,2,1,0,484.8,582.7,549.5,48.0
291,239,54,302,0,2,2,2,2,1,2,1,521.8000000000001,432.2,98.2,545.6
237,143,46,26,3,2,2,2,2,3,3,1,429.1,257.40000000000003,82.8,48.800000000000004
204,15,21,307,0,3,1,0,3,0,0,2,364.2,31.5,39.300000000000004,550.6
367,272,362,351,2,1,0,0,0,1,3,3,663.6,490.1,648.6,628.8000000000001
128,55,302,41,1,0,1,2,0,3,2,3,231.9,96.0,543.1,73.8
312,250,223,217,1,0,2,1,2,1,1,3,561.1,449.0,403.40000000000003,389.1
375,220,347,397,1,3,0,3,0,1,1,3,676.5,399.5,623.6,716.1
26,64,323,205,2,2,1,0,3,0,0,2,46.800000000000004,118.2,582.9,367.0
384,393,331,292,1,0,1,0,0,3,3,1,692.7,704.4,594.3000000000001,524.6
215,273,264,6,2,1,2,3,0,0,1,3,390.0,492.90000000000003,477.2,12.3
2,333,317,320,2,2,2,2,3,1,2,2,3.5999999999999996,601.4,571.6,577.0
373,220,208,13,3,2,2,2,0,0,0,3,675.9,399.0,377.40000000000003,23.400000000000002
285,91,68,45,1,1,2,0,2,1,0,0,512.5,164.3,125.4,81.0
212,69,210,337,1,2,1,2,3,3,1,0,380.1,124.2,378.5,609.6
287,266,257,212,2,0,2,0,0,1,2,2,519.6,477.8,463.6,379.6
394,231,11,224,2,1,3,0,1,0,1,0,711.2,417.3,23.3,403.2
30,34,314,292,0,1,2,2,2,2,1,0,52.0,60.7,567.2,528.6
286,50,294,234,1,3,1,3,0,0,2,3,516.3000000000001,94.5,528.7,422.7
41,302,336,389,0,0,3,3,3,1,1,3,70.8,542.6,608.3000000000001,701.7
396,295,373,245,0,2,3,2,2,3,2,0,710.8000000000001,531.0,673.9,444.0
209,327,205,242,0,3,3,3,0,3,1,2,376.2,590.1,372.5,438.1
242,51,374,56,0,3,3,3,3,1,1,1,432.6,95.3,676.7,104.3
393,257,9,36,3,3,3,0,1,1,0,1,710.9,466.1,20.7,63.8
387,158,20,256,1,0,3,2,2,1,1,1,696.1,283.40000000000003,39.5,462.8
22,5,202,378,0,3,2,0,3,0,0,2,36.6,13.5,366.6,678.4
387,16,52,38,1,2,0,2,2,0,1,1,696.1,31.8,92.60000000000001,70.4
319,328,296,129,3,1,1,2,2,0,2,0,576.7,591.9,532.3000000000001,235.20000000000002
346,359,354,277,3,1,3,1,1,3,2,3,626.3000000000001,644.7,639.7,497.1
259,49,53,311,2,3,0,0,3,2,2,3,466.2,90.7,93.4,556.8000000000001
338,207,10,221,2,1,2,2,1,2,0,2,610.4,372.1,21.0,398.8
203,352,310,222,2,1,0,1,3,0,1,0,365.40000000000003,635.1,557.0,401.1
203,376,390,295,0,3,1,0,1,3,2,1,364.40000000000003,678.3000000000001,701.5,530.0
295,394,271,259,1,1,0,1,2,1,0,3,530.5,709.7,487.8,464.7
205,245,219,370,1,0,0,3,0,1,3,0,370.5,440.0,391.2,670.5
337,37,269,261,1,2,0,0,3,1,1,3,605.1,68.60000000000001,483.2,466.8
301,361,65,62,3,3,1,1,3,2,1,0,543.3000000000001,652.3000000000001,117.5,113.10000000000001
365,9,63,9,2,2,1,0,3,2,1,2,657.0,17.2,113.9,14.2
262,304,349,362,2,3,3,2,0,2,1,1,474.6,549.7,631.7,653.6
285,52,61,342,2,1,2,2,3,2,1,2,513.0,93.10000000000001,111.8,616.6
210,342,141,239,0,1,1,3,3,0,1,2,375.0,617.1,254.3,432.7
387,228,399,398,3,2,1,0,1,0,3,0,700.1,413.40000000000003,716.7,716.4
293,391,268,315,3,0,2,3,2,0,1,0,529.9,703.8000000000001,484.40000000000003,571.5
11,204,96,392,0,3,1,1,1,2,3,1,18.8,369.7,171.3,706.1
242,252,19,393,3,2,0,3,3,3,1,0,437.1,453.6,33.2,711.9
398,297,210,338,2,3,2,0,3,0,1,1,716.4,539.1,380.0,607.4
272,367,223,7,2,3,3,2,2,3,2,3,490.6,662.1,403.90000000000003,12.6
295,385,17,33,0,0,2,1,3,0,0,2,528.0,693.0,33.6,58.9
277,279,297,343,1,3,2,2,1,2,2,0,499.1,504.7,535.6,620.4
296,308,365,192,3,2,3,3,3,1,3,0,534.3000000000001,556.4,658.5,350.1
27,16,375,62,1,3,2,0,0,1,1,3,50.1,32.3,677.0,108.60000000000001
312,384,226,49,2,0,2,1,1,1,1,1,563.6,690.2,408.8,88.7
389,13,64,196,0,2,2,3,3,2,3,2,697.2,24.400000000000002,115.2,355.3
68,14,217,22,2,1,3,3,0,2,2,2,125.4,24.7,393.1,42.1
61,220,201,310,0,0,1,1,3,0,0,1,106.8,396.0,363.3,558.5
395,54,283,309,3,1,3,2,2,0,1,1,713.5,98.7,512.9000000000001,558.2
9,17,278,35,2,2,1,2,0,3,2,3,19.2,30.6,499.90000000000003,63.0
221,256,53,352,1,2,2,3,2,2,0,3,397.3,461.8,98.4,635.1
13,241,315,133,1,2,2,2,2,0,2,3,22.900000000000002,436.8,568.0,239.4
266,301,206,318,1,2,2,0,3,0,3,1,477.3,544.8000000000001,370.8,571.4
49,356,53,58,0,1,2,1,1,1,2,3,87.2,641.3000000000001,96.4,102.9
68,51,41,242,3,1,2,2,0,2,2,0,126.9,91.3,74.8,438.6
68,318,290,94,1,2,0,3,1,3,1,1,122.9,572.4,521.0,172.70000000000002
287,1,45,63,1,1,0,2,0,2,2,1,518.1,1.2999999999999998,79.0,115.4
52,0,13,212,0,0,0,1,0,0,2,1,93.60000000000001,0.0,21.400000000000002,382.1
206,238,207,299,3,2,0,3,1,1,2,1,374.3,430.40000000000003,370.6,541.7
41,348,203,309,1,0,0,3,2,2,3,2,73.3,624.4,362.40000000000003,558.7
213,324,30,57,0,0,1,2,0,1,1,1,383.40000000000003,582.2,54.5,104.60000000000001
219,395,275,60,3,2,2,0,3,1,3,0,395.7,713.0,495.0,108.0
243,305,308,307,2,2,3,2,0,1,1,3,440.40000000000003,551.0,557.9,552.6
51,386,4,359,3,3,0,3,2,0,1,3,94.3,699.3000000000001,6.2,647.7
370,222,374,250,0,0,2,3,1,3,3,2,665.0,396.6,673.2,452.5
67,266,301,231,3,0,3,1,3,2,2,3,122.10000000000001,476.8,544.3000000000001,414.3
381,325,354,220,1,3,3,1,3,1,2,1,684.3000000000001,588.5,639.7,396.5
19,281,314,266,2,1,1,2,2,0,2,1,35.2,507.3,564.7,480.8
210,91,299,270,1,3,1,3,2,2,2,0,377.5,166.3,537.7,490.5
41,102,328,385,1,3,2,1,1,1,2,1,74.3,187.1,591.4,693.5
384,52,21,176,2,0,0,1,0,3,0,0,694.2,90.60000000000001,37.800000000000004,318.3
337,234,282,273,2,1,3,1,1,1,1,1,608.6,421.7,511.1,491.90000000000003
261,252,218,0,3,0,0,1,0,0,1,3,474.3,453.6,391.40000000000003,0.0
286,279,348,315,2,1,2,2,0,2,2,2,517.8000000000001,501.7,627.4,568.0
46,388,307,53,3,3,2,1,0,2,3,2,87.3,700.9,552.6,94.9
337,357,383,204,0,0,2,3,1,1,0,0,605.6,641.6,692.4,371.7
22,28,214,47,0,1,1,3,1,3,3,1,38.6,48.9,383.7,88.10000000000001
389,366,341,59,1,0,1,3,2,0,3,0,699.7,658.8000000000001,612.3000000000001,110.7
221,226,292,217,1,1,0,0,1,0,0,2,398.3,408.3,525.6,388.6
368,235,206,278,2,2,3,1,1,1,0,1,664.4,425.0,375.3,500.90000000000003
271,295,227,346,2,3,2,1,3,0,3,0,487.8,535.5,408.6,624.3000000000001
27,269,58,15,2,3,1,1,0,2,1,3,51.6,486.7,104.9,25.5
202,370,353,222,3,2,0,1,2,3,3,3,366.1,666.0,632.4,398.1
243,245,386,387,0,1,0,1,2,2,2,2,435.40000000000003,440.5,692.8000000000001,696.1
45,230,62,30,0,1,2,0,1,3,2,3,80.0,412.5,112.60000000000001,51.0
218,281,212,290,3,0,3,0,3,1,2,3,393.90000000000003,504.8,384.1,519.0
340,331,382,368,1,3,3,0,1,1,1,3,612.5,599.3000000000001,691.1,659.4
155,361,15,225,3,2,1,3,3,3,2,3,280.5,649.8000000000001,26.5,406.5
308,203,64,233,3,0,1,2,1,2,2,3,557.9,363.40000000000003,114.7,419.40000000000003
273,26,52,323,2,3,3,1,0,3,1,2,494.40000000000003,48.300000000000004,97.10000000000001,580.9
290,208,270,324,1,1,1,1,3,0,1,2,520.5,375.90000000000003,486.5,582.7
235,296,4,339,1,0,2,2,0,2,0,2,424.5,530.8000000000001,10.2,611.2
208,367,208,194,0,1,1,2,3,2,2,0,371.40000000000003,660.1,373.90000000000003,352.2
0,7,251,337,0,1,0,1,1,2,0,2,0.0,12.1,451.8,606.1
315,227,365,381,1,3,1,0,2,0,0,1,566.5,413.1,658.5,684.8000000000001
58,301,17,334,2,1,3,1,3,0,1,0,104.4,543.3000000000001,34.1,602.7
233,388,58,330,0,3,2,3,1,0,0,2,418.40000000000003,702.9,107.4,596.5
215,305,393,289,2,2,3,1,0,2,3,2,390.0,550.0,708.9,519.7
397,131,352,262,3,1,1,0,3,2,2,1,716.1,235.3,633.1,470.6
43,99,208,15,2,3,1,0,3,1,0,2,77.4,181.70000000000002,375.90000000000003,25.0
274,207,307,12,0,0,3,0,2,3,1,0,491.2,369.6,556.1,21.6
334,62,212,60,2,3,2,3,0,0,0,0,604.2,116.10000000000001,384.6,112.5
307,309,102,203,1,1,3,0,0,2,2,3,554.1,555.7,186.1,362.40000000000003
284,276,284,234,1,3,0,1,1,1,0,2,511.70000000000005,500.3,511.2,420.7
368,53,4,55,0,3,2,2,0,0,3,0,662.4,99.9,7.199999999999999,102.0
385,383,324,207,0,0,2,3,2,2,3,0,691.0,687.4,583.2,377.1
63,224,42,47,1,0,1,0,3,0,2,0,111.9,403.2,75.10000000000001,84.60000000000001
249,291,248,4,2,1,0,0,1,1,1,0,450.2,524.3000000000001,445.40000000000003,7.2
339,4,278,360,0,1,1,1,2,0,0,2,608.2,8.7,501.90000000000003,647.5
49,46,361,11,1,1,2,1,3,3,0,2,86.7,81.3,652.8000000000001,19.3
14,62,238,45,1,1,0,3,1,3,0,0,25.7,110.10000000000001,428.40000000000003,85.5
389,377,41,258,3,1,0,0,2,3,3,0,702.7,677.1,70.8,464.40000000000003
336,42,295,91,0,3,0,2,1,3,1,3,603.8000000000001,77.10000000000001,530.0,163.8
236,336,312,360,2,1,3,2,0,2,2,0,427.8,604.3000000000001,564.1,651.0
0,12,28,388,3,1,2,1,1,1,2,3,0.0,22.1,51.4,696.9
33,325,53,68,1,0,3,3,1,2,2,0,59.9,583.0,97.9,126.9
63,254,294,62,3,2,1,0,2,1,2,3,115.9,459.2,528.7,108.60000000000001
334,215,261,46,3,0,0,0,0,3,3,3,605.7,384.0,466.8,79.8
210,293,212,310,2,2,0,2,2,1,3,1,379.0,529.4,378.6,560.0
66,11,51,245,1,3,1,0,1,0,3,1,119.3,24.3,90.3,440.0
234,206,248,214,3,0,2,1,1,0,1,1,424.7,370.8,448.40000000000003,385.7
186,247,40,60,1,2,3,0,1,2,2,3,335.3,445.6,74.5,105.0
48,41,9,321,2,1,0,3,2,3,3,3,87.4,72.3,13.2,579.3000000000001
329,57,54,160,3,0,2,3,1,1,0,2,595.7,101.60000000000001,100.2,290.5
41,215,296,282,3,0,1,3,3,1,2,1,75.3,386.0,532.3000000000001,511.1
154,100,52,293,3,2,0,2,2,3,3,2,279.7,180.0,90.60000000000001,528.4
371,356,249,15,1,2,0,3,2,3,2,0,667.3000000000001,640.8000000000001,446.2,31.5
322,393,319,238,1,2,1,2,1,0,1,3,580.1,710.4,574.7,428.40000000000003
346,216,367,341,1,2,1,2,1,0,3,3,623.3000000000001,391.8,659.1,613.8000000000001
252,10,42,241,2,2,1,0,3,1,2,0,453.6,20.0,75.10000000000001,433.8
339,51,261,248,0,1,1,3,0,1,1,1,610.2,92.3,470.3,449.90000000000003
11,380,10,176,2,3,3,2,2,2,3,3,20.8,686.5,19.5,316.8
326,68,50,54,3,2,0,0,1,1,1,0,590.3000000000001,124.4,89.0,97.2
298,387,283,379,2,1,1,2,2,2,1,3,537.4,696.1,509.90000000000003,682.2
316,289,44,331,3,1,2,1,0,0,3,3,573.3000000000001,521.7,79.2,594.3000000000001
225,279,265,362,0,2,2,2,2,3,3,2,403.0,502.2,477.0,652.6
230,250,106,108,3,0,2,3,0,1,1,1,418.5,449.0,192.8,197.9
353,352,303,210,0,2,3,2,0,0,1,0,635.4,636.6,548.9,381.0
100,348,219,50,1,3,2,1,0,2,2,3,181.5,628.9,395.2,88.5
239,210,376,391,0,1,2,2,0,1,0,3,430.2,378.5,679.8000000000001,703.8000000000001
236,260,216,393,3,1,2,2,0,1,1,0,429.3,468.5,390.8,710.4
234,47,269,248,0,1,2,1,3,3,3,1,418.2,83.10000000000001,484.2,446.90000000000003
269,111,328,14,3,3,1,3,2,3,1,2,486.7,201.3,590.9,27.7
10,382,67,91,0,0,0,1,2,3,2,0,16.0,684.6,118.60000000000001,165.3
13,348,325,233,2,2,1,3,3,3,0,0,23.400000000000002,626.4,586.5,423.90000000000003
265,9,311,227,2,0,1,1,3,1,3,2,477.0,15.2,558.3000000000001,408.1
357,130,339,214,1,3,1,1,3,2,2,1,641.1,236.5,609.7,385.7
338,212,252,343,1,3,3,1,1,3,3,3,608.9,383.1,455.1,615.9
50,319,232,238,2,2,3,0,3,0,1,1,90.0,577.2,421.1,427.40000000000003
374,284,158,54,2,2,3,2,2,3,1,3,674.2,511.20000000000005,287.90000000000003,97.2
209,302,243,307,0,2,1,3,3,0,1,2,373.2,546.6,437.90000000000003,555.1
376,297,25,86,0,0,3,2,1,2,2,3,675.8000000000001,532.6,47.5,154.8
30,305,19,0,3,3,1,0,1,3,0,1,57.5,550.5,35.7,0.0
296,228,260,222,0,2,0,0,0,1,3,0,532.8000000000001,412.40000000000003,465.0,399.6
229,44,192,179,2,3,2,1,3,2,2,2,412.2,81.7,346.6,321.7
386,377,49,338,1,0,1,2,1,1,2,2,695.3000000000001,677.6,87.7,609.4
392,332,255,393,1,3,1,3,3,1,2,2,704.1,601.1,458.5,709.9
398,59,49,18,1,0,2,1,1,1,0,0,716.9,105.2,91.2,33.9
222,382,290,65,3,1,3,0,2,0,0,3,402.1,689.1,526.5,114.0
206,214,171,296,0,2,0,0,0,2,1,3,370.8,386.2,306.8,529.8000000000001
208,292,318,355,0,1,3,2,0,1,0,1,374.40000000000003,526.1,576.9,641.0
237,22,215,42,0,2,1,0,0,0,3,2,426.6,42.6,385.5,73.60000000000001
332,376,235,117,1,2,0,2,1,0,0,3,598.1,679.8000000000001,423.0,210.6
132,243,271,374,1,2,1,2,0,3,3,1,239.1,437.40000000000003,486.3,675.2
298,43,30,55,0,1,2,3,1,0,3,1,535.4,78.9,54.0,102.5
339,262,46,59,1,2,3,2,0,1,1,3,611.7,473.6,86.3,106.2
320,26,53,318,3,1,2,2,3,1,3,1,577.5,47.300000000000004,95.4,574.4
50,25,337,13,2,0,2,0,0,2,3,3,93.0,43.0,606.6,20.400000000000002
226,235,287,301,0,2,3,0,3,0,1,1,403.8,426.0,520.1,540.8000000000001
24,10,19,304,0,2,0,3,3,3,3,2,40.2,18.0,31.200000000000003,549.7
56,381,2,30,3,2,2,2,0,0,0,2,105.3,688.8000000000001,6.6,55.0
111,341,290,14,0,2,2,2,3,1,2,3,196.8,615.8000000000001,523.0,25.2
337,273,253,225,1,3,0,1,2,2,0,2,606.1,493.90000000000003,455.40000000000003,404.5
40,183,343,34,2,3,0,3,2,2,2,2,73.0,331.90000000000003,615.4,63.7
321,40,62,98,0,1,0,1,1,1,1,2,576.8000000000001,72.5,110.60000000000001,175.9
298,287,233,269,1,3,1,2,0,0,2,0,537.9,521.1,418.90000000000003,487.2
382,317,209,393,2,2,2,0,0,2,2,0,690.6,571.6,377.2,707.4
1,317,44,238,1,2,2,0,2,1,1,1,1.2999999999999998,572.6,81.2,427.40000000000003
215,53,241,367,0,2,1,2,1,3,1,0,386.0,95.4,434.3,663.6
22,321,105,324,1,2,3,1,1,2,2,3,40.1,578.8000000000001,191.5,581.7
7,103,273,60,2,3,0,3,2,3,2,1,13.6,186.9,489.40000000000003,111.5
334,376,241,224,0,3,3,0,1,2,1,3,600.2,679.3000000000001,437.3,400.2
295,398,316,280,1,3,0,2,2,2,3,2,530.5,718.9,565.8000000000001,505.0
293,286,37,27,2,1,2,0,3,0,3,0,527.4,516.3000000000001,66.60000000000001,48.6
392,63,224,299,0,1,0,1,3,1,3,1,702.6,113.9,400.2,538.7
318,368,312,233,1,3,1,1,0,3,3,3,573.9,663.9,560.1,417.90000000000003
60,325,60,60,2,1,3,1,3,3,0,3,108.0,583.5,112.5,106.5
256,257,321,70,3,1,3,2,3,3,3,3,462.3,461.1,579.3000000000001,126.0
47,48,397,332,1,0,3,3,1,3,3,2,85.10000000000001,83.4,716.1,600.1
252,20,272,362,3,2,3,0,2,0,0,2,456.1,39.0,494.1,649.6
209,40,368,381,3,1,0,2,2,1,1,0,378.7,72.5,661.4,688.8000000000001
236,44,307,222,0,2,1,3,3,2,3,3,421.8,80.2,551.1,401.1
289,30,337,242,1,2,3,1,1,2,1,2,520.7,55.0,610.1,435.1
247,326,391,371,1,3,0,2,0,3,3,0,446.1,588.3000000000001,700.8000000000001,670.8000000000001
17,258,194,13,2,0,1,1,3,2,1,0,30.6,462.40000000000003,349.7,24.900000000000002
10,37,326,59,3,0,2,1,0,3,1,3,22.5,63.60000000000001,588.8000000000001,104.7
250,394,272,87,3,1,1,1,3,0,3,2,451.5,710.7,488.1,156.1
44,40,263,352,2,0,2,0,3,1,2,1,79.2,71.0,474.40000000000003,632.6
226,203,205,300,2,1,3,3,2,0,1,2,407.8,366.90000000000003,372.5,542.5
358,261,264,240,2,0,1,1,2,2,2,0,645.4,467.8,474.7,433.5
356,396,50,193,0,3,3,0,0,1,2,3,640.8000000000001,716.3000000000001,92.5,344.40000000000003
219,271,62,378,3,1,1,1,2,1,2,0,396.7,488.3,111.10000000000001,681.9
70,341,263,87,0,0,3,2,0,0,0,1,126.0,613.8000000000001,477.90000000000003,158.6
24,44,285,260,3,3,3,0,2,2,1,2,45.7,81.7,516.5,466.0
275,280,310,279,1,3,2,2,2,2,3,3,494.5,506.5,558.0,502.2
267,31,71,202,2,3,0,3,0,2,1,1,483.6,58.300000000000004,126.8,367.1
186,43,83,336,2,3,0,2,0,0,2,1,337.8,81.9,147.4,606.8000000000001
367,283,396,261,0,2,0,3,1,2,2,0,659.6,510.4000000000001,710.8000000000001,474.3
220,49,177,4,3,1,1,2,0,2,0,2,400.5,87.7,320.1,8.2
390,396,154,276,1,1,3,3,3,2,3,1,700.5,712.3000000000001,278.7,500.3
24,39,320,34,0,1,0,0,0,0,2,3,43.2,71.7,574.0,58.2
253,221,385,226,1,2,2,1,2,2,2,3,454.90000000000003,398.8,694.0,405.3
255,388,355,12,1,2,3,1,3,0,0,3,457.5,701.4,643.5,20.1
37,60,68,216,3,2,2,1,2,2,3,2,69.10000000000001,109.0,122.4,388.3
385,393,295,370,2,1,3,1,3,0,1,1,693.0,708.9,534.5,666.5
311,59,43,216,3,1,3,0,1,2,0,2,563.3000000000001,105.7,81.9,386.8
321,256,354,33,1,3,1,1,3,2,2,2,576.3000000000001,463.3,636.7,58.9
73,43,251,23,1,1,2,1,1,1,3,3,131.9,77.9,451.8,39.9
241,335,362,51,3,1,3,3,2,3,0,2,436.3,601.5,656.1,94.3
85,242,17,36,2,2,2,3,1,1,3,0,155.0,437.6,30.6,69.3
388,293,236,378,0,0,3,0,0,2,1,0,698.4,525.4,428.3,680.4
331,68,62,330,0,2,0,0,2,2,3,0,593.8000000000001,123.4,108.60000000000001,594.0
340,26,285,324,0,3,3,2,2,3,0,2,610.0,48.300000000000004,517.5,584.2
315,259,252,329,3,3,0,0,3,1,0,0,568.5,469.7,453.6,592.2
169,52,241,279,3,3,3,0,0,3,1,0,308.7,95.10000000000001,437.3,502.2
219,30,285,36,2,2,3,3,2,1,0,1,395.2,56.0,517.5,68.3
332,14,202,274,3,3,3,0,1,1,0,2,601.1,28.7,368.1,491.2
300,350,68,23,1,3,1,1,1,2,2,3,540.5,632.5,121.9,39.9
245,41,343,51,3,3,2,1,2,0,2,3,443.5,78.3,618.4,90.3
138,59,366,45,0,1,2,2,2,2,0,1,246.4,105.7,661.8000000000001,83.0
294,244,34,325,2,1,1,1,1,2,3,2,531.2,438.7,59.7,584.5
222,188,257,373,0,0,3,1,1,2,0,1,398.6,336.40000000000003,467.1,671.9
210,93,0,53,0,3,3,1,1,1,3,2,377.0,170.9,0.0,94.9
349,319,234,372,2,0,0,2,3,3,3,3,628.2,571.2,418.2,669.6
280,255,370,385,1,2,1,0,3,0,2,0,502.5,462.0,665.5,693.0
41,41,253,349,3,0,2,2,3,1,0,3,75.3,72.8,458.40000000000003,628.2
2,305,359,321,1,0,1,1,0,2,3,1,5.1,547.0,644.7,578.3000000000001
391,235,218,247,1,1,3,2,2,2,1,3,703.3000000000001,422.5,395.90000000000003,444.6
36,188,348,58,0,2,2,0,0,1,2,1,64.8,340.40000000000003,627.4,103.4
393,226,27,58,2,2,2,3,2,2,3,1,708.4,407.8,48.6,107.9
295,332,253,288,0,0,0,1,2,3,1,2,529.0,594.6,454.40000000000003,517.9
355,130,271,383,3,0,3,2,3,2,2,1,640.5,232.0,490.3,691.4
217,260,367,245,3,0,0,1,1,0,0,3,394.1,468.0,660.6,439.5
12,51,150,331,1,3,1,0,3,1,3,0,20.1,95.3,268.5,595.8000000000001
378,304,245,226,1,2,2,2,2,2,1,1,679.9,548.2,443.0,408.8
350,344,4,284,1,1,1,3,3,2,1,3,628.5,618.7,7.699999999999999,512.7
278,262,256,400,2,0,2,3,2,0,2,1,501.40000000000003,471.6,461.8,723.5
10,35,383,21,2,3,0,0,2,1,0,0,19.0,66.5,689.4,37.800000000000004
14,47,320,278,0,2,1,0,0,1,3,1,25.2,86.60000000000001,574.5,499.40000000000003
380,198,219,209,3,0,0,1,0,0,3,3,688.5,356.40000000000003,391.2,374.7
228,211,4,198,3,2,2,2,1,1,3,0,413.90000000000003,381.8,7.199999999999999,359.40000000000003
383,58,12,13,0,0,3,1,3,0,2,2,686.4,104.4,24.1,22.900000000000002
371,32,6,370,3,3,1,2,0,3,3,3,672.3000000000001,59.1,9.3,666.0
40,384,65,12,0,1,3,2,0,0,2,2,72.0,692.7,119.5,22.6
48,252,70,53,1,0,3,2,0,0,0,1,87.9,453.6,130.5,97.4
285,377,255,386,2,3,2,0,2,1,0,1,514.0,682.1,462.0,693.8000000000001
49,345,50,201,3,3,3,1,2,2,0,0,90.7,623.5,94.5,363.3
44,11,89,365,1,1,2,0,3,3,0,3,77.7,18.3,163.20000000000002,654.0
362,282,266,389,0,1,2,2,2,2,0,0,649.6,507.1,481.8,703.2
327,5,367,320,0,3,1,2,3,3,3,1,585.6,10.5,659.1,578.0
296,201,270,325,2,2,1,1,1,2,3,0,534.8000000000001,362.8,484.5,586.5
53,263,199,19,0,3,3,0,1,3,2,0,94.4,474.90000000000003,360.7,34.2
315,351,4,26,2,2,2,3,1,3,0,0,569.0,631.8000000000001,10.2,51.300000000000004
296,364,325,366,1,0,2,2,3,2,1,3,531.3000000000001,653.2,587.0,658.8000000000001
20,34,57,221,3,3,2,3,2,3,3,0,38.5,62.7,102.60000000000001,402.3
254,290,358,354,3,3,0,1,3,3,0,3,458.7,523.5,644.4,635.7
327,247,399,350,3,3,3,0,2,1,3,0,591.1,448.1,719.7,630.0
346,38,297,232,2,2,2,2,3,0,2,1,622.8000000000001,71.4,535.6,419.6
223,13,45,355,2,1,0,3,2,3,2,3,402.40000000000003,21.900000000000002,79.0,640.5
375,400,268,19,2,2,0,1,3,1,2,2,675.0,722.0,480.40000000000003,33.7
202,392,32,34,3,3,1,1,1,2,0,3,367.1,708.1,59.1,59.7
312,231,387,321,0,2,2,1,1,0,0,2,560.6,418.8,699.6,577.3000000000001
162,151,192,276,2,3,0,2,1,2,1,1,293.6,274.3,344.6,498.8
12,211,9,41,1,0,0,2,0,2,3,3,23.1,377.8,13.2,73.8
377,311,363,253,3,3,2,3,0,1,1,3,683.1,563.3000000000001,655.4,456.90000000000003
280,37,44,26,2,1,1,1,3,1,3,1,504.0,67.10000000000001,77.7,47.300000000000004
1,48,250,42,2,3,0,2,1,3,3,1,3.8,87.9,447.0,77.60000000000001
59,41,272,2,2,0,3,2,1,1,2,0,108.2,72.8,492.1,6.6
64,52,220,0,0,0,3,2,3,1,2,3,112.2,92.60000000000001,398.5,0.0
399,61,378,349,0,0,1,2,0,2,3,3,718.2,107.8,678.9,628.2
34,356,46,326,3,2,3,3,1,0,0,3,64.7,643.8000000000001,87.3,588.3000000000001
206,284,293,362,3,2,3,2,3,3,3,2,372.3,511.20000000000005,528.9,652.6
27,281,248,333,3,3,2,2,3,3,0,0,50.1,507.3,449.40000000000003,602.4
329,378,291,56,0,3,3,1,1,2,1,2,591.2,682.9,527.3000000000001,100.3
346,386,288,259,0,2,0,1,2,1,2,3,620.8000000000001,696.8000000000001,516.4,464.7
350,228,351,334,3,1,1,2,1,0,0,1,633.5,411.90000000000003,633.3000000000001,603.2
300,280,23,348,0,2,1,3,0,3,1,1,540.0,504.0,41.9,629.9
234,340,327,316,2,0,2,2,2,2,3,1,422.2,610.0,588.6,570.8000000000001
298,245,35,4,1,2,3,2,2,1,1,2,535.9,443.0,66.5,8.2
385,289,132,385,0,1,1,0,1,1,1,0,692.0,520.7,238.1,693.0
2,360,48,24,2,1,0,1,1,2,3,2,5.6,647.5,83.4,42.7
352,202,106,394,1,2,0,3,3,0,2,3,632.1,366.6,188.8,710.7
274,62,32,373,2,1,0,1,3,0,2,3,493.2,113.10000000000001,55.6,669.9
203,165,379,43,2,2,1,2,0,0,3,2,368.40000000000003,300.0,680.7,78.4
31,68,360,135,3,2,2,0,2,1,0,3,58.300000000000004,124.4,651.0,240.0
240,353,313,243,3,1,3,2,0,1,2,3,436.5,635.9,565.9,437.40000000000003
108,330,320,49,0,2,1,1,0,3,3,0,194.4,594.0,574.5,89.7
245,280,315,68,1,3,3,3,0,0,2,3,442.5,508.5,569.5,123.9
345,341,252,378,1,1,2,2,1,3,2,3,621.5,612.3000000000001,454.6,680.4
30,8,310,93,1,1,2,3,1,2,0,2,54.5,13.9,561.0,169.9
348,33,75,26,2,1,2,3,2,1,0,2,627.4,59.9,138.0,49.300000000000004
68,227,254,309,3,1,3,3,0,0,3,0,126.9,410.1,458.7,560.7
246,29,246,345,1,1,2,2,1,2,0,3,443.3,51.7,445.8,621.0
311,398,222,399,3,0,1,0,3,1,0,0,561.3000000000001,715.4,401.1,718.2
64,18,208,32,2,2,1,0,1,2,0,2,117.2,33.4,375.90000000000003,55.6
51,35,361,54,1,3,3,1,0,2,2,2,93.3,65.5,652.3000000000001,96.7
234,268,285,276,0,3,3,1,0,3,3,0,421.2,483.90000000000003,514.5,498.3
70,217,204,203,1,2,3,1,2,2,0,1,125.5,391.6,371.7,365.90000000000003
16,18,366,363,0,1,2,3,0,0,0,0,28.8,33.9,661.8000000000001,657.9
22,15,267,27,3,2,3,3,2,1,3,1,42.1,29.0,482.1,52.1
273,263,220,130,3,3,1,1,2,2,2,0,493.90000000000003,475.90000000000003,395.5,235.5
63,29,56,317,0,1,2,2,1,1,3,3,112.4,52.7,100.8,570.6
302,66,127,226,1,0,3,0,2,3,1,1,543.1,115.8,232.1,405.8
132,67,73,304,2,1,1,3,1,0,0,3,239.6,122.10000000000001,132.9,548.7
360,285,23,338,0,1,0,3,3,2,0,1,645.0,512.5,41.4,611.9
332,241,336,203,2,2,3,2,0,2,0,1,600.6,434.8,609.3000000000001,367.40000000000003
94,250,19,47,0,2,0,3,2,2,3,3,167.20000000000002,451.0,31.200000000000003,86.10000000000001
253,360,236,127,3,2,3,3,1,0,3,2,458.90000000000003,651.0,426.3,231.1
217,306,201,294,3,3,1,0,1,3,3,1,394.1,552.3000000000001,360.3,528.2
40,53,56,208,3,2,0,1,2,3,3,1,74.5,95.4,97.8,374.90000000000003
355,138,293,54,3,2,2,2,2,2,0,3,641.5,249.4,530.4,97.2
50,13,64,392,2,1,2,0,2,2,0,2,91.0,22.900000000000002,118.2,703.6
317,373,68,237,2,3,1,2,1,1,2,0,572.6,674.9,121.9,429.6
351,130,393,62,2,3,3,3,1,3,2,3,633.8000000000001,235.5,709.9,113.10000000000001
153,217,21,15,1,1,0,2,3,1,2,0,273.90000000000003,391.1,35.800000000000004,30.0
6,369,370,101,1,0,1,1,3,3,3,0,9.3,661.2,664.5,183.3
164,330,279,339,1,0,0,2,0,0,2,0,296.7,594.0,500.2,613.2
297,364,295,334,2,3,0,2,2,2,0,2,535.6,657.7,531.0,602.2
393,2,31,85,0,2,3,0,0,2,3,1,707.4,4.6,57.300000000000004,152.0
56,59,253,7,0,1,0,0,2,2,3,0,98.8,105.7,452.40000000000003,12.6
296,309,11,398,2,2,0,0,3,2,2,1,532.8000000000001,557.2,17.8,715.4
287,208,399,19,3,3,2,2,0,1,0,0,521.1,377.90000000000003,721.2,37.2
5,270,293,357,0,3,3,3,2,3,0,1,7.0,487.5,531.9,646.1
201,394,203,213,1,2,2,1,0,3,3,2,363.3,709.2,365.40000000000003,382.90000000000003
14,29,8,379,3,1,0,1,2,0,0,2,27.7,53.7,14.4,681.7
252,307,341,346,1,2,2,0,2,0,1,1,453.1,555.6,615.8000000000001,621.8000000000001
32,67,385,212,1,0,0,0,2,1,3,1,57.1,119.60000000000001,690.0,380.6
189,319,102,13,3,3,3,1,3,1,3,0,341.7,577.7,185.1,24.900000000000002
55,374,214,203,3,0,3,2,2,2,0,0,101.5,671.2,389.7,368.40000000000003
376,389,25,316,1,3,1,2,0,1,2,3,678.3000000000001,703.7,44.5,568.8000000000001
16,27,331,297,2,2,3,0,0,0,2,2,31.8,51.6,598.3000000000001,532.6
343,311,204,266,2,2,0,0,0,3,2,0,620.4,559.8000000000001,365.2,478.8
269,364,275,345,0,2,0,3,0,3,0,3,484.2,655.2,495.0,622.5
279,235,340,354,0,1,0,1,2,1,0,2,500.2,423.5,612.0,636.7
253,314,69,241,0,1,2,2,0,3,1,2,455.40000000000003,563.7,126.2,434.8
203,340,338,265,3,2,3,3,0,3,1,2,369.90000000000003,612.0,611.9,479.5
54,318,20,53,1,2,0,0,2,1,2,2,96.7,574.4,34.0,93.4
35,46,335,38,0,2,0,2,0,3,1,2,63.0,82.8,602.0,69.4
355,397,5,251,0,1,0,2,1,3,1,0,638.0,713.1,8.0,454.8
270,102,27,42,2,2,0,0,2,0,2,3,487.0,186.6,46.6,72.60000000000001
9,242,183,303,3,0,1,1,0,0,3,3,20.7,435.6,327.90000000000003,543.9
236,298,221,326,0,2,0,1,1,0,2,2,423.8,539.4,395.8,586.3000000000001
332,291,254,394,2,0,1,0,0,0,2,1,600.6,523.8000000000001,456.7,708.2
65,326,287,381,0,1,2,1,2,0,2,2,115.0,588.3000000000001,517.6,685.3000000000001
265,324,52,39,1,1,0,3,3,0,2,3,475.5,584.7,91.60000000000001,71.7
243,337,13,394,2,0,2,1,3,0,3,2,437.40000000000003,606.6,23.400000000000002,708.7
258,349,302,332,0,3,2,1,3,1,0,1,461.40000000000003,631.7,546.6,598.1
214,342,302,275,3,3,3,2,2,2,2,1,387.7,618.1,546.1,497.0
280,252,68,289,1,2,1,2,1,1,1,0,504.5,455.6,122.9,523.2
288,263,206,394,3,3,2,2,3,0,1,0,519.9,477.90000000000003,372.8,712.2
274,1,332,324,1,3,0,2,2,3,2,3,492.7,3.3,595.6,583.2
244,225,292,102,2,3,3,0,3,2,1,3,439.2,407.5,529.1,180.6
227,67,1,46,1,2,3,1,1,0,2,0,409.1,123.60000000000001,4.3,84.3
69,42,238,227,1,1,2,2,2,2,3,3,123.7,75.10000000000001,428.40000000000003,408.6
329,91,51,25,2,1,1,1,3,0,2,0,592.2,165.3,91.3,46.5
26,248,307,361,0,3,1,2,0,3,1,3,46.800000000000004,447.90000000000003,553.1,649.8000000000001
37,357,209,389,1,3,3,2,3,2,0,1,65.10000000000001,645.1,380.7,702.2
202,334,62,221,2,1,1,0,2,3,3,1,364.6,599.7,110.10000000000001,396.8
3,59,387,3,3,1,0,2,0,0,1,2,9.9,107.7,695.6,6.4
343,65,153,8,1,3,1,3,0,0,3,1,618.9,121.5,273.90000000000003,17.9
399,281,259,224,0,2,1,0,2,0,0,0,716.2,508.8,467.7,403.2
337,64,177,5,2,3,0,0,1,1,0,1,608.6,118.7,318.6,8.0
202,327,291,62,3,3,1,1,1,1,3,0,367.1,592.1,522.3000000000001,113.10000000000001
294,55,356,369,0,0,0,2,1,1,1,3,528.2,98.0,639.8000000000001,664.2
59,67,170,397,0,3,1,3,3,2,0,0,103.2,123.10000000000001,307.5,719.1
275,257,228,174,2,3,3,1,2,0,2,1,496.0,467.1,412.90000000000003,313.7
67,336,123,332,1,1,0,3,2,2,2,3,120.10000000000001,604.3000000000001,219.4,599.1
327,96,37,301,0,1,0,0,3,3,3,2,585.6,171.3,63.60000000000001,539.8000000000001
342,329,5,366,1,2,2,2,3,3,2,1,614.1,592.2,10.0,660.8000000000001
342,26,397,98,3,0,2,0,0,2,2,2,620.1,44.800000000000004,715.6,174.4
69,83,226,21,2,2,1,3,3,1,0,3,124.2,151.4,408.3,39.300000000000004
51,50,342,46,1,3,1,1,0,2,1,2,93.3,92.5,616.1,82.3
36,60,279,388,3,1,1,2,0,0,3,0,69.3,109.5,500.7,701.4
133,393,4,57,2,1,0,3,3,0,1,0,239.4,708.9,6.2,107.10000000000001
313,365,358,252,2,0,1,2,1,2,0,0,565.4,655.0,645.9,456.6
81,59,25,317,3,1,0,0,2,0,2,0,148.3,107.7,43.0,570.6
327,275,347,394,2,0,3,0,3,2,2,3,588.6,493.0,627.1,706.2
257,20,27,305,3,2,2,1,2,2,0,1,465.1,37.0,51.6,549.5
47,56,4,385,3,1,1,1,0,1,0,0,89.10000000000001,101.3,8.7,694.5
294,269,53,264,0,3,1,3,3,0,3,1,526.2,488.7,93.9,478.7
356,231,292,237,1,2,0,0,0,2,1,0,642.3000000000001,416.8,524.6,426.6
336,236,31,378,3,1,3,0,2,1,3,0,607.3000000000001,425.3,57.300000000000004,680.4
66,18,314,9,2,3,2,2,2,2,2,2,119.8,34.9,566.2,17.2
325,54,212,288,2,0,0,0,2,1,1,3,586.0,96.2,380.6,515.4
292,394,327,28,1,1,3,2,3,1,1,0,524.1,709.7,592.1,53.4
351,267,210,364,3,2,1,3,3,2,3,2,633.3000000000001,481.6,376.5,657.7
227,50,334,44,1,3,1,2,3,1,1,3,407.1,93.5,601.7,79.2
291,288,365,318,2,1,2,0,0,2,0,0,526.8000000000001,517.9,660.0,572.4
4,30,19,356,0,0,0,0,2,1,2,2,5.2,53.0,32.2,638.8000000000001
11,14,30,360,2,1,1,3,0,3,0,2,22.8,23.7,55.5,650.5
303,382,352,348,2,0,1,2,0,2,0,0,548.4,685.6,635.1,629.4
346,217,14,347,2,0,2,1,2,2,2,0,623.8000000000001,388.6,26.2,626.1
70,338,358,0,2,3,1,3,1,3,1,1,128.0,609.9,644.9,0.0
26,106,244,23,3,2,3,0,2,0,0,1,49.300000000000004,193.8,443.7,40.4
210,283,313,317,3,3,2,3,1,2,0,3,381.5,511.9000000000001,566.4,572.1
320,294,337,28,2,2,3,3,0,0,2,1,579.0,532.2,609.1,53.9
225,209,46,317,2,2,0,0,2,0,3,3,406.0,379.2,79.8,567.6
4,319,4,31,2,1,1,2,3,1,2,2,7.199999999999999,574.7,6.699999999999999,56.800000000000004
13,292,9,122,3,2,1,1,2,2,3,1,25.900000000000002,526.6,14.7,220.1
27,218,24,61,0,2,2,3,2,1,0,2,46.6,394.40000000000003,46.2,112.3
290,295,54,219,3,3,1,3,0,2,1,0,526.5,533.5,97.7,398.7
30,313,37,24,2,1,3,1,2,2,3,1,55.0,562.9,68.10000000000001,43.7
315,233,271,215,0,1,1,3,1,1,2,3,566.0,419.90000000000003,487.3,388.5
297,32,362,215,0,3,0,2,0,3,1,1,534.6,59.1,650.6,389.0
231,355,391,294,1,1,3,0,1,1,2,3,416.3,639.5,706.3000000000001,526.2
42,396,170,54,2,2,3,1,2,0,0,3,76.60000000000001,715.8000000000001,310.5,95.7
29,312,30,159,2,3,0,3,0,3,3,2,55.2,563.1,51.0,288.7
268,2,328,290,3,2,1,3,0,1,2,0,486.90000000000003,5.6,589.9,526.5
1,339,178,3,1,3,3,3,0,3,0,1,3.3,611.7,324.90000000000003,8.9
15,396,80,317,0,1,1,1,0,1,1,0,27.0,713.3000000000001,144.5,572.1
11,15,1,292,1,1,1,3,1,2,1,1,20.3,26.5,2.3,529.1
215,337,23,34,3,2,1,3,0,2,2,2,391.5,607.6,40.9,63.7
307,68,364,250,2,2,3,1,0,2,1,1,555.6,123.4,658.7,450.5
384,371,238,399,1,3,2,0,2,1,2,3,690.7,671.3000000000001,429.40000000000003,715.2
349,48,49,26,0,3,0,1,3,2,2,1,625.2,88.9,86.2,47.300000000000004
3,90,59,392,2,1,2,1,0,2,1,2,8.4,161.5,108.2,705.1
354,355,126,240,2,2,3,1,0,1,2,1,640.2,641.0,229.3,432.5
15,365,267,4,2,2,1,0,0,1,2,3,30.0,659.0,480.1,4.2
272,1,223,2,2,1,0,2,0,1,1,3,492.6,2.3,400.40000000000003,3.5999999999999996
387,26,45,20,0,2,0,3,1,2,0,2,695.6,47.800000000000004,81.0,38.5
323,65,324,57,0,2,3,0,3,1,2,3,578.4,119.0,585.7,99.60000000000001
21,211,44,26,3,1,3,1,0,2,2,1,42.300000000000004,379.3,81.7,47.300000000000004
27,343,48,77,2,2,3,0,3,3,1,3,48.6,617.4,89.9,135.6
33,384,29,53,0,0,1,1,3,0,2,1,56.4,691.2,51.7,95.9
133,63,1,270,1,0,2,3,1,1,3,2,239.9,112.4,1.7999999999999998,488.5
180,371,4,103,1,2,3,2,2,3,2,1,323.5,667.8000000000001,9.7,187.4
271,48,20,111,2,2,0,3,3,2,1,0,487.8,87.4,35.0,204.3
334,303,277,340,2,2,3,0,0,0,2,1,604.2,548.4,501.1,611.0
249,47,17,76,3,0,1,3,1,0,3,3,451.7,84.60000000000001,29.1,138.3
257,384,392,262,3,0,0,3,3,2,3,3,464.1,689.2,702.6,473.1
259,222,285,61,2,0,2,2,1,2,2,3,468.2,397.6,514.0,109.8
388,307,390,394,2,0,0,1,1,3,2,0,700.4,549.6,700.0,710.7
11,328,345,8,2,0,0,2,2,3,0,2,20.8,587.4,621.0,15.399999999999999
333,242,281,225,2,1,1,1,1,3,2,3,601.4,434.1,505.3,403.5
345,362,286,167,1,2,0,0,0,1,0,2,622.5,653.6,514.8000000000001,298.6
293,316,307,254,2,3,0,1,3,3,3,2,527.4,570.3000000000001,549.6,456.7
6,63,166,391,1,2,0,0,0,3,1,0,12.3,113.4,297.8,703.8000000000001
211,397,296,40,0,3,3,3,0,2,2,3,379.8,717.1,535.3000000000001,73.5
244,35,311,30,3,3,2,0,2,2,3,2,441.7,65.5,559.8000000000001,52.0
287,38,274,370,3,3,0,2,2,1,0,1,519.1,71.9,493.2,668.0
14,268,19,8,0,1,3,0,3,3,3,3,22.2,480.90000000000003,35.7,11.4
302,348,40,382,1,2,1,3,1,3,1,3,544.1,626.4,72.5,689.1
380,372,373,389,3,3,3,0,1,0,2,1,687.5,674.1,673.9,699.2
313,21,150,288,2,2,1,3,1,0,3,2,565.4,40.800000000000004,268.5,520.9
372,227,314,298,0,0,2,2,1,1,0,0,668.6,407.6,568.2,539.4
380,14,389,289,2,0,0,2,1,1,0,2,686.0,24.2,700.2,521.2
52,297,3,356,2,3,0,1,2,0,3,1,94.60000000000001,539.1,2.4000000000000004,641.3000000000001
372,37,58,365,0,3,0,3,0,3,1,2,669.6,68.10000000000001,103.4,659.5
34,48,342,179,1,1,0,0,2,2,1,0,60.7,85.9,614.6,322.2
326,287,175,43,1,2,3,2,0,0,2,3,588.3000000000001,519.6,317.5,77.4
31,19,279,239,1,1,0,2,3,0,1,0,54.300000000000004,35.7,501.2,433.2
225,241,222,313,3,3,0,0,2,3,3,2,407.5,435.3,396.6,561.4
70,12,56,332,0,3,3,2,1,1,3,0,125.0,25.1,102.3,600.6
205,41,284,329,1,2,2,0,2,2,2,2,368.5,74.8,512.2,590.2
285,327,247,262,1,3,0,3,3,0,3,0,511.5,593.1,441.6,476.1
306,56,326,363,1,2,3,1,3,1,2,1,549.3000000000001,102.8,589.3000000000001,653.9
18,35,69,283,3,2,3,3,0,3,3,1,36.9,63.0,125.69999999999999,512.9000000000001
323,375,232,88,1,2,2,2,2,2,0,2,580.9,676.0,420.6,159.4
17,204,74,220,2,3,1,1,1,2,3,0,32.6,369.7,131.70000000000002,397.5
291,274,393,260,1,3,1,0,1,2,0,2,524.3000000000001,495.7,708.9,466.0
250,20,90,34,2,1,1,1,0,2,0,1,453.0,35.5,163.5,61.7
49,229,53,52,3,1,0,1,1,2,3,2,91.7,411.7,92.4,93.10000000000001
284,132,271,347,2,0,1,1,3,3,3,3,511.20000000000005,234.6,486.3,623.1
253,293,325,51,3,2,0,3,0,1,0,2,459.90000000000003,529.4,585.0,94.3
286,110,59,264,2,2,3,0,1,0,1,2,516.8000000000001,201.0,109.7,473.2
213,42,3,13,2,0,3,2,1,3,3,2,385.40000000000003,72.60000000000001,6.9,24.400000000000002
0,273,337,249,3,3,3,0,3,3,0,3,0.0,492.90000000000003,611.1,445.2
301,312,13,382,3,3,0,2,1,3,3,1,545.3000000000001,563.1,20.400000000000002,689.6
80,24,290,67,0,1,2,1,1,2,2,3,143.0,42.7,523.0,119.10000000000001
193,22,137,346,1,2,1,1,2,1,2,1,346.90000000000003,41.6,246.1,623.3000000000001
64,238,268,233,3,1,3,0,0,1,3,1,119.7,428.90000000000003,483.90000000000003,418.40000000000003
103,25,285,148,2,0,3,1,1,0,2,1,187.4,45.0,515.5,266.90000000000003
214,309,334,384,3,2,1,1,0,3,3,0,389.7,556.2,599.7,692.7
396,228,161,26,2,1,1,2,0,1,0,3,715.8000000000001,410.90000000000003,291.3,46.800000000000004
371,56,397,234,3,1,1,0,0,2,1,0,672.3000000000001,100.3,715.1,421.2
325,380,15,118,3,1,1,0,3,1,3,2,586.5,684.5,25.5,210.4
373,358,391,332,1,3,1,1,1,0,2,2,671.9,648.9,703.3000000000001,597.1
398,271,4,165,1,3,0,0,2,2,1,0,715.9,490.3,6.2,297.0
264,3,113,342,0,1,0,0,1,2,0,2,474.2,4.9,203.4,613.6
378,381,338,236,2,2,1,1,3,3,2,0,680.4,685.8000000000001,607.9,426.3
143,255,59,198,0,1,2,3,0,1,2,0,257.40000000000003,459.5,107.2,360.90000000000003
301,187,379,33,2,1,0,3,1,0,0,2,543.8000000000001,338.1,682.2,61.9
201,358,288,248,1,3,0,2,2,2,0,3,361.3,646.9,518.4,446.40000000000003
218,228,249,282,3,1,1,3,1,3,2,2,395.90000000000003,408.90000000000003,447.7,510.1
20,307,18,262,3,3,2,1,0,1,1,1,40.5,556.1,34.4,472.1
291,398,205,67,3,1,0,2,2,3,0,3,526.3000000000001,714.9,369.0,120.60000000000001
214,56,310,85,3,1,1,3,0,0,1,0,389.7,102.3,558.5,157.5
258,213,263,269,0,2,3,2,3,3,0,3,461.40000000000003,383.40000000000003,477.90000000000003,484.2
360,229,279,95,1,1,1,2,1,0,3,3,648.5,413.7,500.7,171.0
266,389,38,55,0,2,2,1,2,2,3,2,476.8,701.2,68.4,98.5
313,219,292,319,2,0,3,1,3,3,1,1,563.4,391.2,529.1,574.7
3,49,379,55,3,1,3,3,3,0,1,1,6.9,89.7,685.7,102.5
275,252,298,302,0,3,3,2,3,0,3,1,492.0,458.1,537.9,545.6
29,354,275,385,1,2,3,3,1,3,2,0,52.7,637.2,497.5,697.5
19,386,6,47,1,0,1,1,3,0,0,3,32.7,694.8000000000001,12.3,83.10000000000001
290,35,45,182,0,3,2,0,1,3,0,0,521.0,64.5,84.0,327.6
67,92,113,207,3,2,1,1,3,2,2,3,122.10000000000001,166.6,202.9,371.1
231,269,304,306,3,1,3,2,1,2,1,3,419.3,483.7,550.7,550.8000000000001
23,17,238,384,1,0,0,1,0,1,0,0,42.9,29.6,428.40000000000003,692.7
268,336,387,232,2,1,1,3,3,0,1,2,482.40000000000003,606.3000000000001,697.1,420.1
313,385,31,272,1,1,1,2,1,0,2,0,563.9,694.5,55.300000000000004,492.6
235,20,312,274,2,1,3,1,2,3,1,2,424.0,34.5,565.1,492.7
371,291,314,382,3,2,1,0,1,0,0,1,671.3000000000001,526.8000000000001,566.7,686.6
371,29,63,33,2,1,0,0,2,0,1,1,668.8000000000001,53.7,112.4,58.4
202,313,70,246,3,0,1,1,1,0,3,0,367.1,563.4,124.5,444.3
250,224,61,261,2,2,3,2,1,0,2,1,452.0,406.2,112.3,471.8
65,341,55,369,3,2,2,0,3,3,1,2,118.5,613.8000000000001,101.0,662.2
359,171,360,1,2,2,2,3,1,3,1,3,648.2,307.8,650.0,3.3
4,370,212,307,3,2,0,0,3,3,0,3,8.7,666.0,381.6,549.6
42,46,3,283,1,2,1,1,3,2,2,0,74.10000000000001,83.8,4.9,510.90000000000003
154,22,205,346,1,1,2,2,3,3,3,1,275.7,38.1,369.0,624.8000000000001
320,335,270,213,1,0,0,0,2,3,3,0,575.5,600.0,483.0,383.40000000000003
210,285,237,210,2,3,1,2,1,3,3,3,380.0,514.5,425.1,378.0
266,218,233,63,1,3,2,3,0,0,3,2,480.3,396.90000000000003,419.40000000000003,115.9
274,260,207,300,3,2,0,0,0,3,3,1,497.7,468.0,369.6,539.0
63,236,61,106,1,1,2,2,3,1,0,0,111.9,425.3,112.8,193.8
319,295,37,285,2,1,1,0,1,2,0,0,576.2,530.5,68.10000000000001,513.0
0,385,336,316,0,2,1,3,0,2,0,0,0.0,694.0,606.3000000000001,573.3000000000001
223,212,270,281,0,1,2,1,0,3,1,3,401.40000000000003,380.1,488.0,504.3
98,298,286,396,0,1,1,3,3,0,3,1,173.4,537.9,513.3000000000001,716.3000000000001
14,56,300,28,1,1,0,3,1,3,3,3,25.7,99.3,537.0,51.9
65,93,328,148,2,2,0,0,0,2,0,0,120.0,168.4,590.4,266.40000000000003
370,213,237,209,1,3,0,3,0,1,2,3,667.5,386.90000000000003,424.6,377.7
357,30,10,126,1,3,2,0,0,3,3,3,644.1,55.5,18.0,223.8
131,310,27,300,1,1,1,3,1,0,2,0,236.3,559.5,48.1,544.5
316,305,389,356,3,3,1,0,2,3,0,3,571.3000000000001,550.5,701.7,637.8000000000001
304,362,350,215,2,2,1,1,0,1,3,1,550.2,653.6,628.5,387.5
52,251,340,243,0,1,3,3,3,2,0,0,90.60000000000001,451.3,616.5,441.90000000000003
203,223,283,7,2,3,2,2,0,0,3,1,368.40000000000003,405.90000000000003,509.4000000000001,14.6
217,15,38,12,3,3,2,2,2,3,2,2,393.1,28.5,69.4,22.6
18,6,49,236,1,1,3,2,2,2,2,0,31.9,10.3,90.7,427.8
254,14,348,271,1,3,0,0,3,0,1,3,455.7,29.7,625.4,484.8
292,256,202,45,2,3,2,3,1,1,2,2,527.6,464.3,364.6,83.5
321,320,350,349,2,2,1,3,2,0,0,1,578.8000000000001,579.0,631.5,631.7
333,333,47,222,2,0,1,2,1,0,2,1,601.4,599.4,84.10000000000001,401.6
11,320,227,238,1,3,3,3,0,0,0,2,21.3,580.5,413.1,430.90000000000003
311,211,356,43,3,3,1,0,1,1,0,3,563.3000000000001,383.3,642.3000000000001,74.4
346,388,370,48,3,2,2,0,0,2,2,1,627.3000000000001,699.4,667.0,85.4
314,11,60,37,0,0,1,3,2,3,3,1,563.2,16.8,106.5,70.10000000000001
248,394,338,280,2,0,2,0,3,1,1,2,446.40000000000003,708.2,610.4,502.0
380,310,253,14,3,1,0,3,3,0,0,2,685.5,559.5,455.40000000000003,27.7
209,349,359,217,0,2,2,2,1,2,2,2,375.2,629.2,647.2,391.6
49,259,3,198,1,1,3,3,3,1,1,3,86.7,466.7,8.9,357.90000000000003
318,42,219,20,0,0,2,3,2,1,0,1,570.4,74.60000000000001,397.2,39.5
252,306,280,320,0,2,0,1,0,2,3,0,453.6,551.8000000000001,501.0,577.5
75,40,226,277,0,3,2,0,2,2,1,0,133.0,74.5,408.8,498.6
203,90,49,25,0,3,2,2,2,1,2,3,363.40000000000003,165.5,89.2,45.0
274,244,297,23,2,1,1,3,1,3,0,0,495.2,437.7,536.1,45.9
318,75,10,326,0,2,3,3,3,3,2,2,569.4,135.0,20.5,589.3000000000001
334,292,318,349,3,0,1,3,1,2,0,3,604.7,523.6,573.9,629.7
350,234,6,322,1,0,2,2,2,2,3,0,629.5,419.2,10.8,582.6
325,203,296,272,0,3,3,1,0,0,2,0,585.0,369.90000000000003,535.3000000000001,491.1
49,24,389,397,3,2,3,2,1,3,3,0,91.7,43.2,701.7,717.6
229,360,244,261,3,2,1,0,3,3,0,3,413.7,648.0,440.7,466.8
14,84,35,346,3,3,0,2,1,0,2,2,28.7,155.70000000000002,61.0,623.8000000000001
5,50,34,332,3,2,2,0,1,3,1,3,12.5,90.0,63.2,594.6
284,339,206,386,0,2,0,0,3,1,0,2,508.2,612.2,370.8,692.8000000000001
27,338,266,57,0,3,0,0,0,3,2,2,48.6,609.9,476.8,100.60000000000001
316,0,267,358,2,0,0,1,0,0,0,2,571.8000000000001,0.0,480.6,643.9
346,17,390,258,2,0,1,1,3,3,0,1,622.8000000000001,27.6,703.5,464.90000000000003
252,205,222,308,3,2,2,3,0,0,1,3,458.1,372.0,401.6,555.9
270,307,264,354,3,0,3,3,1,0,3,3,489.5,552.6,476.7,638.7
235,63,270,388,1,3,3,3,3,0,1,1,421.5,117.9,489.5,701.9
60,28,305,8,1,0,1,2,1,1,0,3,108.5,49.4,550.5,14.399999999999999
350,23,56,36,2,1,1,3,2,1,2,1,631.0,41.9,100.3,68.3
278,274,328,359,3,1,1,1,2,1,3,2,502.90000000000003,493.7,588.9,645.7
44,367,55,4,1,3,1,0,1,0,1,3,79.7,665.1,99.5,4.2
335,308,206,218,2,3,2,2,0,2,2,3,606.0,556.9,371.8,392.40000000000003
186,306,71,155,1,2,2,2,0,1,1,0,336.3,552.8000000000001,129.8,282.0
206,392,339,18,0,0,0,2,0,2,2,1,370.8,703.6,608.2,34.4
242,348,326,299,2,3,0,3,3,3,1,2,435.6,627.9,585.8000000000001,540.7
203,200,321,18,0,0,0,2,2,0,0,3,363.40000000000003,360.0,577.8000000000001,32.4
243,58,27,34,1,1,2,0,1,0,3,2,437.90000000000003,105.9,48.6,59.2
1,245,381,345,0,2,0,1,3,2,0,1,0.0,442.0,685.8000000000001,621.5
64,223,30,42,1,1,3,1,1,0,1,0,115.7,402.90000000000003,57.5,77.10000000000001
36,282,214,116,2,1,3,0,3,3,0,0,64.8,506.1,389.7,208.8
398,381,368,237,3,2,2,3,1,0,3,1,719.9,688.8000000000001,662.4,430.1
262,67,238,234,1,3,1,0,1,3,1,2,472.1,122.10000000000001,428.90000000000003,419.2
226,245,374,362,1,0,3,2,3,3,1,3,405.3,438.0,676.7,651.6
329,249,300,377,1,2,2,2,1,2,0,0,592.7,449.2,543.0,681.6
279,325,39,222,3,2,1,3,2,1,1,3,504.7,587.0,70.7,401.1
9,49,66,266,3,1,3,0,3,1,3,1,17.7,88.7,120.3,477.8
61,268,228,353,2,2,3,2,2,1,1,2,110.8,484.40000000000003,413.90000000000003,636.4
23,75,59,369,1,2,2,3,0,3,0,3,42.9,135.0,109.2,665.7
283,400,350,239,1,3,2,0,0,1,1,0,510.90000000000003,723.5,632.0,430.2
237,355,348,328,2,0,1,0,2,1,1,3,427.6,638.0,626.9,587.4
64,14,251,204,2,2,2,2,0,2,1,1,118.2,26.2,453.8,369.2
233,221,201,329,1,3,2,0,0,0,2,2,420.90000000000003,402.3,362.8,590.2
25,47,306,381,1,2,3,2,1,3,1,1,45.5,84.60000000000001,554.3000000000001,687.8000000000001
61,348,328,276,2,0,0,3,1,3,1,3,111.8,623.4,589.4,498.3
46,23,345,61,2,3,3,3,0,2,2,1,85.8,43.9,623.5,113.3
258,254,235,285,0,1,3,3,3,2,0,0,461.40000000000003,456.7,427.5,517.5
304,229,243,345,3,1,0,3,2,0,2,1,549.7,413.7,435.40000000000003,624.5
335,334,9,210,2,1,1,3,3,2,3,1,603.0,600.7,14.7,381.5
244,291,56,275,3,0,3,1,1,3,0,0,442.7,520.8000000000001,105.3,496.5
230,346,211,270,3,3,3,1,3,1,2,2,415.5,626.3000000000001,382.3,485.5
47,19,398,391,1,3,3,0,3,1,1,2,83.10000000000001,37.7,719.9,701.8000000000001
38,29,384,55,0,1,0,0,2,1,0,2,66.4,52.7,691.2,97.0
339,37,331,46,2,2,0,2,2,3,1,2,611.2,66.60000000000001,594.8000000000001,83.8
247,350,261,356,1,1,1,1,3,1,1,2,443.1,630.5,470.3,640.3000000000001
218,17,26,267,0,0,1,1,0,2,1,2,392.40000000000003,28.6,47.300000000000004,480.1
61,269,333,58,3,1,2,2,3,1,1,2,111.3,484.7,601.4,105.4
45,26,223,40,1,1,3,1,2,0,0,3,80.5,48.300000000000004,405.90000000000003,70.5
95,244,37,192,1,0,1,1,3,3,2,1,169.5,436.2,66.10000000000001,346.1
34,247,322,239,1,1,2,0,1,1,1,1,61.7,445.1,581.6,429.2
11,59,258,34,1,2,3,0,0,2,2,0,21.3,107.2,466.90000000000003,61.2
2,25,185,208,3,0,0,1,1,2,2,2,7.1,43.0,331.0,373.90000000000003
190,9,204,138,3,3,2,3,0,1,3,2,346.5,19.7,367.2,250.9
224,48,330,52,2,2,1,0,1,1,1,2,405.2,88.4,594.5,91.60000000000001
10,58,397,52,2,3,0,3,2,2,1,0,19.0,106.9,713.6,98.10000000000001
9,189,9,381,0,0,0,0,0,0,3,1,16.2,340.2,13.2,684.8000000000001
63,57,68,238,0,0,0,0,0,0,2,0,113.4,102.60000000000001,120.4,428.40000000000003
381,241,360,218,3,1,0,0,3,3,3,1,687.3000000000001,432.3,645.0,391.40000000000003
229,278,339,220,1,1,3,2,3,2,1,1,410.7,499.90000000000003,613.7,398.0
31,320,58,202,2,1,3,2,2,1,1,1,56.800000000000004,576.5,107.9,365.6
331,227,108,49,3,3,3,0,2,2,3,3,598.3000000000001,411.1,195.9,85.2
206,345,288,296,2,3,1,2,1,0,2,0,372.8,625.5,517.9,535.8000000000001
240,327,32,319,1,0,0,3,0,0,0,1,433.5,588.6,57.6,577.7
151,64,68,342,1,1,1,2,1,2,1,3,272.3,114.7,122.9,615.6
254,365,380,367,3,2,1,0,2,1,0,3,459.7,659.0,685.5,657.6
16,47,57,382,3,3,0,1,1,0,2,2,32.3,89.10000000000001,100.60000000000001,687.1
353,304,45,307,2,3,2,2,2,1,3,0,636.4,550.7,81.0,555.6
310,221,244,305,1,2,0,0,2,1,3,3,557.5,399.8,436.2,546.0
207,367,36,193,3,3,2,3,0,1,3,3,377.1,664.1,64.8,348.90000000000003
274,4,352,8,0,2,2,0,2,2,0,2,491.2,8.2,636.6,12.4
369,221,374,207,2,3,0,0,1,1,0,0,666.2,401.3,673.2,372.6
39,49,76,41,1,2,2,3,3,3,3,1,68.7,88.2,136.8,77.3
37,180,11,116,2,2,2,2,1,2,0,3,68.60000000000001,325.0,22.8,208.8
42,21,13,32,0,1,2,1,1,3,0,3,74.60000000000001,36.300000000000004,26.400000000000002,56.1
40,49,32,46,0,1,1,3,0,2,2,1,72.0,87.7,57.1,86.3
62,14,7,189,3,0,3,3,3,2,1,2,113.10000000000001,23.2,16.1,342.7
66,18,200,65,1,0,2,3,2,0,1,0,118.3,32.4,362.0,121.5
45,115,43,10,0,1,0,2,2,0,1,2,79.0,208.5,76.4,19.0
133,34,26,21,1,0,2,1,2,2,3,3,238.9,59.2,46.800000000000004,36.300000000000004
67,195,25,36,2,1,1,2,0,3,2,0,123.60000000000001,349.5,44.5,67.8
70,197,2,46,1,3,0,3,2,2,3,3,125.5,357.1,0.6000000000000001,84.3
163,49,64,94,2,3,0,1,2,3,3,1,294.40000000000003,89.7,112.2,169.70000000000002
15,28,15,42,2,1,2,1,0,0,0,2,30.0,51.9,30.0,75.10000000000001
135,127,35,74,0,2,2,1,3,1,0,0,240.0,230.6,66.0,134.70000000000002
47,0,8,16,0,2,1,0,1,1,2,2,83.60000000000001,0.0,13.9,26.8
23,25,53,35,1,1,1,0,3,2,2,0,39.9,44.5,94.9,63.0
6,41,110,13,0,2,0,2,1,1,0,2,9.8,75.8,198.0,24.400000000000002
40,132,192,3,1,2,2,1,1,2,0,2,72.5,238.6,348.6,4.9
68,51,42,25,3,2,3,2,3,1,0,0,123.9,93.8,80.10000000000001,48.0
64,2,192,58,1,1,0,2,2,1,1,3,114.7,4.1,344.6,104.4
49,53,58,15,2,0,1,2,1,3,0,1,90.2,92.4,105.9,29.0
59,65,8,23,1,1,0,0,1,3,1,2,106.7,115.5,13.4,39.4
183,32,63,47,3,3,3,1,0,2,2,3,333.90000000000003,60.1,115.9,83.10000000000001
0,9,29,53,1,2,3,0,0,0,1,3,0.0,19.2,55.7,92.4
59,22,20,22,1,3,1,2,0,2,3,2,107.7,42.1,34.5,40.6
7,67,38,40,1,2,0,3,0,0,2,0,14.1,123.60000000000001,66.4,76.5
67,198,66,6,3,3,1,3,2,1,1,3,123.10000000000001,359.90000000000003,119.3,12.3
66,28,26,181,2,1,2,3,0,3,1,1,121.8,48.9,48.800000000000004,329.3
172,53,14,70,1,3,1,2,2,3,2,2,309.1,96.9,24.7,127.0
27,200,77,91,0,1,3,0,0,0,2,0,48.6,361.5,141.1,163.8
14,32,47,61,2,2,2,2,0,3,1,1,28.2,57.6,86.60000000000001,111.8
61,11,41,43,1,2,1,2,3,3,2,0,108.3,19.8,73.3,80.4
23,0,39,38,1,0,1,2,2,2,1,1,40.9,0.0,70.7,70.4
183,67,41,58,0,3,2,1,3,2,3,0,326.40000000000003,123.10000000000001,73.8,105.9
20,72,57,37,3,3,2,2,2,0,3,2,38.5,134.1,102.60000000000001,67.60000000000001
12,66,13,117,2,3,0,1,3,3,1,1,21.6,120.3,22.400000000000002,211.1
65,50,98,60,2,3,0,1,1,1,0,3,119.0,93.5,176.4,106.5
65,66,58,62,2,0,2,1,3,0,1,3,117.0,118.8,106.4,110.10000000000001
23,157,4,21,1,3,2,2,0,1,2,3,42.9,286.1,8.2,37.800000000000004
19,37,20,50,0,0,2,3,1,1,3,2,33.2,65.60000000000001,36.0,92.5
141,70,31,35,2,3,3,3,1,2,2,1,255.8,128.5,58.300000000000004,66.5
171,63,61,32,2,1,0,3,0,1,1,0,310.8,113.9,108.8,62.1
8,27,50,16,2,1,1,0,3,2,0,1,14.399999999999999,48.1,91.5,27.8
63,29,161,25,1,1,2,2,0,2,1,1,114.9,51.7,291.8,47.0
51,31,1,37,0,3,0,1,2,1,1,1,89.8,59.300000000000004,0.8,67.10000000000001
48,94,65,10,3,2,0,1,3,3,3,2,87.9,169.20000000000002,114.0,17.5
94,166,103,17,3,0,3,1,1,1,0,1,172.70000000000002,297.8,189.9,31.1
70,65,57,10,2,0,1,2,3,0,0,1,126.0,117.0,104.10000000000001,20.0
44,22,57,59,0,0,2,2,0,2,3,0,79.2,37.6,102.60000000000001,109.2
10,69,49,12,2,3,2,2,0,2,0,0,21.0,126.69999999999999,91.2,24.6
57,17,64,120,3,1,0,3,3,3,1,1,104.10000000000001,29.1,114.2,219.5
25,29,26,64,1,0,1,3,1,2,2,1,45.5,50.2,46.300000000000004,118.7
20,23,16,45,2,0,3,1,3,2,1,0,36.0,39.4,32.3,82.5
29,34,66,45,1,3,3,1,1,1,2,2,52.7,64.7,121.3,80.5
34,66,45,54,2,0,3,0,2,0,1,2,62.2,118.8,84.5,95.2
43,87,137,104,3,3,2,2,3,1,1,0,78.9,160.1,248.6,190.20000000000002
69,196,53,69,3,2,2,2,0,1,2,3,128.7,354.8,96.4,124.2
3,50,48,16,2,3,1,0,0,2,3,2,8.4,92.5,84.9,26.8
173,21,78,70,1,3,2,2,2,3,3,3,310.90000000000003,39.300000000000004,140.4,126.0
47,2,32,75,1,1,2,1,1,0,2,1,85.10000000000001,5.1,58.6,135.5
54,181,25,56,3,3,3,3,0,1,1,3,101.7,329.3,48.5,102.3
17,52,8,5,0,0,1,0,2,2,2,1,28.6,91.60000000000001,13.9,8.0
61,36,106,136,1,3,0,1,3,1,0,0,108.3,68.3,190.8,246.3
20,11,196,52,0,0,1,3,0,2,0,2,36.0,17.8,354.3,96.10000000000001
59,55,179,51,1,1,0,3,2,1,2,2,105.7,99.5,320.2,94.3
53,19,22,34,3,1,0,2,0,0,0,1,99.9,35.7,39.6,63.2
184,0,13,29,2,3,2,3,1,2,1,1,333.2,0.0,25.400000000000002,55.7
23,31,47,59,0,3,2,2,1,3,1,3,40.4,57.300000000000004,86.60000000000001,106.2
88,13,37,83,3,1,2,3,0,1,1,0,162.9,23.900000000000002,68.60000000000001,153.9
36,60,128,53,0,1,2,2,3,0,2,0,61.8,109.5,231.4,98.4
55,135,8,8,1,2,1,0,3,2,0,2,97.5,244.0,15.9,12.4
56,37,39,41,3,2,1,1,0,2,0,2,105.3,67.60000000000001,71.7,73.3
182,8,11,145,0,2,1,0,1,1,3,0,326.6,16.4,18.3,261.0
5,39,54,43,1,3,3,2,1,0,0,0,9.5,74.7,101.7,80.4
44,68,42,121,2,0,2,1,2,1,3,2,80.2,121.4,75.60000000000001,217.3
80,47,71,60,3,0,0,2,1,0,2,0,147.5,84.60000000000001,125.8,111.0
19,57,64,53,1,3,3,1,2,2,0,1,33.7,105.10000000000001,119.7,95.9
47,23,75,70,0,1,0,0,1,0,0,3,83.60000000000001,42.9,135.0,123.0
123,18,182,64,1,2,0,2,2,3,0,3,220.9,32.4,327.6,115.2
49,10,14,32,2,0,1,3,0,0,3,3,91.2,18.0,23.7,59.1
9,58,37,24,3,2,0,3,0,2,2,1,20.7,105.4,64.60000000000001,46.7
60,194,20,68,1,1,0,3,3,0,1,3,106.5,350.7,35.0,123.9
52,22,138,18,1,3,0,1,3,0,3,1,92.10000000000001,44.1,245.4,32.9
43,20,73,41,1,1,0,3,1,1,3,1,77.9,36.5,128.4,77.3
57,6,61,39,2,1,2,0,2,1,1,2,103.60000000000001,11.3,111.8,68.2
18,94,49,67,3,1,2,0,0,2,0,0,36.9,168.70000000000002,91.2,120.60000000000001
45,3,58,19,3,2,1,1,1,1,1,0,84.5,7.4,104.9,35.7
0,32,64,47,0,2,1,1,1,2,3,2,0.0,58.6,113.7,84.10000000000001
28,63,38,56,3,2,3,1,3,1,3,0,51.9,115.4,69.9,102.3
35,33,46,68,2,2,3,2,2,3,0,3,64.0,59.4,87.3,122.4
59,61,64,40,0,2,2,2,2,1,1,0,104.2,111.8,117.2,75.0
127,14,49,61,0,1,1,3,3,3,2,2,225.6,23.7,87.7,112.3
8,131,35,28,0,1,0,1,2,1,2,2,12.4,236.3,61.0,49.9
52,55,64,34,3,2,0,0,0,1,1,2,98.10000000000001,101.0,114.2,59.2
21,133,56,58,0,0,2,2,3,1,0,0,34.800000000000004,238.4,103.8,107.4
179,112,131,23,2,0,1,3,1,0,3,2,324.2,201.6,234.3,43.9
58,164,69,45,2,3,0,1,3,3,2,2,104.4,296.7,122.2,80.5
51,142,31,14,1,0,2,1,2,3,0,0,91.3,252.6,58.800000000000004,26.7
4,73,121,46,0,1,2,0,3,1,3,2,4.2,131.9,217.8,80.8
2,34,37,62,2,3,3,1,0,2,1,2,6.6,63.7,70.10000000000001,111.10000000000001
34,35,34,6,1,3,0,2,1,2,3,2,61.7,65.5,58.2,11.8
13,26,48,85,2,2,3,1,3,3,3,0,23.400000000000002,46.800000000000004,87.9,154.5
13,30,54,11,3,2,1,3,1,0,1,2,26.900000000000002,57.0,97.7,22.3
4,181,61,179,0,0,1,3,3,3,2,1,4.2,322.8,109.3,325.7
52,183,7,160,3,2,2,1,3,1,2,1,95.10000000000001,331.40000000000003,13.6,288.5
9,52,70,39,3,1,3,0,0,1,0,1,20.7,94.10000000000001,130.5,69.2
68,66,45,128,0,1,1,0,0,2,3,0,122.4,118.3,79.5,230.4
20,47,60,50,0,1,2,1,2,3,1,0,34.0,83.10000000000001,110.0,91.5
49,147,63,55,0,1,3,2,1,0,1,1,87.2,266.1,116.9,101.0
23,20,53,44,0,1,2,0,3,3,0,2,38.4,34.5,98.4,77.2
34,50,15,58,2,2,0,0,2,3,1,2,62.2,90.0,26.0,102.4
25,2,37,34,0,1,2,1,3,2,0,3,42.0,3.0999999999999996,69.60000000000001,59.7
46,92,178,1,2,3,3,2,3,3,2,0,82.8,167.1,322.90000000000003,4.8
13,13,21,133,0,1,1,2,1,1,3,2,22.400000000000002,23.900000000000002,36.300000000000004,240.4
63,64,86,44,3,2,1,1,2,3,2,3,115.9,115.2,154.3,77.7
7,36,67,105,2,1,3,2,1,2,2,3,14.6,64.3,123.10000000000001,189.0
57,7,22,30,3,1,1,1,0,1,2,0,107.10000000000001,13.1,39.1,55.5
69,60,43,22,1,1,1,1,0,0,2,3,125.7,109.5,76.9,38.1
51,27,2,47,1,0,3,1,1,0,1,2,92.3,48.6,7.1,84.10000000000001
63,46,50,58,1,0,0,2,2,2,0,3,112.9,80.8,90.0,104.4
180,40,29,169,1,2,1,3,3,2,2,3,322.5,73.0,51.7,305.7
56,40,121,24,1,2,1,1,3,1,1,3,99.3,74.0,218.3,41.7
35,74,9,55,3,1,3,2,0,0,1,3,67.5,134.70000000000002,19.7,99.0
68,112,42,21,3,0,0,1,1,3,0,0,125.9,198.6,75.60000000000001,39.300000000000004
51,112,63,21,3,1,2,3,3,1,0,1,93.3,202.1,116.4,41.300000000000004
9,46,14,25,1,1,0,3,0,0,1,1,17.7,84.3,24.2,48.5
26,20,10,193,2,0,2,3,0,2,1,1,49.800000000000004,34.0,20.0,350.90000000000003
68,37,70,178,2,3,2,2,0,0,2,3,125.4,71.10000000000001,127.0,320.40000000000003
12,38,7,71,0,3,0,1,3,1,0,1,18.6,71.9,12.6,128.3
27,7,56,14,0,3,3,2,2,1,0,2,46.6,16.1,105.3,26.2
168,5,189,55,2,2,1,1,2,3,0,1,303.40000000000003,9.0,341.7,99.5
38,58,50,22,2,0,2,3,3,2,1,2,68.4,102.4,92.0,42.1
39,67,12,66,3,1,0,0,1,1,0,1,73.7,121.10000000000001,21.6,117.8
42,35,39,50,0,2,3,2,3,3,2,0,72.60000000000001,63.0,72.7,93.0
159,70,105,70,3,3,3,1,3,0,3,0,287.7,130.5,190.5,127.5
162,5,50,194,0,0,3,3,1,1,1,2,290.6,8.0,93.5,351.7
12,18,70,19,0,1,1,3,0,3,1,1,21.6,30.9,126.5,37.7
15,58,19,43,2,3,3,0,2,1,2,1,28.0,107.9,36.7,76.4
29,6,39,64,1,1,0,1,1,0,0,2,52.7,12.3,70.2,114.7
51,41,64,16,1,2,2,0,3,3,3,2,90.3,73.8,115.2,26.8
57,199,53,60,2,1,0,0,0,1,1,0,105.60000000000001,358.7,94.4,108.0
22,21,16,16,2,0,0,3,3,0,3,3,39.6,37.800000000000004,25.8,30.299999999999997
109,150,53,70,1,2,0,2,2,0,3,3,195.70000000000002,273.0,92.4,126.0
11,21,65,40,3,0,3,1,1,1,0,0,23.3,36.800000000000004,121.5,73.5
63,0,28,35,2,1,1,3,3,1,2,1,113.4,0.0,49.9,66.5
16,62,49,1,3,2,2,0,1,1,1,3,32.3,113.60000000000001,90.2,0.0
191,87,57,145,2,0,1,0,2,1,1,2,344.8,155.6,103.10000000000001,259.0
52,173,70,46,0,3,0,1,1,0,1,2,92.60000000000001,315.90000000000003,125.0,82.3
59,183,15,58,0,1,1,3,3,1,1,1,103.2,329.90000000000003,27.5,107.9
8,57,169,49,3,2,0,1,2,1,0,3,16.9,104.60000000000001,304.2,86.7
22,63,141,38,1,2,2,0,1,2,3,1,40.1,114.4,253.8,67.4
121,171,33,140,2,3,0,0,0,3,2,0,220.8,309.3,57.4,252.0
67,48,8,39,1,0,1,3,0,2,3,2,122.10000000000001,84.4,12.9,72.7
37,20,43,104,0,1,0,0,0,2,1,1,66.60000000000001,35.5,76.4,186.20000000000002
56,46,27,115,2,1,2,2,2,3,1,1,101.8,81.3,50.6,209.0
42,187,165,21,2,1,2,1,1,2,0,0,77.60000000000001,336.1,300.0,39.300000000000004
2,97,69,36,3,2,0,3,0,2,0,2,8.1,175.6,124.2,67.3
48,8,43,34,0,2,2,3,2,0,3,0,84.4,17.4,77.4,65.7
2,194,48,33,2,3,1,2,2,1,0,2,4.6,352.7,87.9,60.4
15,67,17,29,2,3,2,3,3,2,1,3,27.0,123.10000000000001,32.6,53.7
29,3,47,14,0,3,0,3,1,3,1,0,51.2,6.9,83.60000000000001,29.7
59,60,22,157,1,1,2,0,3,1,3,2,104.7,108.5,39.6,280.6
26,56,67,79,0,2,3,3,1,0,3,1,45.800000000000004,103.8,122.10000000000001,145.70000000000002
10,41,32,94,3,0,0,0,0,3,3,2,22.5,70.8,54.6,167.20000000000002
12,45,10,46,0,1,0,0,1,3,3,3,20.6,79.5,15.0,79.8
146,23,32,80,1,3,3,3,3,2,0,2,261.3,43.9,62.1,146.5
34,103,28,17,2,0,1,0,2,1,3,1,62.2,184.4,48.9,29.6
34,16,169,53,2,0,1,1,2,3,1,2,62.2,25.8,304.7,94.9
9,8,29,11,1,0,3,1,0,3,0,2,17.7,11.4,56.7,19.3
14,27,41,67,2,0,2,2,3,3,0,1,25.2,45.6,76.8,122.60000000000001
42,39,36,37,3,3,2,1,2,2,1,0,78.10000000000001,72.7,66.8,68.10000000000001
44,25,19,64,0,0,1,0,1,1,0,3,78.2,44.0,35.7,112.2
183,33,33,15,2,1,2,1,2,0,0,3,330.40000000000003,60.9,62.4,25.5
20,18,64,20,2,3,3,2,2,0,2,0,37.0,36.9,117.7,39.0
153,14,14,39,3,2,3,0,3,3,0,1,276.90000000000003,25.2,29.7,69.2
186,40,7,16,2,1,2,3,2,0,2,1,335.8,73.5,13.6,32.3
17,26,68,11,1,2,1,3,3,1,3,3,29.1,48.800000000000004,120.9,21.3
4,12,152,55,1,0,3,0,2,3,1,0,6.699999999999999,18.6,277.1,99.0
26,19,18,50,0,3,2,3,1,2,0,0,45.800000000000004,36.7,35.4,94.5
87,7,178,13,2,1,2,1,1,0,1,0,158.6,14.1,322.40000000000003,24.900000000000002
94,41,127,37,2,3,3,0,0,3,1,0,172.20000000000002,75.3,232.1,66.60000000000001
25,28,10,43,1,1,1,3,1,0,3,0,45.5,51.9,16.5,81.9
34,0,62,47,3,0,2,2,3,3,3,3,62.7,0.0,111.60000000000001,84.60000000000001
91,28,50,46,2,1,1,2,0,2,2,0,166.8,49.9,89.5,85.8
34,61,42,72,1,1,0,2,3,3,3,2,59.7,108.3,72.60000000000001,130.6
169,131,30,173,3,3,1,3,2,0,0,2,306.7,240.3,55.5,313.90000000000003
59,24,18,12,2,0,0,3,0,0,2,1,109.2,43.2,30.4,25.1
13,182,156,45,1,0,1,1,1,3,1,0,23.900000000000002,324.6,281.3,82.5
0,51,47,37,0,3,0,2,0,2,1,3,0.0,94.3,83.60000000000001,66.60000000000001
38,137,52,20,2,1,1,1,1,0,2,0,70.4,248.1,93.10000000000001,37.5
123,28,28,57,3,1,2,2,0,2,1,2,225.9,49.9,52.4,103.60000000000001
12,1,0,28,0,2,1,2,2,2,0,3,19.6,2.8,0.0,50.4
26,62,30,12,0,3,2,0,3,0,3,3,43.800000000000004,116.10000000000001,54.0,18.6
30,44,115,58,0,3,3,2,0,1,0,3,54.0,82.7,211.5,104.4
16,42,60,10,0,2,1,0,0,2,3,1,28.8,76.60000000000001,106.5,17.0
18,69,34,35,2,3,0,0,2,2,2,3,33.4,126.69999999999999,59.2,60.0
190,130,70,10,1,0,0,2,2,2,0,1,341.5,232.0,126.0,20.0
36,111,69,44,0,3,0,1,1,0,3,1,63.8,204.3,121.2,79.7
47,37,24,31,2,2,3,3,3,1,0,1,84.60000000000001,68.60000000000001,47.7,59.300000000000004
63,87,8,27,2,1,1,2,0,2,2,2,116.4,156.1,13.9,49.6
116,106,52,36,3,0,1,3,2,0,0,1,211.3,190.8,95.10000000000001,68.3
38,61,128,22,0,0,1,3,1,0,2,2,67.4,109.8,229.9,42.1
73,32,65,64,1,3,2,1,0,3,1,0,132.9,59.1,119.0,116.7
57,55,8,174,2,2,1,2,3,3,0,2,102.60000000000001,99.0,15.9,314.2
37,11,70,49,0,0,2,1,0,1,1,2,66.60000000000001,18.8,128.0,87.7
64,7,7,12,2,0,0,0,3,2,1,2,115.2,10.6,11.6,19.6
54,14,19,104,0,1,0,0,3,1,1,2,94.2,25.7,33.2,185.20000000000002
43,62,66,63,0,1,0,1,2,3,2,1,75.4,110.10000000000001,116.8,113.9
46,0,77,60,2,3,3,0,1,2,0,1,84.8,0.0,143.1,107.0
42,196,5,65,0,1,3,2,2,2,0,3,73.60000000000001,352.3,13.5,117.0
9,21,137,135,2,1,3,1,1,2,1,0,18.2,37.300000000000004,250.1,244.5
50,46,13,22,2,1,0,1,1,2,1,3,92.0,82.3,22.400000000000002,38.1
46,64,12,42,3,2,2,3,3,0,2,1,84.3,118.2,22.6,79.10000000000001
45,126,30,61,3,3,2,3,2,0,1,3,83.5,231.3,56.0,111.3
65,66,69,146,3,0,0,0,1,1,3,1,120.5,117.8,121.2,261.8
37,40,11,21,0,3,3,1,3,2,0,1,63.60000000000001,74.5,24.3,38.300000000000004
168,29,185,48,0,0,2,3,2,0,0,2,300.40000000000003,52.2,336.0,88.9
67,0,48,14,0,0,1,3,1,0,0,0,119.60000000000001,0.0,87.9,29.7
15,104,53,8,1,1,3,1,2,3,1,3,26.5,185.70000000000002,98.9,12.9
4,70,172,14,0,3,1,1,2,0,0,1,5.2,130.5,311.1,25.7
6,149,31,45,3,3,2,2,0,1,0,1,15.3,271.7,58.800000000000004,83.0
10,14,70,60,2,2,3,3,1,1,3,0,20.0,27.2,127.5,112.5
62,106,9,52,0,1,0,1,1,3,1,1,110.60000000000001,189.3,15.2,94.10000000000001
60,17,17,55,1,1,1,0,0,0,0,2,109.5,32.1,32.1,97.0
22,48,12,45,1,1,2,3,1,2,3,0,40.1,85.9,21.6,85.5
31,24,43,48,2,1,0,3,1,0,2,2,57.800000000000004,44.7,75.4,88.9
44,13,20,164,2,2,0,0,1,2,1,1,81.2,24.400000000000002,35.0,294.2
45,36,61,58,1,2,0,1,3,0,3,1,79.5,67.8,106.8,104.9
45,10,19,22,3,3,1,0,1,1,1,2,84.5,21.5,34.7,37.6
28,55,22,24,2,2,0,3,2,1,1,1,51.4,101.0,38.6,46.7
55,112,41,98,3,2,2,1,3,0,1,0,100.5,204.6,75.8,177.9
53,175,87,2,2,2,3,1,3,0,1,1,95.4,318.0,160.1,4.1
35,40,0,26,2,0,2,3,1,3,2,0,65.0,69.0,0.0,51.300000000000004
61,116,35,17,1,2,1,1,1,0,2,0,110.3,211.8,62.5,32.1
4,68,21,5,1,1,2,3,1,0,3,1,7.699999999999999,123.9,37.800000000000004,12.5
43,19,161,53,2,1,3,2,1,2,0,2,79.4,33.7,294.3,96.4
39,84,66,37,0,1,0,2,2,3,2,2,68.2,149.70000000000002,116.8,67.60000000000001
143,1,25,13,2,1,3,1,3,2,1,1,257.40000000000003,1.2999999999999998,48.5,23.900000000000002
55,10,70,121,2,2,0,1,1,0,3,2,101.0,21.0,123.0,217.3
75,33,71,147,3,0,1,1,0,1,3,2,139.5,58.4,126.30000000000001,264.1
36,20,52,172,0,3,1,3,3,0,0,1,61.8,40.5,95.10000000000001,313.1
28,0,19,109,1,1,0,2,2,0,0,0,49.9,0.0,34.2,199.20000000000002
9,61,0,67,2,1,1,0,2,2,0,3,17.2,109.3,0.0,117.60000000000001
4,29,76,13,1,3,0,2,0,1,0,3,8.7,55.7,136.8,23.400000000000002
110,119,132,38,0,1,2,1,1,0,0,1,197.0,215.70000000000002,240.6,68.9
48,191,19,15,2,2,3,2,0,1,2,0,89.4,345.8,36.7,30.0
12,110,86,91,0,1,0,0,3,1,0,0,18.6,198.5,154.8,163.8
8,26,48,69,3,1,3,2,0,2,3,3,18.9,46.300000000000004,87.9,124.2
9,47,135,56,2,0,2,3,2,3,3,2,17.2,81.60000000000001,243.0,103.3
64,69,197,57,3,1,0,0,3,3,0,3,116.7,122.7,354.6,99.60000000000001
118,67,8,60,3,2,0,3,1,0,0,0,215.9,123.60000000000001,14.4,112.5
11,62,31,7,3,2,0,1,0,0,2,1,24.3,114.60000000000001,53.800000000000004,13.1
15,60,49,53,2,1,1,2,3,2,2,0,27.0,107.5,87.7,98.4
52,11,24,53,3,3,2,0,3,3,2,1,95.10000000000001,21.3,44.2,94.4
59,48,25,50,0,1,1,0,1,0,0,3,105.2,87.9,46.5,87.0
67,67,56,76,3,2,1,2,2,2,0,1,123.10000000000001,121.60000000000001,102.3,138.8
33,113,56,18,2,0,2,3,1,2,2,2,61.4,201.4,101.8,34.9
62,4,43,51,2,1,1,1,3,3,0,1,111.60000000000001,5.699999999999999,78.9,92.3
52,25,9,18,2,3,1,1,3,0,0,0,93.60000000000001,49.5,17.7,33.9
58,19,39,58,3,0,1,2,3,0,1,2,105.9,34.2,70.7,105.4
0,138,153,49,3,0,3,3,3,0,1,2,0.0,248.4,278.90000000000003,90.7
25,60,60,14,1,2,2,0,3,2,3,3,43.5,109.0,108.0,22.2
9,176,47,53,3,0,0,0,0,1,1,0,20.7,315.8,83.60000000000001,95.4
174,52,155,6,0,1,3,0,2,0,0,0,311.2,95.10000000000001,283.5,10.8
41,25,71,36,3,1,3,3,3,0,2,1,75.3,46.5,130.3,68.3
40,49,43,9,1,1,2,3,3,3,1,1,70.5,86.7,79.4,19.7
21,16,23,47,0,3,2,0,3,3,1,0,34.800000000000004,30.299999999999997,43.4,84.60000000000001
22,18,200,64,2,3,1,2,3,3,2,2,39.6,33.9,359.5,116.2
59,4,12,8,0,3,1,0,0,1,1,1,106.2,10.7,22.1,13.4
56,45,23,90,1,2,2,1,1,2,1,0,101.3,82.0,43.4,163.5
60,61,95,3,3,1,1,1,0,3,2,3,112.5,108.3,170.5,3.9000000000000004
42,59,67,53,2,0,1,0,2,1,0,0,76.60000000000001,105.2,122.10000000000001,95.4
99,14,44,46,3,2,2,0,3,3,1,0,179.70000000000002,25.2,81.2,82.8
66,39,122,186,0,1,2,3,3,2,2,0,115.8,69.7,220.6,339.3
63,47,53,74,0,2,2,0,2,1,3,1,111.4,86.60000000000001,95.4,132.20000000000002
18,31,0,68,1,2,0,3,1,3,2,2,32.9,55.800000000000004,0.0,124.9
9,3,77,164,1,1,2,2,3,0,2,3,14.7,6.9,139.6,295.2
56,40,58,173,2,0,3,1,2,3,0,1,101.8,69.0,108.9,311.90000000000003
50,1,14,55,3,2,1,2,1,0,3,2,93.5,4.8,23.7,100.0
54,64,39,1,1,1,1,0,3,0,1,1,95.7,116.7,70.7,0.8
54,47,132,156,3,0,0,1,3,2,0,1,98.7,82.60000000000001,237.6,281.3
66,1,57,34,3,0,0,0,0,1,0,2,123.3,0.8,102.60000000000001,59.2
38,53,31,52,2,0,0,1,2,1,0,0,69.4,94.4,55.800000000000004,95.10000000000001
45,10,29,31,1,2,2,1,3,1,2,2,79.5,20.0,53.2,55.300000000000004
27,152,7,69,3,3,2,1,0,1,1,0,53.1,277.1,14.6,125.7
46,6,72,29,2,1,3,3,0,0,2,3,85.8,12.3,132.1,53.7
6,60,52,39,2,0,1,3,3,1,0,1,10.8,107.0,95.10000000000001,73.7
29,39,46,141,3,0,3,1,1,0,0,2,55.7,70.2,87.3,253.3
40,33,39,182,0,0,1,0,1,0,0,1,71.0,59.4,71.7,326.6
63,13,31,51,0,3,2,1,0,3,1,3,113.4,24.900000000000002,57.800000000000004,90.3
54,5,32,57,3,1,2,1,0,3,0,2,101.7,7.5,60.6,102.10000000000001
188,32,19,21,3,0,3,1,0,3,1,2,342.90000000000003,54.6,37.7,37.300000000000004
19,62,39,124,0,3,3,2,2,1,0,0,32.2,115.10000000000001,74.7,226.20000000000002
100,36,197,12,1,2,3,1,1,1,3,2,180.5,66.8,356.1,21.1
68,48,149,38,0,0,2,3,0,2,3,3,122.4,84.4,268.2,69.9
65,173,70,33,0,1,0,1,1,2,3,0,116.0,310.90000000000003,123.0,60.9
50,29,147,38,3,3,2,2,3,0,0,3,91.5,56.7,267.6,68.4
18,172,53,8,2,2,3,0,3,3,2,0,32.4,309.6,97.9,14.4
182,69,63,60,0,0,1,2,1,3,3,3,326.6,121.2,111.9,108.0
15,109,60,14,3,0,0,3,2,1,2,1,29.5,195.20000000000002,106.0,28.7
191,68,63,191,0,3,0,3,0,2,2,1,343.8,124.9,111.4,347.3
46,19,65,32,3,1,3,2,2,0,3,0,85.3,35.7,118.5,60.6
59,10,163,63,0,3,0,2,3,3,1,2,103.2,19.5,292.40000000000003,114.4
45,48,181,185,1,3,2,2,3,1,1,1,79.5,89.9,327.8,335.0
11,9,45,57,0,2,3,2,3,2,2,2,16.8,17.2,83.5,103.60000000000001
63,140,34,25,1,3,3,3,2,2,1,0,112.9,254.5,64.7,49.5
51,61,41,37,0,3,0,1,3,2,2,3,88.8,112.3,71.8,65.10000000000001
19,5,23,17,0,3,0,3,3,2,2,1,31.200000000000003,11.5,39.4,34.1
22,54,38,43,2,1,1,2,0,0,0,1,42.6,98.7,69.9,79.4
20,27,37,144,0,0,2,1,2,1,3,3,34.0,47.6,66.60000000000001,257.7
52,54,162,129,3,3,1,0,3,3,2,0,95.10000000000001,98.7,291.1,232.20000000000002
2,29,24,2,1,2,3,2,0,1,0,0,5.1,54.2,47.7,6.6
144,13,26,68,1,2,2,3,2,2,0,3,258.7,24.400000000000002,49.800000000000004,123.9
8,22,43,166,2,3,2,0,1,1,1,0,16.4,43.1,79.4,298.8
62,7,50,42,3,0,1,3,0,1,1,1,116.10000000000001,11.6,90.5,79.10000000000001
51,64,23,12,1,0,2,0,3,0,0,3,90.3,115.2,44.4,18.6
62,42,119,10,0,3,2,0,0,1,0,0,111.60000000000001,79.10000000000001,217.20000000000002,18.0
6,23,26,97,1,2,3,2,1,1,0,0,11.3,43.4,51.300000000000004,177.6
40,10,38,18,3,3,3,3,2,3,2,2,74.5,19.5,70.9,34.9
129,29,151,18,1,0,0,3,2,2,1,1,231.70000000000002,50.2,270.8,35.9
30,41,45,1,1,0,0,0,0,2,1,3,55.5,71.8,80.0,0.0
17,17,66,60,3,0,1,2,3,2,3,1,32.1,28.6,117.3,110.0
177,7,71,84,3,2,3,0,2,1,3,0,321.1,14.6,129.3,151.20000000000002
54,58,8,148,3,0,3,3,2,2,0,1,99.7,102.4,18.9,269.90000000000003
180,18,189,57,0,1,1,0,0,1,0,2,324.0,32.9,341.7,100.60000000000001
67,38,189,191,2,1,2,2,1,1,1,3,122.60000000000001,68.9,342.2,343.8
75,63,61,5,0,3,2,0,3,1,3,1,132.0,116.9,109.8,8.0
47,67,9,27,1,3,3,2,3,3,3,2,83.10000000000001,122.10000000000001,17.7,49.6
61,46,34,5,0,0,1,1,3,1,2,1,106.8,81.8,60.7,9.5
61,159,53,79,2,1,1,0,1,3,3,0,111.8,284.7,93.9,142.20000000000002
118,130,188,13,3,0,0,1,1,0,2,2,215.9,234.0,336.40000000000003,22.900000000000002
50,16,5,39,3,0,3,2,0,3,2,1,94.5,25.8,11.5,72.2
70,15,126,40,3,0,1,1,1,3,3,2,129.5,24.0,225.3,71.5
25,37,5,25,1,0,3,2,3,1,0,1,43.5,65.60000000000001,13.5,47.0
128,3,7,25,3,2,2,0,2,3,1,3,232.9,5.4,14.6,42.0
53,13,46,8,0,2,2,2,1,3,0,0,94.4,23.400000000000002,85.8,17.4
23,36,167,70,2,1,3,3,1,0,0,1,43.4,66.3,305.1,129.5
51,8,46,57,1,3,2,0,3,3,2,2,90.3,15.899999999999999,83.8,100.60000000000001
37,26,59,39,0,3,0,2,3,2,2,3,63.60000000000001,49.300000000000004,104.2,70.2
58,48,49,57,0,3,3,0,3,0,1,3,101.4,90.9,91.7,99.60000000000001
30,37,3,68,3,1,0,2,2,2,3,2,56.5,66.10000000000001,2.4000000000000004,123.4
11,2,174,32,3,0,2,0,2,1,0,3,22.3,2.6,316.2,54.6
57,16,26,17,3,2,3,1,1,2,0,3,106.10000000000001,29.8,51.300000000000004,29.1
20,180,96,184,0,1,0,3,0,1,2,3,36.0,324.5,170.8,332.7
46,68,157,8,0,3,0,2,0,3,2,3,82.8,123.9,280.6,14.399999999999999
28,74,58,29,1,1,2,1,2,2,1,2,49.9,132.70000000000002,106.4,51.7
64,61,1,6,3,0,1,0,0,2,3,1,119.7,107.8,0.2999999999999998,9.8
68,5,22,30,2,1,2,0,1,1,0,3,124.4,9.5,42.6,51.0
173,198,10,113,3,0,1,2,0,3,1,3,315.90000000000003,353.40000000000003,18.5,203.4
134,170,53,57,1,1,2,1,2,3,2,1,240.70000000000002,304.5,96.4,103.10000000000001
33,66,182,26,3,2,2,1,1,2,3,2,62.9,119.8,327.6,46.300000000000004
39,178,14,42,3,3,0,0,1,1,3,1,73.7,323.90000000000003,22.2,74.60000000000001
9,127,99,27,3,0,2,0,1,1,0,2,19.7,227.6,181.20000000000002,46.6
16,58,67,42,0,3,3,2,1,1,1,3,27.8,107.9,124.10000000000001,75.60000000000001
57,17,33,10,0,3,0,2,3,2,1,0,99.60000000000001,33.1,58.4,21.0
38,42,38,36,0,0,3,2,0,1,1,1,68.4,74.60000000000001,71.9,66.8
59,183,2,68,2,3,2,3,3,1,3,0,106.2,332.90000000000003,3.5999999999999996,126.9
45,43,25,35,3,3,2,0,1,3,3,0,84.5,78.9,45.0,63.0
200,51,30,44,0,2,3,3,2,0,1,0,358.0,94.8,57.5,83.7
12,22,4,29,1,1,3,0,2,1,0,2,21.1,40.1,11.7,50.2
9,55,5,75,2,0,1,3,2,3,0,0,17.2,96.0,10.5,139.5
178,46,29,107,1,2,0,2,2,3,0,0,319.90000000000003,82.8,52.2,195.6
3,29,25,16,2,1,3,2,1,0,1,2,7.4,53.7,48.5,29.8
30,42,28,23,2,3,1,1,0,1,1,2,57.0,79.10000000000001,50.9,40.9
32,51,10,51,3,0,2,3,0,2,3,3,62.1,89.8,18.0,93.3
195,29,47,43,0,2,3,3,2,1,3,3,349.0,54.2,86.10000000000001,78.9
32,36,48,24,3,1,2,2,0,2,1,3,62.1,64.3,88.4,43.2
47,157,45,36,0,3,3,1,1,2,1,1,83.60000000000001,285.1,84.5,65.3
112,28,193,109,2,3,2,3,2,3,1,3,202.6,51.9,349.40000000000003,197.70000000000002
21,17,61,38,3,1,3,2,2,3,3,2,40.300000000000004,29.1,111.3,69.4
43,69,37,32,0,3,1,0,3,0,3,2,74.4,128.7,65.10000000000001,55.6
156,67,48,3,2,0,2,3,3,3,1,0,280.8,117.60000000000001,88.4,9.9
20,101,28,62,0,1,3,3,3,1,1,2,33.0,182.3,53.9,114.10000000000001
34,41,17,44,2,3,2,1,1,0,3,1,63.2,78.3,30.6,79.7
35,17,17,23,0,2,3,2,2,2,3,1,61.0,31.6,32.1,43.4
30,174,0,19,2,0,2,0,1,1,3,2,56.0,312.2,0.0,32.2
0,9,30,46,1,1,1,2,1,3,1,2,0.0,14.7,54.5,83.8
11,12,43,70,0,1,1,0,0,0,0,3,19.8,23.1,78.9,123.0
61,189,31,93,2,3,0,2,3,3,2,1,109.8,341.7,53.800000000000004,169.4
11,17,17,10,1,3,3,2,2,2,1,3,19.3,33.1,34.1,18.0
73,61,121,93,3,2,2,1,1,3,3,1,134.9,109.8,217.8,167.9
102,58,19,41,2,3,0,0,2,2,2,3,184.6,106.9,32.2,70.8
14,146,14,81,1,0,0,3,0,3,3,1,26.7,259.8,22.2,149.3
11,60,40,50,3,3,2,2,2,1,2,3,22.3,111.5,73.0,90.0
61,23,61,199,3,2,3,3,1,3,1,0,113.3,41.4,113.3,362.7
36,12,54,10,1,1,1,3,1,1,1,2,65.3,22.1,97.7,20.5
60,31,44,164,1,2,0,3,1,2,2,1,108.5,56.800000000000004,77.2,298.7
62,4,45,31,3,2,3,3,2,0,3,2,114.10000000000001,10.2,82.5,58.300000000000004
65,102,44,37,0,1,2,0,1,0,3,0,116.0,185.1,79.2,66.60000000000001
41,4,2,17,2,2,0,2,0,0,0,0,76.8,10.2,3.6,33.6
90,23,56,40,1,1,1,2,2,0,0,0,161.5,42.9,102.3,75.0
23,37,37,13,2,0,0,1,2,3,3,3,42.4,63.60000000000001,63.60000000000001,21.900000000000002
15,111,30,197,1,2,3,3,0,0,3,2,28.5,202.8,55.5,357.1
51,56,3,28,0,0,1,3,1,1,3,3,90.8,99.8,3.9000000000000004,51.9
153,167,53,22,3,0,3,1,2,1,2,3,277.90000000000003,299.6,97.9,38.1
61,156,24,0,1,0,1,1,3,3,2,3,108.3,277.8,42.7,0.0
12,50,51,40,0,0,2,2,1,1,1,3,20.6,89.0,93.8,72.0
167,10,38,2,2,0,0,1,1,3,0,1,302.6,15.0,68.4,4.1
5,121,16,42,0,1,2,3,3,1,3,0,6.0,218.3,28.8,80.10000000000001
85,171,38,128,3,0,0,0,0,1,1,3,157.5,306.8,67.4,227.4
17,3,3,51,0,2,3,0,0,3,2,2,30.6,5.4,7.9,89.8
131,42,43,82,2,2,0,3,0,1,2,2,238.8,77.60000000000001,75.4,150.1
24,16,66,52,1,3,2,3,1,1,0,1,43.7,32.3,121.8,97.10000000000001
17,35,49,26,0,0,0,3,3,0,2,3,27.6,63.0,86.2,48.300000000000004
60,145,4,1,3,1,3,1,0,0,2,1,112.5,262.5,9.7,2.3
6,193,0,186,3,0,1,0,1,3,3,2,14.3,344.40000000000003,0.0,332.8
7,44,120,4,3,1,0,3,1,1,3,3,16.1,79.7,213.0,8.7
42,16,56,45,3,3,1,3,3,1,1,2,77.10000000000001,32.3,101.3,83.5
42,48,66,42,2,1,3,2,2,0,1,1,76.60000000000001,87.9,122.3,77.60000000000001
21,31,41,1,3,1,3,1,0,3,0,3,42.300000000000004,54.300000000000004,78.3,0.2999999999999998
15,32,23,177,2,3,1,3,2,0,2,3,28.0,62.1,40.9,320.1
139,175,6,3,2,1,2,0,3,2,2,0,250.20000000000002,314.5,11.8,5.4
122,66,38,57,1,1,3,2,2,0,0,2,219.1,120.3,72.9,103.60000000000001
32,53,58,47,3,0,0,3,0,0,2,0,62.1,95.4,102.4,89.10000000000001
94,65,194,21,3,3,0,2,0,2,1,3,173.70000000000002,119.5,348.2,37.800000000000004
20,137,166,59,2,3,2,0,3,2,2,0,36.0,249.1,299.8,106.2
46,20,166,50,3,0,1,0,3,3,1,2,84.3,33.0,299.3,88.0
53,138,26,68,1,0,3,2,1,0,0,3,95.9,248.4,51.300000000000004,122.4
63,67,89,7,2,1,0,1,2,2,2,3,114.4,120.10000000000001,158.20000000000002,11.1
37,49,10,36,1,1,1,1,1,1,3,1,67.10000000000001,88.7,16.5,65.3
61,9,16,21,1,0,1,1,3,1,1,2,108.3,15.2,29.3,37.300000000000004
41,13,9,67,2,2,3,2,2,3,2,3,74.8,23.400000000000002,18.7,120.60000000000001
76,39,53,14,2,1,2,3,0,3,1,1,139.8,68.7,97.4,28.7
63,27,66,21,1,0,3,3,1,1,3,1,113.9,47.6,120.3,41.300000000000004
44,0,45,113,3,1,0,1,3,3,0,3,80.7,0.0,81.0,201.9
33,169,178,47,0,0,1,0,0,3,0,0,59.4,301.2,321.90000000000003,84.60000000000001
24,90,56,188,3,2,2,3,0,2,3,2,47.7,163.0,100.8,340.90000000000003
7,59,37,43,2,0,3,3,1,2,2,1,14.6,104.2,69.10000000000001,80.9
131,38,22,42,2,1,3,0,1,3,2,2,237.8,66.9,42.1,73.60000000000001
49,56,183,107,3,2,3,2,3,1,0,3,89.7,102.8,333.90000000000003,192.6
41,55,26,69,0,3,1,3,2,0,0,1,71.8,103.5,48.300000000000004,127.69999999999999
49,19,33,46,3,2,2,1,3,1,2,0,89.7,36.2,60.4,84.3
27,30,68,60,2,1,0,1,3,1,2,1,48.6,54.5,120.4,108.5
119,183,123,18,1,3,0,2,1,3,3,3,214.70000000000002,330.90000000000003,218.4,32.4
1,48,5,17,3,2,2,0,2,2,0,3,4.3,87.4,12.0,27.6
123,7,186,58,3,1,0,0,3,3,0,2,222.9,11.1,334.8,102.4
27,38,28,50,0,0,2,1,1,2,2,3,47.6,66.4,51.4,88.5
35,26,60,19,1,3,3,2,3,1,2,2,61.5,50.300000000000004,110.5,35.2
7,5,0,35,0,1,2,1,3,0,0,1,9.6,10.5,0.0,63.5
89,61,63,0,1,1,2,2,1,1,1,2,160.70000000000002,110.3,115.4,0.0
3,31,36,172,2,1,2,0,0,1,0,1,8.4,56.300000000000004,67.8,308.6
80,39,118,78,3,2,3,0,0,3,0,0,148.5,70.2,216.9,140.4
5,41,57,44,0,1,2,3,2,0,3,2,7.0,75.3,102.60000000000001,81.7
58,68,200,30,3,3,3,1,0,0,0,2,108.9,126.9,364.5,53.5
53,35,61,6,1,3,1,2,0,1,0,0,96.9,66.5,111.3,13.8
189,9,65,70,3,1,0,2,2,3,2,1,342.7,14.7,115.0,128.0
58,124,49,184,1,1,2,1,1,0,0,2,104.9,224.70000000000002,91.2,330.7
52,66,197,8,2,2,3,0,2,0,2,2,94.60000000000001,121.8,357.1,12.4
152,0,4,24,3,0,3,2,3,1,0,1,275.1,0.0,11.7,45.2
15,28,22,18,1,0,0,1,2,1,3,1,26.5,49.4,36.6,32.9
22,67,128,175,0,0,1,0,2,1,2,3,37.6,119.60000000000001,229.9,312.0
171,20,49,32,0,3,3,0,3,1,1,3,304.8,39.5,91.7,54.6
63,69,22,118,1,2,0,2,2,1,0,2,112.9,126.2,39.6,213.4
58,11,69,13,1,3,2,1,3,0,1,2,102.9,24.3,126.2,22.900000000000002
50,62,179,25,2,2,1,3,3,2,3,2,90.0,112.60000000000001,320.7,47.5
33,38,28,57,3,1,1,2,2,2,3,3,61.9,67.9,48.9,102.60000000000001
41,26,8,89,0,1,2,0,1,3,2,2,72.8,45.300000000000004,15.399999999999999,158.20000000000002
11,18,160,43,3,2,1,0,1,3,0,0,23.3,32.4,289.5,77.4
45,193,127,9,0,1,0,3,2,3,2,1,79.0,345.90000000000003,226.6,19.7
97,35,34,8,2,3,3,1,1,1,3,1,176.6,66.5,62.7,14.9
163,56,148,64,3,3,1,1,0,0,0,0,297.90000000000003,105.3,267.90000000000003,116.7
7,23,29,37,0,3,2,2,0,3,3,0,12.6,42.9,52.2,69.60000000000001
64,48,59,14,1,0,1,1,0,2,3,1,116.7,84.4,104.7,25.7
158,47,44,47,0,3,1,3,3,3,2,3,281.40000000000003,86.10000000000001,78.7,86.10000000000001
21,160,18,30,0,0,1,0,0,0,1,1,37.800000000000004,288.0,32.9,53.0
69,81,13,3,0,3,3,3,1,3,2,1,123.2,147.3,25.900000000000002,8.9
3,7,159,159,2,0,1,0,0,1,0,0,8.4,11.6,287.7,286.2
46,11,54,59,0,1,3,2,1,1,1,3,81.8,20.3,100.7,106.2
43,35,157,15,3,2,3,1,2,3,0,3,79.9,63.0,287.1,25.5
16,16,104,50,3,2,3,0,3,0,3,2,30.299999999999997,31.8,188.70000000000002,88.0
119,65,110,32,1,3,3,0,2,1,2,2,213.70000000000002,120.5,200.5,55.6
30,5,31,12,0,1,1,3,0,2,2,0,54.0,8.5,55.300000000000004,26.1
68,12,38,68,2,0,2,2,3,1,0,1,122.4,20.6,71.4,124.4
47,103,70,143,3,2,1,1,2,0,2,1,87.10000000000001,188.4,125.5,257.90000000000003
109,20,40,12,0,1,0,1,3,3,2,0,193.20000000000002,34.5,70.0,23.1
20,77,44,120,2,2,2,1,2,2,3,3,37.0,139.6,79.2,214.5
32,50,15,20,1,0,1,0,1,2,2,1,58.1,88.0,26.5,35.0
6,160,70,69,1,0,1,2,1,2,1,2,11.3,286.0,126.5,125.2
195,45,21,46,1,2,3,3,0,2,0,3,352.5,82.0,42.300000000000004,84.3
48,173,56,53,2,1,0,2,3,1,3,1,86.4,311.90000000000003,97.8,97.4
23,67,65,47,3,1,3,1,3,0,2,1,42.9,122.10000000000001,119.5,85.10000000000001
13,9,57,58,3,0,0,1,2,2,3,1,25.900000000000002,14.2,99.60000000000001,104.9
36,40,70,69,0,3,2,3,0,3,1,2,64.8,73.5,128.0,126.69999999999999
65,6,139,61,1,3,1,3,0,3,0,2,118.5,12.3,251.70000000000002,112.3
10,14,1,6,1,3,3,0,1,2,1,0,18.5,27.7,5.3,10.8
53,153,60,26,1,2,0,2,3,2,0,3,93.9,276.40000000000003,108.0,46.800000000000004
44,34,3,41,1,0,2,3,2,1,1,0,78.7,60.2,7.4,78.3
55,51,42,46,1,1,1,0,3,2,1,1,97.5,91.3,76.10000000000001,81.8
59,77,13,40,2,0,2,2,2,0,3,2,107.2,138.6,23.400000000000002,73.0
24,86,168,33,3,2,2,3,2,0,1,1,45.7,157.8,304.40000000000003,62.9
75,11,22,26,2,2,0,2,2,3,0,1,136.0,19.8,39.6,48.800000000000004
44,40,117,5,1,1,2,0,2,2,0,2,78.7,71.5,213.6,7.0
121,27,52,25,0,2,0,3,3,2,0,2,214.8,49.6,93.60000000000001,47.5
11,22,25,67,2,2,2,3,0,1,1,3,22.8,41.6,47.0,122.10000000000001
109,0,40,20,1,1,0,3,0,0,0,1,197.70000000000002,0.0,72.0,39.5
34,140,50,68,2,0,0,1,1,2,3,2,63.2,250.0,87.0,121.9
13,104,27,7,3,2,1,0,0,3,1,1,27.900000000000002,187.20000000000002,49.1,11.6
50,64,10,13,3,0,3,3,2,1,1,1,92.5,114.2,21.5,26.900000000000002
49,5,20,55,2,1,0,1,2,2,3,1,89.2,8.5,33.0,99.5
17,197,162,53,1,2,3,3,2,1,1,1,30.1,356.6,295.1,98.9
16,70,7,37,2,3,3,0,2,0,0,2,29.8,130.5,17.1,64.60000000000001
53,120,18,55,3,1,3,3,0,0,0,1,99.9,217.5,36.9,102.5
52,32,151,17,0,3,1,0,0,2,1,0,93.60000000000001,60.1,272.3,30.6
105,69,19,27,3,0,2,3,1,1,0,3,192.5,123.2,37.2,50.1
19,66,107,105,1,1,0,3,0,3,1,2,35.7,117.3,191.6,191.5
31,21,15,41,3,0,3,0,1,0,3,2,59.300000000000004,37.800000000000004,28.5,71.8
65,14,16,16,2,2,2,3,3,3,0,0,117.0,25.2,31.8,33.3
61,15,42,31,2,3,2,2,1,3,2,2,111.8,28.5,76.60000000000001,56.800000000000004
68,65,25,54,3,0,3,0,0,2,3,3,126.9,115.0,46.5,94.2
16,40,40,60,2,3,1,3,0,2,1,1,31.8,74.5,72.5,111.5
36,56,22,35,2,3,1,1,2,1,2,1,65.8,104.3,39.1,63.5
62,84,46,35,3,2,1,0,0,2,0,1,116.10000000000001,152.20000000000002,84.3,62.0
18,62,67,20,1,3,1,3,1,1,1,3,32.9,115.10000000000001,121.10000000000001,37.5
54,19,7,33,0,0,1,0,0,2,0,0,97.2,32.2,14.1,59.4
59,40,171,46,2,2,3,2,2,3,2,1,107.2,72.0,310.3,84.8
28,40,15,56,0,0,3,2,2,2,3,3,48.4,70.0,28.5,100.8
10,25,170,19,2,2,0,3,0,0,3,2,21.0,48.0,303.0,36.7
146,64,36,61,1,0,2,3,3,0,0,1,261.3,115.2,67.8,113.3
32,23,24,61,3,0,1,2,3,2,1,0,59.1,39.4,43.7,112.8
14,78,62,56,0,0,1,0,0,3,3,3,25.2,137.4,110.10000000000001,97.8
22,166,58,16,3,1,3,1,0,2,3,0,44.1,298.3,105.9,30.3
14,48,9,76,3,3,0,0,0,1,0,1,29.7,89.9,16.2,135.8
144,60,155,137,0,2,2,1,3,2,1,2,256.2,109.0,281.0,246.1
34,52,122,55,2,2,2,3,2,2,3,1,62.2,94.60000000000001,219.6,102.5
18,199,37,45,1,3,3,1,3,3,1,1,30.9,359.7,70.10000000000001,81.5
50,18,40,15,2,0,3,2,3,1,2,0,90.0,31.4,74.5,30.0
54,11,69,39,2,3,3,0,2,0,0,2,98.2,24.3,128.7,68.2
68,30,60,33,1,2,1,3,3,0,0,0,120.9,57.0,109.5,63.9
19,37,114,46,2,1,3,1,2,2,1,1,35.2,66.10000000000001,208.70000000000002,83.3
25,5,32,123,3,0,3,0,3,3,1,3,46.5,6.0,61.1,218.4
149,26,57,65,0,0,2,3,2,2,1,0,266.2,44.800000000000004,104.60000000000001,121.5
55,63,48,77,2,0,1,2,0,0,0,2,102.0,113.4,87.9,139.6
22,19,116,200,1,2,0,1,2,1,2,0,39.1,36.2,206.8,361.5
60,69,107,1,1,1,3,1,2,0,1,1,107.5,125.7,196.1,2.3
93,56,30,30,0,0,2,0,3,0,2,0,164.4,100.8,55.0,54.0
35,22,62,21,3,2,3,2,2,1,0,2,65.5,41.6,116.10000000000001,38.800000000000004
16,40,45,17,2,2,2,2,2,3,0,2,29.8,72.0,84.0,31.6
37,22,48,48,1,2,2,0,1,1,2,1,67.10000000000001,41.6,87.4,85.4
7,19,57,66,0,0,0,2,2,0,2,3,10.6,34.2,100.60000000000001,118.8
58,68,48,21,2,3,3,1,2,0,3,1,105.4,126.9,87.9,38.300000000000004
51,35,19,56,0,3,0,0,3,2,3,3,88.8,65.5,31.200000000000003,97.8
13,107,33,155,3,2,1,2,2,0,3,0,25.900000000000002,195.6,57.9,282.0
38,100,37,146,0,1,2,1,0,2,0,0,68.4,179.5,69.60000000000001,264.3
60,75,47,191,2,3,1,2,1,2,1,2,110.0,137.5,85.10000000000001,344.8
41,69,14,69,0,2,0,1,3,3,1,2,70.8,124.2,24.2,123.7
180,143,11,34,0,2,2,2,2,3,0,3,322.0,257.40000000000003,22.8,61.2
54,50,99,49,3,2,0,1,0,2,2,0,101.7,91.0,176.20000000000002,89.7
167,68,47,199,2,0,2,1,3,2,1,3,300.6,120.4,86.60000000000001,356.7
68,183,0,35,2,3,0,1,1,0,1,1,124.4,333.90000000000003,0.0,63.5
144,58,7,47,3,3,2,0,3,2,1,0,260.7,106.9,14.6,84.60000000000001
182,19,162,32,3,3,3,1,2,2,0,3,330.1,36.7,296.1,56.1
33,54,183,108,1,0,3,2,3,2,0,1,57.9,95.2,333.90000000000003,196.4
52,28,124,20,3,2,0,1,3,0,1,2,95.10000000000001,53.4,222.20000000000002,35.5
70,67,2,122,2,2,2,3,0,2,3,1,129.0,121.60000000000001,3.5999999999999996,223.1
1,1,65,94,2,2,2,1,1,1,3,2,3.8,3.8,117.0,168.70000000000002
42,35,66,60,3,3,2,3,2,3,0,2,78.10000000000001,64.5,121.8,110.5
24,41,22,75,0,3,1,3,1,2,1,1,42.2,76.3,40.1,138.5
24,15,143,42,2,3,1,1,1,1,2,2,45.2,30.5,256.90000000000003,75.10000000000001
44,68,15,44,1,2,3,3,3,2,1,3,77.7,123.4,30.5,80.7
40,68,4,17,3,1,1,0,0,2,2,2,76.5,121.9,6.699999999999999,28.6
0,52,62,52,3,1,1,3,2,3,0,2,0.0,92.10000000000001,113.10000000000001,96.10000000000001
20,47,106,173,1,1,3,1,2,3,1,1,35.5,83.10000000000001,194.3,311.90000000000003
42,107,59,47,1,1,0,0,3,1,2,3,74.10000000000001,193.1,104.2,81.60000000000001
38,67,19,13,1,3,0,1,3,3,3,1,66.9,122.10000000000001,31.200000000000003,23.900000000000002
61,46,113,13,3,2,0,0,2,3,0,0,112.3,82.8,203.4,23.400000000000002
16,44,184,25,1,3,2,3,1,2,2,0,29.3,81.7,332.2,49.5
132,22,7,8,2,2,0,0,2,1,1,3,238.6,41.6,11.6,11.4
157,48,25,2,0,1,1,0,3,1,1,1,279.6,86.9,45.5,2.6
3,8,110,132,1,1,2,3,0,3,0,0,6.9,12.9,201.0,242.1
61,60,22,63,2,3,2,1,1,3,2,0,111.8,109.5,40.6,114.9
51,67,30,27,1,2,0,0,1,1,1,0,92.3,122.60000000000001,53.0,48.6
77,14,1,103,0,0,3,0,1,3,2,0,137.6,22.2,4.3,185.4
11,42,54,182,0,2,3,1,2,2,1,0,17.8,76.60000000000001,100.7,329.1
74,14,105,57,2,1,2,1,3,3,1,0,133.20000000000002,23.7,191.0,104.10000000000001
18,43,26,15,0,2,1,0,3,2,3,2,29.4,78.4,45.300000000000004,25.0
44,52,49,60,3,1,2,3,0,1,1,3,83.7,94.10000000000001,90.2,109.5
51,20,28,19,3,0,3,0,1,2,3,2,95.3,34.0,51.9,32.2
66,52,24,21,1,0,0,2,2,2,0,3,118.3,91.60000000000001,43.2,37.800000000000004
18,193,33,57,1,1,0,2,0,1,0,0,33.9,347.90000000000003,59.4,105.60000000000001
40,170,22,52,2,1,0,0,2,3,3,1,73.0,304.5,36.6,92.60000000000001
69,57,4,29,1,0,3,0,0,3,3,3,125.7,99.60000000000001,8.7,49.2
114,23,48,16,3,0,2,1,3,2,1,1,206.70000000000002,39.4,88.4,29.3
64,6,34,19,0,2,0,1,1,3,0,3,114.2,10.8,61.2,32.7
13,121,67,46,2,1,1,1,3,1,0,3,23.400000000000002,218.3,122.10000000000001,81.3
44,60,27,171,3,0,0,2,2,1,3,3,81.7,107.0,45.6,307.8
0,37,16,1,0,2,3,2,0,3,0,0,0.0,66.60000000000001,33.3,4.8
20,9,26,2,0,0,2,1,1,2,0,1,35.0,14.2,49.800000000000004,4.1
42,32,172,21,0,1,0,0,3,0,3,3,72.60000000000001,59.1,306.6,34.800000000000004
9,55,57,40,1,2,3,1,0,2,1,0,17.7,100.0,106.10000000000001,73.5
42,175,15,167,0,1,0,1,0,3,0,1,75.60000000000001,313.5,27.0,301.1
103,28,69,50,3,2,2,0,1,2,1,2,188.9,51.4,126.2,88.0
67,35,59,5,2,0,3,1,0,2,1,0,123.60000000000001,61.0,109.7,10.5
67,13,70,106,2,0,0,1,1,3,1,3,122.60000000000001,20.400000000000002,125.0,189.3
2,66,29,186,2,2,0,1,2,1,3,1,4.6,120.8,49.2,335.3
1,24,46,13,2,0,0,2,1,1,2,2,3.8,42.2,80.8,24.400000000000002
199,64,35,76,0,3,0,1,0,0,1,1,358.2,119.7,62.0,137.3
9,70,39,21,2,1,3,3,3,1,0,2,16.2,126.5,74.7,40.300000000000004
11,50,2,69,2,1,3,0,3,1,2,3,19.8,90.5,6.1,121.2
53,65,36,119,1,2,1,3,0,0,0,1,96.9,120.0,66.3,217.70000000000002
3,28,6,15,0,0,2,1,3,3,3,3,2.4000000000000004,47.4,10.8,25.5
62,85,0,16,0,0,2,1,2,2,1,2,109.60000000000001,151.0,0.0,28.3
18,61,32,53,0,3,0,2,0,0,0,1,32.4,114.3,57.6,97.4
38,84,24,50,3,0,1,1,3,3,2,1,69.9,148.20000000000002,42.7,90.5
25,26,43,41,0,0,2,3,3,2,0,0,42.0,44.800000000000004,80.4,78.3
64,26,29,59,0,1,2,0,2,2,2,0,113.2,46.300000000000004,53.2,106.2
52,3,96,69,3,2,2,0,1,0,3,2,97.10000000000001,8.4,172.8,122.2
61,31,9,43,0,3,0,2,3,0,2,0,106.8,60.300000000000004,14.2,80.4
65,27,1,30,0,3,3,3,1,0,0,0,116.0,53.1,6.3,58.5
44,14,59,35,0,3,3,1,2,2,0,1,77.2,27.7,110.7,63.5
56,61,186,0,3,3,0,1,3,3,0,2,102.3,111.3,334.8,0.0
36,51,18,184,1,1,3,2,3,3,1,0,63.3,90.3,35.9,334.2
39,23,34,23,1,3,0,0,1,0,2,2,70.7,45.9,59.2,39.4
68,1,27,115,3,3,1,3,0,3,3,1,126.9,3.3,47.1,210.5
11,58,7,69,3,3,1,1,0,2,0,3,24.3,106.9,14.1,122.7
41,27,40,68,3,2,3,2,0,0,1,0,78.3,51.6,75.5,125.4
105,134,61,24,2,3,1,2,1,1,3,3,191.0,244.70000000000002,108.3,43.2
20,69,13,82,2,0,0,2,2,1,0,3,37.0,123.2,23.400000000000002,147.6
37,60,199,60,2,2,0,0,0,2,2,3,69.60000000000001,109.0,356.2,105.0
22,132,187,151,1,3,2,3,2,0,2,3,39.1,242.1,337.6,273.3
143,65,31,41,0,3,1,1,0,3,0,2,257.40000000000003,118.5,57.300000000000004,73.3
67,1,49,35,0,2,3,0,1,0,0,1,119.60000000000001,4.8,92.7,62.0
37,31,0,27,2,0,0,1,0,0,0,0,69.60000000000001,55.800000000000004,0.0,50.1
68,68,19,69,0,0,0,0,1,3,0,0,121.4,119.4,34.2,124.2
25,3,77,56,3,1,0,0,2,2,2,0,47.5,4.9,136.6,100.8
34,58,26,5,3,1,1,3,1,3,2,2,64.7,102.9,46.300000000000004,11.5
38,64,69,4,0,3,3,1,1,0,1,3,67.4,119.7,127.69999999999999,5.699999999999999
22,4,45,39,2,3,3,3,1,0,2,2,41.6,11.7,83.5,72.7
3,55,88,34,1,1,1,1,2,2,3,2,4.9,98.5,156.9,60.7
38,52,64,59,0,1,3,3,3,2,0,3,65.4,93.10000000000001,119.7,107.7
198,10,29,37,1,0,2,3,0,2,0,3,357.90000000000003,16.0,55.2,68.10000000000001
75,54,24,49,3,3,3,2,0,1,2,0,139.5,100.7,45.7,91.2
65,184,32,29,1,0,2,0,2,2,1,0,116.5,329.2,59.6,52.2
50,20,17,37,2,2,3,2,1,0,2,2,92.0,39.0,33.1,67.60000000000001
6,31,3,67,3,1,2,0,1,3,1,0,14.3,54.300000000000004,7.4,120.60000000000001
55,7,59,15,0,1,0,1,3,2,0,1,96.0,12.1,106.2,27.5
37,89,69,70,2,1,0,3,1,1,2,2,68.60000000000001,160.70000000000002,122.2,128.5
9,17,58,151,1,3,0,0,1,0,1,0,16.7,35.1,103.4,271.8
36,33,30,61,1,1,3,2,2,1,0,1,64.3,59.9,58.5,111.8
180,163,8,62,0,0,3,3,1,2,2,0,323.0,291.40000000000003,16.9,116.10000000000001
46,61,4,65,1,0,3,3,1,1,2,1,83.3,108.8,9.7,120.5
67,68,51,57,3,1,0,3,2,1,3,1,123.10000000000001,122.9,88.8,106.10000000000001
46,40,28,64,1,2,1,1,0,1,1,2,84.3,74.0,50.9,114.7
131,46,7,17,3,0,1,1,0,3,2,2,240.3,79.8,12.1,30.1
32,30,16,161,1,1,1,3,0,2,3,1,59.1,53.5,27.3,293.3
42,34,78,30,1,0,0,0,2,0,3,1,75.10000000000001,61.2,137.4,53.0
69,12,16,161,3,2,3,2,2,3,0,3,126.69999999999999,21.6,33.3,289.8
9,38,37,87,0,3,1,0,0,1,1,3,16.2,71.9,67.10000000000001,153.6
178,128,50,63,1,0,2,0,3,1,1,0,318.90000000000003,229.4,92.0,113.4
48,131,8,57,3,1,0,1,1,3,1,1,89.9,234.3,13.4,103.10000000000001
55,58,85,69,1,0,0,0,0,2,1,3,100.5,102.4,152.0,121.2
31,20,42,73,1,1,1,0,3,3,0,2,54.300000000000004,34.5,77.10000000000001,129.4
88,61,25,46,2,1,3,1,1,1,1,0,160.4,110.3,48.5,84.3
123,32,51,174,3,3,1,0,2,1,1,3,223.9,61.1,92.3,310.2
64,29,2,28,0,2,3,2,1,3,3,0,114.2,52.2,5.1,53.4
141,55,65,47,1,0,1,2,1,3,3,2,254.3,96.0,115.5,85.60000000000001
47,45,48,13,2,1,2,3,0,1,1,3,87.60000000000001,81.5,88.4,24.900000000000002
21,32,11,18,0,2,3,1,1,1,3,2,36.800000000000004,59.6,21.3,31.9
44,73,30,66,3,3,0,2,0,3,1,1,83.7,132.9,53.0,120.8
24,35,54,53,0,3,2,1,0,3,0,2,43.2,64.5,100.2,94.9
120,50,160,33,0,3,3,3,2,1,1,2,214.0,93.5,291.5,61.9
27,16,55,31,2,0,2,3,2,3,2,3,49.6,25.8,100.0,57.300000000000004
52,9,50,55,2,1,1,2,3,2,3,2,93.60000000000001,15.7,88.5,100.0
11,70,88,32,1,3,1,1,2,0,3,0,19.3,130.5,156.9,59.1
61,51,44,24,0,0,3,0,2,1,1,2,107.8,90.8,82.7,41.2
0,42,42,42,2,2,2,3,2,0,2,3,0.0,78.60000000000001,76.60000000000001,77.10000000000001
193,12,52,37,2,3,3,0,2,1,0,2,348.40000000000003,25.1,98.10000000000001,64.60000000000001
58,175,34,165,1,3,3,0,1,1,0,3,104.9,318.5,65.7,294.0
8,59,53,16,2,1,2,1,0,1,3,0,17.4,106.7,95.4,30.3
37,9,18,123,1,2,2,2,1,3,1,3,67.10000000000001,16.2,34.4,221.4
25,1,14,198,0,1,0,2,3,3,3,0,42.0,0.2999999999999998,22.2,359.40000000000003
177,5,64,57,1,2,0,1,3,0,1,1,317.1,12.0,114.2,103.10000000000001
6,104,146,23,0,0,3,1,1,1,1,0,9.8,186.20000000000002,266.3,42.9
36,137,49,22,3,2,0,3,3,3,3,3,66.3,246.6,85.2,41.1
66,48,65,57,0,1,0,0,1,1,2,0,117.8,86.9,115.0,102.60000000000001
22,30,20,44,2,2,3,2,1,2,3,2,41.6,55.0,37.5,80.2
19,38,49,68,1,2,3,1,3,3,3,1,32.7,68.4,89.7,122.9
62,167,67,22,1,3,1,0,0,2,3,1,113.10000000000001,303.1,119.10000000000001,38.6
15,35,52,153,3,3,3,0,0,1,0,1,31.5,66.5,98.10000000000001,274.40000000000003
60,50,14,14,0,0,1,3,3,2,1,0,105.0,88.0,25.7,29.7
50,9,26,52,3,0,3,3,3,2,0,3,91.5,14.2,51.300000000000004,95.10000000000001
6,17,74,33,2,3,3,0,2,0,0,3,11.8,35.1,137.70000000000002,56.4
170,18,9,61,2,3,0,1,1,0,2,3,308.0,36.9,14.2,108.3
67,94,80,1,3,0,1,1,3,2,0,3,122.10000000000001,167.20000000000002,145.5,0.2999999999999998
59,133,50,64,1,2,3,3,1,2,3,0,106.7,240.4,91.5,119.7
49,49,71,46,0,0,1,0,0,3,0,2,88.2,85.2,129.3,80.8
174,39,62,77,0,1,2,1,0,3,0,1,313.2,68.7,114.60000000000001,139.1
61,7,55,64,0,2,1,1,0,1,1,2,109.8,14.6,99.5,114.7
59,55,14,13,2,2,1,1,2,3,3,1,107.2,99.0,23.7,23.900000000000002
21,117,29,53,0,1,2,0,1,3,2,2,36.800000000000004,209.1,53.2,93.4
92,69,197,98,0,2,3,3,0,1,3,0,165.6,126.2,356.1,180.9
188,28,40,53,1,0,2,2,3,2,0,1,336.90000000000003,48.4,75.0,97.4
47,0,10,20,2,0,2,1,1,1,3,1,86.60000000000001,0.0,18.0,36.5
120,156,97,148,1,3,1,0,3,1,1,0,214.5,284.3,175.1,266.40000000000003
62,30,124,47,2,1,2,0,2,0,2,2,112.60000000000001,55.5,224.20000000000002,82.60000000000001
7,63,22,13,0,2,1,3,1,3,0,2,11.6,113.4,41.1,25.900000000000002
50,102,69,105,1,1,3,2,0,3,2,3,91.5,182.1,126.69999999999999,189.0
151,73,40,9,0,0,0,2,3,3,2,2,268.8,128.4,70.0,17.2
20,63,86,30,2,2,1,1,1,2,2,3,38.0,114.4,154.3,52.5
51,8,29,29,2,2,1,2,3,2,2,0,91.8,15.399999999999999,51.7,55.2
42,37,25,30,1,1,0,2,3,2,1,0,74.10000000000001,66.10000000000001,44.0,57.0
127,19,48,51,1,3,2,1,0,2,2,0,230.1,36.7,87.4,93.3
82,42,51,53,1,1,3,0,3,2,0,3,146.1,75.10000000000001,96.3,92.4
45,67,52,21,2,1,0,1,2,3,1,1,82.0,119.10000000000001,92.60000000000001,38.300000000000004
58,49,61,51,1,2,0,3,1,1,3,0,104.9,90.2,106.8,96.3
130,14,42,58,3,3,1,1,1,1,2,3,237.5,28.7,75.10000000000001,102.9
114,50,73,26,2,1,3,3,0,2,2,0,208.20000000000002,89.5,133.9,51.300000000000004
28,39,70,10,1,3,2,0,0,1,3,3,51.9,73.7,126.0,15.0
26,149,45,45,3,3,1,2,0,0,0,0,51.300000000000004,272.7,82.5,84.0
5,49,161,17,1,3,3,0,0,0,1,2,10.5,92.7,293.3,28.6
5,19,21,14,2,2,1,1,3,0,0,1,9.0,37.2,39.300000000000004,25.7
32,23,188,42,3,1,1,2,3,0,2,3,59.1,42.9,337.90000000000003,75.60000000000001
66,18,42,23,2,0,0,1,0,3,2,2,121.8,29.4,73.60000000000001,40.9
27,18,131,19,1,1,1,3,1,2,0,1,49.1,31.9,237.3,37.7
23,25,17,177,1,2,1,1,2,3,2,1,40.9,45.0,30.1,319.1
69,36,13,43,0,2,0,2,0,0,3,2,124.2,67.8,20.400000000000002,78.4
47,55,0,52,2,0,0,1,1,0,1,0,86.60000000000001,99.0,0.0,95.10000000000001
56,7,5,85,2,2,2,2,2,3,1,0,101.8,12.6,11.0,156.0
30,7,120,15,2,3,2,2,0,0,0,3,57.0,17.1,219.0,27.0
67,27,3,26,1,1,2,2,1,0,1,0,121.10000000000001,50.1,7.4,49.800000000000004
30,37,21,29,2,1,1,1,0,1,2,1,57.0,67.10000000000001,37.300000000000004,52.7
42,167,67,101,0,3,2,3,1,1,2,1,74.60000000000001,304.1,121.60000000000001,185.3
32,66,66,13,1,3,2,2,2,1,1,1,57.1,122.3,120.8,25.400000000000002
64,138,93,69,2,0,0,2,2,0,2,1,116.2,248.4,165.4,126.2
108,145,168,21,2,3,0,0,3,1,1,1,194.4,264.5,301.40000000000003,36.800000000000004
66,56,43,58,1,2,0,0,2,0,2,0,118.3,103.8,75.4,104.4
121,43,136,13,3,3,1,1,3,3,3,3,219.3,78.9,243.3,21.900000000000002
37,72,20,177,2,3,2,0,2,2,3,2,67.60000000000001,132.1,36.0,316.6
198,23,54,41,2,3,3,0,1,2,2,1,358.40000000000003,43.9,99.7,72.8
12,1,30,9,2,3,2,2,2,1,2,3,22.6,5.3,55.0,16.2
60,42,46,51,2,2,0,0,3,0,1,2,108.0,78.60000000000001,81.8,89.8
51,191,37,54,3,0,1,0,1,3,2,1,95.3,340.8,66.10000000000001,96.2
200,4,164,41,1,2,2,3,0,3,3,2,361.5,7.199999999999999,295.2,76.3
32,21,49,46,2,2,3,3,0,2,1,2,60.6,38.800000000000004,91.7,85.3
15,200,21,6,3,0,1,1,0,2,1,2,31.5,358.0,38.300000000000004,10.3
62,21,36,109,1,2,3,1,3,2,1,3,110.10000000000001,38.800000000000004,68.3,194.70000000000002
125,150,35,61,1,2,1,3,0,3,0,3,226.5,270.0,64.5,111.3
130,33,20,67,2,0,3,0,3,2,0,1,234.0,57.4,40.5,119.60000000000001
4,66,67,22,3,1,3,1,2,3,3,1,9.7,117.3,122.10000000000001,40.1
26,10,10,17,0,3,2,2,1,0,3,0,45.800000000000004,22.5,18.0,33.6
8,52,15,4,2,2,0,2,0,2,3,2,17.4,94.60000000000001,24.0,8.2
191,37,38,61,0,1,2,3,2,2,1,3,341.8,66.10000000000001,70.4,111.3
48,21,9,4,2,0,3,2,1,3,0,0,88.4,34.800000000000004,20.7,10.2
67,32,34,53,0,0,2,1,2,3,2,3,118.60000000000001,54.6,62.2,93.9
26,115,49,23,0,0,2,0,0,3,2,3,46.800000000000004,204.0,89.2,38.4
24,66,193,10,1,0,0,3,1,0,3,0,43.7,118.8,344.40000000000003,22.5
97,18,35,105,2,0,3,3,3,1,0,1,174.6,31.4,67.5,192.5
56,57,8,67,0,1,0,0,0,1,0,2,100.8,103.10000000000001,14.4,118.60000000000001
18,70,180,64,3,2,0,3,0,1,1,1,36.9,128.0,323.0,118.7
48,11,62,14,1,1,2,0,1,0,2,2,86.9,21.3,112.60000000000001,23.2
52,21,6,21,0,3,3,0,2,0,1,3,91.60000000000001,42.300000000000004,14.3,34.800000000000004
5,68,131,21,3,2,3,2,3,0,1,1,10.5,125.4,239.3,39.800000000000004
5,51,44,37,3,2,2,1,0,0,3,3,13.5,94.8,79.2,65.10000000000001
24,68,66,17,2,0,0,3,2,1,1,3,44.2,121.4,117.8,32.1
67,55,64,146,3,0,1,2,2,2,1,1,123.10000000000001,97.0,115.7,264.8
42,36,43,90,2,0,2,3,2,2,1,2,76.60000000000001,62.8,79.4,164.5
121,12,108,43,2,0,3,2,1,0,1,1,219.8,21.6,197.9,79.4
37,28,68,51,1,0,0,2,0,0,2,1,68.10000000000001,50.4,120.4,93.8
51,15,31,41,0,1,3,3,2,3,2,3,89.8,25.5,58.300000000000004,75.3
52,41,67,32,3,3,1,1,1,1,1,2,97.10000000000001,77.3,121.10000000000001,57.1
15,39,21,46,3,3,2,2,2,1,0,0,29.5,73.7,40.800000000000004,85.8
186,4,18,8,3,2,3,2,1,3,2,1,338.3,7.199999999999999,34.9,16.4
3,93,87,1,2,0,0,2,3,1,0,1,5.4,166.4,156.6,3.8
38,35,173,54,3,1,3,1,1,2,3,0,71.9,62.5,312.90000000000003,98.7
8,30,4,32,0,2,2,1,0,1,2,2,14.4,56.0,8.2,57.1
28,56,14,0,2,0,1,1,1,1,2,3,52.4,99.8,24.7,0.0
47,11,27,34,2,1,2,1,0,3,0,2,87.60000000000001,18.3,51.6,60.7
57,18,167,22,2,0,1,3,1,2,0,2,104.60000000000001,30.4,302.1,42.1
53,28,30,30,2,2,3,0,2,1,0,0,96.4,52.4,58.5,54.0
67,20,56,197,3,2,2,1,0,3,3,0,125.10000000000001,36.0,100.8,356.1
1,64,3,16,2,2,3,3,3,1,0,0,1.7999999999999998,117.2,9.9,33.3
111,54,15,59,1,2,3,3,1,2,1,3,200.3,98.2,30.5,107.7
44,3,14,40,1,2,3,0,0,2,0,3,80.7,6.4,29.7,69.0
5,161,13,64,2,0,1,3,1,3,1,2,11.0,286.8,23.900000000000002,117.7
19,16,41,40,3,3,3,2,2,2,0,1,36.7,31.299999999999997,78.3,74.0
170,14,58,15,2,3,1,2,3,1,3,3,306.0,28.7,102.9,27.0
8,9,13,44,0,0,1,3,1,0,2,0,13.4,16.2,22.900000000000002,83.7
32,83,12,55,0,3,2,1,0,0,3,2,57.6,153.9,21.6,98.5
12,4,57,163,1,1,3,3,0,2,3,1,23.1,6.699999999999999,104.10000000000001,296.90000000000003
107,31,26,5,1,0,1,2,0,2,1,3,194.1,53.800000000000004,47.300000000000004,9.0
0,126,24,60,1,2,3,0,3,3,1,0,0.0,226.8,46.7,108.0
50,57,28,5,1,1,1,2,1,0,2,1,90.5,104.10000000000001,49.9,11.0
60,190,10,59,1,2,1,3,1,2,3,0,108.5,343.0,16.5,110.7
180,3,1,195,3,2,1,2,3,2,1,2,325.5,6.4,2.3,352.0
82,123,13,62,1,2,1,2,3,0,2,2,146.1,224.4,22.900000000000002,112.60000000000001
81,23,14,37,1,3,0,2,2,0,1,3,145.3,45.9,24.2,66.60000000000001
18,65,29,65,3,3,0,2,2,0,3,3,34.9,121.5,49.2,117.0
16,122,10,39,2,2,2,1,3,2,0,2,28.8,220.6,21.0,69.7
27,29,68,15,0,2,3,3,3,2,2,2,45.6,53.2,124.9,29.5
66,7,41,50,3,1,0,2,3,3,0,1,120.3,11.1,73.8,92.0
112,66,106,57,1,2,0,3,1,2,1,2,202.1,119.8,189.8,105.10000000000001
16,15,2,84,1,3,0,1,2,0,0,3,28.3,31.5,3.6,149.70000000000002
12,56,73,18,0,3,3,2,2,2,3,1,19.6,103.3,132.9,34.4
145,15,38,61,0,0,0,0,3,2,0,3,258.0,25.0,68.4,106.8
172,23,42,39,2,3,2,2,1,3,0,0,311.6,42.9,78.60000000000001,73.2
97,193,6,27,1,2,2,2,0,1,1,1,176.1,349.40000000000003,12.8,50.6
146,15,57,52,1,1,0,3,0,3,3,0,264.3,25.5,99.60000000000001,98.10000000000001
63,20,4,28,2,3,1,3,2,0,0,2,114.4,40.5,8.7,52.9
46,55,21,20,2,0,1,0,3,3,1,0,82.8,96.0,38.300000000000004,36.0
19,79,98,59,0,2,3,2,1,3,1,1,33.2,142.20000000000002,179.9,108.2
36,8,133,14,1,0,0,0,2,0,0,1,64.3,14.4,239.4,24.2
53,24,57,57,0,3,1,0,0,0,1,1,95.4,47.7,103.10000000000001,101.60000000000001
190,153,27,65,3,0,1,0,2,2,3,0,344.5,273.40000000000003,47.1,117.0
38,52,42,63,1,2,3,3,1,0,3,1,68.9,96.60000000000001,77.10000000000001,116.9
9,14,63,2,2,0,1,1,2,3,1,3,17.2,22.2,113.9,2.0999999999999996
3,56,24,68,3,0,0,1,1,1,2,2,8.9,99.8,41.2,121.9
13,63,186,69,2,3,0,1,1,0,0,0,25.400000000000002,117.9,334.8,125.7
23,4,17,53,1,0,2,2,3,2,0,3,39.9,5.2,33.6,95.4
124,88,61,53,3,1,0,2,0,3,2,1,227.70000000000002,156.9,107.8,97.4
45,30,96,28,1,0,3,2,0,1,2,0,82.5,53.0,175.3,53.4
41,50,49,64,1,2,1,1,3,3,0,1,72.3,90.0,89.7,115.7
50,36,47,47,3,3,3,3,1,1,1,2,93.5,68.3,88.10000000000001,87.10000000000001
18,51,57,60,1,1,3,1,1,0,0,0,32.9,93.3,107.10000000000001,109.5
37,67,62,65,2,2,0,0,3,0,3,3,66.60000000000001,123.60000000000001,108.60000000000001,114.0
28,147,155,27,2,3,1,2,0,1,1,3,53.4,268.1,279.5,48.6
114,38,49,161,2,0,1,3,1,2,2,3,207.20000000000002,66.4,87.7,291.3
66,47,30,192,3,3,0,1,1,0,0,2,122.3,89.10000000000001,54.0,345.1
55,39,70,41,0,0,3,1,2,3,0,3,97.0,67.2,130.5,72.3
8,183,48,71,0,2,1,1,1,0,0,0,13.4,332.40000000000003,87.9,129.3
25,44,51,61,0,2,1,0,0,1,1,3,45.0,81.2,92.3,106.8
2,65,41,60,1,2,2,2,3,2,1,3,2.0999999999999996,118.0,75.8,108.0
3,8,55,4,0,2,3,0,2,0,1,2,3.4000000000000004,17.4,102.5,5.2
43,43,99,24,0,2,3,0,2,0,1,3,75.4,80.4,181.70000000000002,40.2
15,10,38,45,2,0,1,0,0,2,2,0,30.0,16.0,67.9,81.0
149,194,63,23,0,1,2,2,3,3,0,2,265.2,347.7,116.4,42.4
24,43,72,58,0,1,1,3,1,2,0,3,42.2,76.9,131.1,105.9
58,45,36,49,1,1,1,0,1,1,1,0,104.9,81.5,65.3,88.2
61,23,12,38,0,3,0,1,0,0,0,3,109.8,45.9,21.6,66.9
18,116,3,12,1,1,2,0,0,1,1,1,33.9,209.3,7.4,20.6
49,62,138,66,2,0,2,1,3,3,1,1,88.2,108.60000000000001,250.4,119.3
59,30,61,2,3,2,1,0,1,1,0,2,109.7,56.0,111.3,1.6
48,25,24,6,0,1,0,2,1,1,1,2,85.4,45.5,42.2,11.8
13,147,9,42,2,3,3,2,1,1,1,1,25.400000000000002,268.1,19.7,77.60000000000001
53,54,31,5,1,0,2,2,3,0,0,2,93.9,97.2,58.800000000000004,10.0
76,68,32,63,0,1,3,0,3,0,3,2,133.8,123.9,59.1,111.4
69,19,28,67,3,1,1,2,1,0,3,1,127.69999999999999,35.7,48.9,122.60000000000001
56,7,84,125,2,3,3,1,0,3,2,3,103.8,14.100000000000001,153.70000000000002,223.5
56,46,40,51,3,2,0,0,3,2,3,2,102.3,83.8,69.0,89.8
196,48,62,63,2,0,3,0,1,0,2,2,354.8,86.4,114.10000000000001,111.4
46,29,53,169,1,2,2,3,3,3,0,0,81.3,52.2,98.4,308.7
38,33,15,29,1,1,3,3,0,0,3,2,69.9,60.9,28.5,54.7
11,196,49,52,1,0,1,2,3,0,0,1,18.3,352.8,89.7,95.60000000000001
123,33,9,24,3,0,2,0,3,3,1,1,222.9,56.4,18.2,42.2
25,144,22,56,0,0,2,1,1,0,3,1,44.0,259.2,39.6,101.3
32,32,3,188,1,3,1,2,0,0,2,2,59.1,62.1,4.9,339.40000000000003
134,93,136,49,0,1,0,0,1,0,1,0,240.20000000000002,168.9,243.8,88.2
48,0,23,27,0,1,3,1,0,2,1,1,86.4,0.0,44.9,49.1
18,47,23,25,3,2,3,3,1,2,2,3,35.9,85.60000000000001,43.9,46.5
67,18,1,49,1,3,3,3,0,1,1,1,122.10000000000001,35.9,5.3,91.7
23,5,13,30,3,3,2,2,0,1,1,3,45.9,12.5,25.400000000000002,54.0
15,3,61,5,3,0,0,2,2,1,2,2,29.5,4.4,107.8,10.0
32,24,13,89,1,3,3,3,1,3,1,3,58.1,44.7,26.900000000000002,161.70000000000002
176,32,25,49,0,0,0,2,1,0,3,3,315.8,57.6,42.0,88.2
146,137,18,19,3,3,0,2,0,1,0,0,267.3,250.1,32.4,37.2
174,43,9,29,0,3,1,0,3,3,2,3,310.2,78.9,15.7,49.2
35,6,198,128,3,0,0,1,1,2,0,2,66.5,8.8,356.40000000000003,229.9
53,25,55,99,0,2,3,3,0,2,1,1,95.4,46.0,102.5,181.70000000000002
15,58,63,35,2,0,2,3,1,1,2,0,29.0,103.4,114.4,67.5
33,100,99,175,1,0,3,0,2,2,3,0,58.9,178.0,179.70000000000002,315.0
48,130,45,181,3,0,3,2,3,0,2,0,87.9,234.0,83.5,328.8
58,26,14,17,3,0,2,1,3,2,0,2,105.9,44.800000000000004,28.2,30.1
30,19,73,41,3,2,3,1,1,0,2,2,57.5,37.2,133.9,73.3
47,66,41,67,1,3,0,2,2,1,3,2,84.10000000000001,122.3,70.8,121.60000000000001
170,27,25,29,1,1,0,3,1,2,1,1,306.5,48.1,44.0,55.7
51,27,21,58,3,3,1,2,3,3,2,3,93.3,50.1,37.300000000000004,104.4
2,45,65,143,0,2,1,0,1,1,2,1,2.6,83.0,116.5,256.40000000000003
55,31,80,41,1,0,0,2,3,1,0,3,97.5,54.800000000000004,144.0,73.8
72,83,58,3,2,1,3,0,0,3,0,1,132.6,147.9,108.9,4.4
63,37,33,25,3,3,3,2,0,1,0,0,117.9,70.10000000000001,63.9,48.0
45,188,150,42,0,3,1,1,2,3,0,3,79.0,339.90000000000003,271.5,74.10000000000001
23,69,147,69,3,1,1,1,2,2,3,1,43.9,123.7,263.1,124.7
39,18,48,22,1,1,2,1,1,0,0,1,70.7,33.9,89.4,40.1
188,135,63,9,0,2,3,1,2,1,0,0,336.40000000000003,245.0,117.9,17.7
11,135,46,65,1,0,1,2,1,2,2,3,20.3,241.0,82.3,117.0
15,12,82,86,2,2,3,3,3,3,3,1,27.0,21.6,149.1,158.3
45,18,11,42,1,3,0,2,1,0,3,0,81.5,36.9,16.8,78.60000000000001
21,26,43,24,3,0,3,1,2,2,1,1,40.300000000000004,44.800000000000004,80.9,43.7
40,150,15,57,0,1,2,2,0,0,3,1,72.0,271.5,27.0,104.60000000000001
94,124,4,181,3,0,1,0,3,0,1,1,170.70000000000002,223.20000000000002,7.699999999999999,324.8
110,22,54,47,0,3,1,3,1,0,2,0,197.0,44.1,96.7,89.10000000000001
56,28,51,61,0,0,2,0,2,1,1,0,98.8,49.4,93.8,109.8
48,27,23,48,3,3,1,0,0,2,3,1,90.9,51.1,39.9,85.4
14,54,29,25,0,2,1,1,2,0,0,3,23.2,100.2,53.7,43.5
57,36,45,107,2,2,2,1,3,3,1,3,102.60000000000001,64.8,83.0,191.1
4,31,50,33,0,1,3,2,1,1,3,0,6.2,56.300000000000004,91.5,62.4
58,60,4,27,3,3,2,0,2,3,2,3,106.9,109.5,8.2,45.6
70,116,58,150,0,0,0,0,1,1,3,2,125.0,207.8,101.4,268.0
60,32,28,17,2,2,1,1,0,2,2,0,111.0,58.6,49.9,32.1
29,23,59,5,0,0,3,0,1,0,1,1,51.2,41.4,109.7,8.0
124,33,109,82,1,3,0,3,1,2,1,1,223.70000000000002,61.9,195.20000000000002,151.1
30,38,44,121,1,2,2,2,3,2,0,3,52.5,69.4,82.2,217.8
21,42,17,19,3,2,1,3,3,1,1,2,39.300000000000004,77.60000000000001,31.1,36.7
199,168,25,2,0,2,3,0,3,1,3,0,355.2,304.40000000000003,46.5,3.6
66,126,19,32,3,1,1,1,1,1,2,2,122.3,227.3,33.7,57.1
146,49,55,29,1,0,1,2,3,1,3,0,261.3,87.2,97.5,55.2
10,14,147,8,3,0,1,0,2,2,2,3,20.5,23.2,264.1,11.4
51,6,39,43,0,0,0,3,2,1,3,2,89.8,9.8,67.2,79.9
2,29,50,12,0,1,0,1,0,1,3,2,3.6,52.7,87.0,21.1
21,61,2,58,1,3,3,1,3,0,1,1,36.300000000000004,114.3,7.1,104.9
59,5,66,27,3,0,3,1,0,3,3,0,110.7,6.0,120.3,50.1
62,66,34,35,0,2,0,2,1,2,1,1,110.60000000000001,119.8,60.2,65.0
42,19,36,146,3,2,3,2,1,3,0,1,79.10000000000001,34.2,69.3,264.8
6,1,65,40,3,3,0,0,2,1,2,2,13.3,5.3,115.0,70.0
153,169,32,0,3,1,0,2,3,2,2,0,276.90000000000003,303.7,55.6,0.0
17,42,64,43,2,2,0,1,1,1,1,1,32.6,77.60000000000001,114.2,77.9
192,84,6,89,2,0,0,0,1,0,3,0,347.6,151.20000000000002,7.800000000000001,160.20000000000002
103,14,41,39,2,2,2,1,3,2,1,0,185.4,26.2,75.8,71.7
188,8,43,6,3,2,3,0,3,2,3,3,339.90000000000003,15.399999999999999,78.9,7.800000000000001
57,32,38,11,0,0,3,1,1,2,1,3,101.60000000000001,55.6,71.9,18.3
54,22,37,53,2,2,3,1,3,2,3,0,97.2,40.6,68.10000000000001,96.9
102,42,51,24,3,0,1,1,0,2,0,1,188.1,73.60000000000001,93.3,43.7
48,9,62,23,1,3,1,2,0,2,1,2,87.9,18.7,112.10000000000001,42.4
67,184,10,31,1,3,3,2,1,2,1,3,121.10000000000001,333.7,21.5,55.800000000000004
55,48,8,61,0,0,3,3,1,3,2,3,98.0,83.4,16.9,111.3
139,62,71,53,1,1,3,1,0,2,0,3,251.70000000000002,111.10000000000001,132.3,93.9
179,44,7,44,2,2,2,2,3,0,3,0,322.2,82.2,12.6,82.2
108,39,60,49,1,1,0,2,0,1,1,0,195.9,70.7,107.0,91.2
28,36,0,54,2,1,1,3,1,0,2,1,52.4,66.3,0.0,100.7
2,38,61,42,0,3,1,0,2,3,1,2,1.6,69.9,110.3,73.60000000000001
82,50,58,31,2,0,3,0,3,2,0,2,147.6,88.0,108.9,53.800000000000004
17,27,0,109,1,0,0,1,3,0,3,3,29.1,48.6,0.0,194.70000000000002
24,37,34,34,1,0,1,2,2,0,2,3,42.7,66.60000000000001,60.7,61.2
6,105,28,20,0,2,0,2,1,1,0,1,9.8,191.0,50.4,38.0
60,13,37,54,0,3,1,2,0,0,3,0,108.0,27.900000000000002,65.10000000000001,100.2
58,41,63,101,2,2,2,0,1,3,1,0,106.4,73.8,115.4,181.8
27,51,37,171,1,3,0,3,1,1,0,0,49.1,95.3,66.60000000000001,312.3
1,46,179,36,1,3,1,2,1,3,1,3,2.3,84.3,322.7,64.8
27,49,103,41,2,2,0,2,0,1,1,1,51.6,90.2,184.4,75.8
164,48,179,171,2,3,1,0,3,3,0,1,295.2,87.9,323.7,306.8
37,60,188,67,2,3,1,3,1,2,0,3,68.60000000000001,110.5,339.90000000000003,122.10000000000001
131,126,2,13,0,0,1,3,1,3,1,0,234.8,223.8,4.1,27.900000000000002
11,52,58,86,2,2,1,3,0,3,1,2,22.8,93.60000000000001,104.9,157.3
30,16,110,21,1,0,3,2,3,2,1,3,52.5,26.8,201.5,37.800000000000004
39,64,138,40,2,0,3,1,3,2,1,1,70.2,113.2,251.9,72.5
1,162,51,3,1,2,1,0,3,3,2,2,0.2999999999999998,291.6,91.3,3.4000000000000004
22,31,18,6,1,3,3,2,0,3,2,3,41.1,57.300000000000004,34.9,10.8
17,114,65,76,2,3,0,2,0,1,0,0,33.6,208.70000000000002,117.0,139.8
108,36,54,8,0,2,1,1,3,1,1,3,191.4,66.8,97.7,12.9
74,159,37,60,3,1,1,2,0,0,0,2,137.70000000000002,287.7,68.10000000000001,109.0
69,37,45,24,2,2,0,0,3,1,1,1,124.2,68.60000000000001,80.0,42.2
156,6,52,19,3,2,3,3,3,2,0,0,282.3,11.8,98.10000000000001,38.7
27,23,64,48,2,0,1,3,3,0,3,3,48.6,41.4,113.7,87.9
46,62,30,0,0,0,0,3,3,3,3,2,79.8,108.60000000000001,51.0,0.0
5,1,9,53,1,3,0,2,2,2,3,0,8.5,4.3,13.2,98.4
128,180,197,61,2,0,2,3,2,2,3,1,231.4,322.0,354.6,113.3
42,31,57,50,3,3,0,3,3,1,2,0,77.10000000000001,59.300000000000004,100.60000000000001,94.5
143,191,87,16,3,1,3,0,1,2,0,0,260.90000000000003,343.3,161.1,28.8
169,58,55,59,1,1,3,0,2,1,0,2,303.7,104.9,103.5,104.2
63,25,12,67,2,2,0,1,3,3,0,1,113.4,45.0,21.6,121.10000000000001
62,41,42,18,2,2,3,1,3,1,0,0,111.60000000000001,75.8,80.10000000000001,33.9
11,19,56,9,1,3,2,3,3,0,1,3,18.3,38.7,102.8,17.7
9,60,63,51,0,2,0,3,0,1,2,3,16.2,110.0,111.4,93.3
43,13,45,21,0,0,3,0,1,3,0,2,76.4,20.400000000000002,85.5,35.800000000000004
185,108,96,29,3,2,0,3,0,0,1,3,337.5,197.4,171.8,53.7
176,10,65,45,1,2,3,0,3,2,3,3,315.3,19.0,118.5,78.0
58,16,30,60,1,0,3,0,0,2,2,2,105.9,26.8,56.5,106.0
165,44,35,151,0,0,1,0,1,0,3,0,296.0,79.2,61.5,271.8
129,144,55,11,3,2,0,0,2,2,3,0,234.70000000000002,260.2,96.0,19.8
20,48,23,170,0,0,2,1,2,0,3,1,34.0,86.4,41.4,306.5
57,147,46,146,0,3,3,3,2,0,1,1,100.60000000000001,269.1,86.3,266.3
48,61,69,46,0,0,2,3,3,3,1,2,83.4,106.8,126.2,85.3
21,146,59,52,2,1,2,3,3,1,1,0,37.800000000000004,263.3,108.2,98.10000000000001
53,36,34,192,0,0,1,2,3,0,1,0,92.4,64.8,61.7,348.6
62,42,98,79,3,2,1,3,3,0,3,0,113.10000000000001,78.60000000000001,174.9,146.70000000000002
55,24,11,61,1,2,2,3,0,0,0,1,100.5,46.2,22.8,113.3
77,45,52,0,3,1,1,2,0,2,0,2,143.1,80.5,95.10000000000001,0.0
60,48,65,156,0,1,2,3,3,3,3,2,105.0,84.9,117.0,283.3
106,55,64,50,0,1,2,1,0,3,0,3,190.8,97.5,118.2,88.5
50,171,30,65,0,0,2,0,3,0,2,0,87.0,307.8,55.0,117.0
60,62,48,164,2,0,0,0,2,0,3,3,109.0,111.60000000000001,83.4,292.2
67,5,49,0,2,1,1,2,3,0,2,2,120.60000000000001,10.5,87.7,0.0
64,33,67,30,1,2,2,3,2,1,0,3,114.7,61.4,123.60000000000001,55.5
41,164,23,181,3,1,0,2,2,0,3,0,76.3,296.7,38.4,328.8
7,197,14,32,1,1,3,0,3,1,2,3,11.1,355.1,27.7,54.6
70,5,13,141,0,3,2,2,1,3,0,0,125.0,10.5,26.400000000000002,256.8
20,57,144,15,3,0,3,3,0,2,0,3,40.5,100.60000000000001,263.7,28.5
14,59,47,42,0,2,1,1,2,1,3,3,23.2,108.2,83.10000000000001,74.10000000000001
12,41,166,33,2,3,3,3,3,0,0,0,21.6,78.3,303.3,63.9
8,43,98,4,1,3,3,3,2,1,2,3,13.9,80.9,178.9,8.7
32,52,7,167,3,0,0,3,2,0,2,3,60.1,93.60000000000001,10.6,302.1
50,20,98,147,2,0,2,0,1,2,1,2,92.0,34.0,178.4,262.6
188,6,5,63,2,3,1,1,0,1,3,3,341.40000000000003,14.3,7.5,111.9
4,106,11,7,2,0,3,2,0,3,0,2,10.2,187.8,24.3,13.6
60,149,23,39,0,0,0,0,3,1,1,0,105.0,267.2,40.4,70.2
17,18,190,74,3,3,3,3,0,2,0,1,35.1,34.9,346.5,136.70000000000002
16,51,116,84,3,0,1,0,1,1,3,1,32.3,90.8,207.3,150.20000000000002
102,60,6,39,0,2,1,0,0,0,3,2,183.6,111.0,9.3,68.2
50,48,36,25,1,0,3,2,3,2,2,3,88.5,84.4,67.3,45.0
97,191,157,74,0,0,3,0,0,1,1,2,174.6,342.8,286.1,131.20000000000002
40,24,32,39,1,1,2,2,2,0,3,1,71.5,44.7,57.6,72.2
46,21,31,10,1,2,1,0,2,2,3,0,82.3,38.800000000000004,54.300000000000004,18.0
26,196,27,22,3,3,3,2,0,0,2,3,51.300000000000004,357.3,51.1,39.6
2,123,64,177,3,1,0,3,3,2,1,3,5.1,220.9,114.2,320.1
84,68,179,43,3,2,0,3,0,1,1,2,155.70000000000002,124.4,321.2,79.9
23,70,35,51,0,3,3,1,1,2,3,1,40.4,128.5,64.5,92.3
137,6,15,39,2,3,3,3,2,0,0,1,247.6,15.3,31.5,73.7
136,63,18,42,2,0,2,1,3,0,3,0,244.8,113.4,32.4,77.10000000000001
89,28,181,109,3,3,3,0,2,0,0,2,162.70000000000002,54.9,330.3,194.20000000000002
29,13,46,122,2,1,1,1,3,2,0,1,52.2,22.900000000000002,84.3,220.1
13,7,137,34,2,2,1,3,0,2,0,1,26.400000000000002,13.6,248.1,64.7
60,64,60,187,3,3,3,1,2,3,3,1,110.5,116.7,109.5,337.1
31,173,191,48,2,2,1,1,3,2,3,0,55.800000000000004,312.40000000000003,342.3,87.9
11,199,60,56,3,3,0,2,1,3,1,3,23.3,359.7,107.0,100.8
26,23,35,61,2,1,1,3,2,2,1,2,47.800000000000004,40.9,63.5,112.3
14,22,1,131,2,1,2,3,2,0,0,1,26.2,41.1,4.8,239.3
39,1,17,6,1,3,3,2,1,3,0,3,70.7,3.3,35.1,10.8
47,55,37,74,2,2,0,0,1,1,3,2,86.60000000000001,101.0,63.60000000000001,131.20000000000002
59,30,49,19,1,0,1,0,1,3,2,1,106.7,51.0,87.7,33.2
101,27,41,30,3,0,0,3,0,0,0,0,186.3,48.6,73.8,58.5
12,4,12,108,2,1,2,0,1,3,1,0,23.6,5.699999999999999,23.6,194.4
68,14,6,67,0,3,1,1,0,0,2,0,122.4,29.7,10.3,122.10000000000001
31,37,111,32,1,3,2,2,1,2,2,3,56.300000000000004,69.10000000000001,200.8,57.6
7,24,133,36,1,1,3,0,1,1,1,2,13.1,43.7,242.9,62.8
58,35,35,69,1,0,3,1,0,0,1,3,105.9,63.0,66.5,122.7
43,15,3,38,1,2,0,3,3,1,1,2,75.9,29.0,4.4,70.9
99,47,26,191,1,3,3,2,1,3,2,1,178.70000000000002,86.10000000000001,49.300000000000004,345.8
63,22,1,38,1,0,1,0,1,2,3,1,113.9,37.6,0.2999999999999998,67.4
50,17,35,12,3,0,3,3,3,3,1,3,91.5,27.6,66.5,23.1
6,37,66,20,0,3,3,0,3,2,0,2,7.800000000000001,69.10000000000001,123.3,34.0
57,46,46,5,0,0,1,1,1,3,1,1,101.60000000000001,79.8,83.3,9.5
56,44,18,32,3,0,2,1,3,0,2,2,102.3,79.2,33.4,57.1
20,174,60,134,1,2,0,0,2,1,3,2,35.5,315.2,105.0,239.20000000000002
15,67,56,40,1,3,2,2,0,1,1,3,28.5,124.10000000000001,102.8,72.0
90,94,29,54,2,0,0,2,2,3,2,2,163.0,166.20000000000002,50.2,98.2
143,20,145,45,0,2,1,2,0,2,1,2,257.40000000000003,37.0,261.5,82.0
14,15,174,9,2,3,3,1,2,1,1,0,26.2,30.5,316.7,17.7
55,43,64,16,0,1,1,2,2,1,3,2,97.0,77.9,113.7,29.8
44,51,124,50,0,1,0,2,3,0,2,0,76.2,93.3,221.20000000000002,93.0
13,43,12,95,3,3,3,0,0,3,3,3,27.900000000000002,78.9,23.1,168.0
66,148,62,1,0,3,2,0,1,3,3,3,117.8,267.90000000000003,111.60000000000001,0.0
37,56,7,195,2,1,2,3,3,3,0,1,66.60000000000001,99.3,15.6,354.5
122,40,21,16,3,1,3,2,3,3,1,3,221.1,70.5,41.300000000000004,28.8
60,64,2,24,1,3,3,2,2,3,0,1,107.5,116.7,8.1,45.2
5,58,14,12,0,0,2,0,0,1,3,0,9.0,103.4,25.2,21.6
40,135,64,157,0,3,0,0,3,3,2,3,69.0,244.5,113.2,279.6
46,33,29,44,0,3,3,2,0,0,1,2,82.8,63.9,55.7,80.2
57,12,143,76,0,0,1,2,1,3,1,2,101.60000000000001,18.6,257.90000000000003,137.8
77,20,7,55,3,2,1,3,3,3,3,0,140.1,36.0,11.1,103.5
54,66,18,155,3,0,3,0,3,2,1,1,98.7,116.8,35.9,278.0
150,181,11,53,0,0,2,2,1,0,0,0,269.0,325.8,22.8,98.4
55,43,39,31,0,3,1,2,2,3,2,1,97.0,78.9,69.7,57.800000000000004
4,0,177,19,3,2,1,1,0,1,2,1,11.7,0.0,318.1,34.7
195,66,21,62,0,2,3,2,1,3,3,3,350.0,118.8,39.300000000000004,111.60000000000001
15,28,45,56,0,0,0,3,3,1,1,0,24.0,49.4,80.0,105.3
7,41,108,7,0,2,0,0,2,0,1,0,10.6,76.8,193.4,12.6
172,7,66,66,3,3,1,1,1,3,3,2,313.1,14.100000000000001,117.3,118.3
140,110,19,66,0,0,0,1,0,1,2,0,252.0,197.0,32.2,120.3
53,14,68,32,2,0,2,0,3,2,2,0,95.4,23.2,123.4,57.6
107,24,40,56,0,0,0,3,0,1,0,2,192.6,42.2,72.0,103.3
70,16,34,63,2,1,3,0,0,3,3,2,129.0,27.3,62.7,111.4
5,53,43,39,1,1,0,3,1,2,3,1,9.5,94.9,74.4,73.7
23,22,50,67,3,2,3,1,2,0,0,2,43.9,42.6,94.5,120.10000000000001
20,117,8,5,1,1,1,0,1,3,2,3,36.5,209.1,13.9,6.0
27,56,59,114,2,2,2,0,1,2,1,3,50.6,101.8,108.2,202.20000000000002
30,52,1,64,1,1,2,1,1,1,1,3,54.5,94.10000000000001,3.8,113.7
37,52,87,22,3,0,0,1,2,3,0,0,69.10000000000001,90.60000000000001,156.6,41.1
6,19,106,52,0,1,3,1,0,2,3,3,10.8,33.7,192.3,92.10000000000001
194,38,31,32,3,2,1,0,1,0,3,1,352.7,71.4,54.300000000000004,56.6
41,55,1,10,1,3,1,3,1,3,1,3,74.3,100.5,2.3,19.5
140,153,17,189,0,1,2,2,1,0,3,2,251.0,276.90000000000003,30.6,341.2
41,124,0,13,3,2,1,2,1,3,0,2,77.3,223.20000000000002,0.0,24.400000000000002
117,69,16,27,2,1,1,3,3,0,1,3,210.6,125.7,29.3,50.1
151,30,26,15,2,0,1,2,0,2,0,2,274.8,52.0,48.300000000000004,28.0
63,103,44,42,3,1,3,0,1,1,3,3,116.9,185.9,80.7,72.60000000000001
55,32,25,141,3,3,3,0,0,2,1,2,103.5,60.1,48.5,251.8
35,46,75,104,2,1,0,0,2,3,1,0,64.0,81.3,134.0,187.20000000000002
58,149,100,7,3,2,3,2,0,0,0,2,108.9,271.2,184.5,13.6
56,41,51,38,2,3,0,0,3,2,2,3,100.8,76.3,89.8,65.4
27,42,12,30,3,0,1,1,3,3,3,0,50.1,72.60000000000001,20.1,55.5
33,74,47,34,3,2,1,3,1,3,2,1,62.9,133.20000000000002,84.10000000000001,64.7
26,1,15,9,1,0,2,0,1,0,1,2,47.300000000000004,1.8,29.0,14.2
82,109,54,99,0,3,1,2,1,2,3,2,146.6,198.70000000000002,95.7,179.20000000000002
175,23,183,44,0,1,3,3,0,0,1,0,315.0,42.9,332.90000000000003,83.7
27,140,68,25,3,3,0,1,1,2,0,2,52.1,254.5,122.4,44.5
11,56,62,41,3,1,2,2,2,0,0,3,22.3,102.3,114.60000000000001,73.8
27,28,90,131,1,2,2,1,0,0,2,3,50.1,53.4,163.0,234.3
43,59,8,67,2,0,2,3,0,1,1,1,80.4,105.2,16.4,124.10000000000001
0,87,17,34,1,3,1,1,1,0,1,1,0.0,161.1,31.1,61.7
64,64,52,64,3,0,1,0,1,1,2,2,118.7,114.2,93.10000000000001,113.2
42,32,5,40,2,1,1,3,2,2,3,3,76.60000000000001,57.1,7.5,73.5
48,37,73,20,1,3,0,2,2,3,0,3,85.9,68.10000000000001,131.4,36.0
187,192,192,38,2,3,3,0,0,2,2,1,339.6,348.1,348.1,67.4
121,41,8,13,0,0,3,3,2,3,3,0,215.8,70.8,15.899999999999999,27.900000000000002
54,32,63,119,1,0,2,3,2,1,1,3,96.7,56.6,115.4,215.70000000000002
177,65,38,9,3,2,0,2,3,0,2,3,320.1,120.0,66.4,16.2
3,200,8,21,1,1,2,2,3,1,1,1,3.9000000000000004,360.5,16.4,39.800000000000004
24,60,17,10,1,3,1,0,2,3,3,0,42.7,109.5,29.1,18.0
133,15,32,69,3,2,3,1,1,2,0,0,242.9,28.0,62.1,125.7
65,13,145,34,2,2,3,0,2,3,1,0,118.0,23.400000000000002,264.5,61.2
75,42,6,14,3,0,1,2,2,3,3,3,137.5,72.60000000000001,9.3,25.2
44,18,24,69,2,2,0,2,0,3,2,2,82.2,32.4,41.2,125.2
15,22,46,94,0,1,1,0,3,3,0,3,24.0,38.1,84.3,166.20000000000002
20,166,15,110,3,0,1,2,3,3,3,0,37.5,295.8,25.5,201.0
185,88,45,39,2,2,3,0,0,2,3,0,336.0,159.4,82.5,70.2
5,46,8,135,0,2,1,3,0,3,1,1,9.0,82.8,14.9,246.5
198,60,45,24,1,1,0,3,1,2,3,0,356.90000000000003,107.5,78.0,47.7
37,198,86,57,2,2,0,1,3,1,3,2,66.60000000000001,358.40000000000003,151.8,102.10000000000001
1,177,20,5,2,0,1,2,1,3,2,2,3.8,315.6,35.5,10.0
57,35,31,33,2,1,0,0,0,3,0,0,105.60000000000001,61.5,55.800000000000004,59.4
11,60,83,54,2,3,0,0,1,2,2,3,21.8,110.5,147.4,94.2
1,13,59,5,1,1,3,2,3,1,0,2,0.2999999999999998,23.900000000000002,110.7,10.0
149,60,20,53,2,2,3,1,1,3,0,1,270.2,108.0,40.5,95.9
2,51,25,28,2,0,1,0,2,3,1,0,4.6,88.8,45.5,50.4
17,106,115,62,0,2,3,2,3,2,0,3,27.6,191.8,211.5,111.60000000000001
58,90,101,64,1,1,3,2,1,0,3,3,104.9,163.5,183.3,115.2
18,44,8,16,2,0,1,3,0,3,3,1,35.4,76.2,12.9,32.3
86,47,78,9,0,2,2,0,1,3,0,1,153.8,84.60000000000001,143.4,15.2
170,12,154,85,2,0,3,2,2,1,0,2,307.0,20.6,281.7,154.0
32,41,0,47,3,1,2,1,1,2,0,2,61.1,73.3,0.0,84.10000000000001
41,54,31,15,3,2,3,2,2,3,3,1,76.3,97.2,57.300000000000004,29.0
5,38,6,185,3,2,0,0,2,2,3,3,11.5,69.4,7.800000000000001,330.0
46,22,44,39,1,0,2,3,2,3,1,3,82.3,36.6,81.2,71.7
30,5,190,25,2,3,1,1,2,0,2,2,55.0,13.5,341.5,44.5
23,59,30,61,2,0,2,1,2,1,0,2,42.4,105.2,57.0,109.3
33,42,62,136,3,1,1,1,1,0,3,0,62.9,77.10000000000001,110.10000000000001,246.3
25,52,31,59,2,3,0,2,3,2,1,2,45.0,96.10000000000001,54.800000000000004,107.2
31,37,0,25,3,3,1,0,3,0,2,2,57.300000000000004,71.10000000000001,0.0,43.0
30,64,70,53,0,1,3,3,2,1,2,1,52.0,115.7,128.5,98.9
17,161,183,52,3,0,2,0,3,0,3,1,32.1,289.8,329.40000000000003,92.60000000000001
81,8,104,138,2,1,0,3,2,0,1,1,146.8,15.9,186.20000000000002,251.9
88,64,24,33,3,1,1,0,3,2,2,0,159.9,114.7,42.7,59.4
66,87,33,57,0,0,3,1,1,3,2,1,117.8,153.6,61.9,103.10000000000001
36,5,135,163,0,2,2,1,0,3,3,0,64.8,9.0,243.0,294.90000000000003
70,101,68,44,0,2,0,0,0,3,2,2,126.0,181.8,120.4,77.2
65,46,70,10,3,0,1,3,0,0,2,1,121.5,82.8,125.5,21.5
20,45,1,14,1,1,1,3,3,1,1,0,34.5,81.5,2.3,29.7
58,179,54,38,3,3,0,1,1,2,1,2,107.9,324.7,96.2,67.9
22,43,47,48,1,2,3,0,0,0,0,2,41.1,80.4,89.10000000000001,84.4
0,31,68,45,0,2,3,3,0,0,0,3,0.0,58.800000000000004,126.9,82.5
45,103,3,112,1,0,1,3,3,1,1,3,79.5,184.4,5.9,203.1
46,1,23,0,3,3,2,0,2,1,2,2,85.3,5.3,42.4,0.0
24,64,46,41,3,2,2,0,3,3,0,2,44.7,115.2,85.8,71.8
33,22,156,58,3,3,2,0,2,3,2,2,61.9,41.1,281.8,102.4
56,118,64,159,0,3,1,3,3,0,2,3,97.8,216.9,114.7,287.7
54,184,24,32,2,3,2,0,2,0,3,3,98.2,335.7,43.2,54.6
160,38,118,17,2,3,1,0,2,1,0,3,289.0,71.9,213.9,27.6
184,19,61,5,0,2,3,0,1,2,3,2,330.2,35.2,111.3,7.0
10,187,11,27,0,2,2,3,2,0,3,0,16.0,339.6,19.8,53.1
33,3,21,123,2,2,2,0,2,2,1,2,60.4,6.4,39.800000000000004,219.4
40,53,17,18,1,0,2,2,3,2,2,1,70.5,93.4,31.6,34.4
9,39,41,6,3,3,3,3,2,2,0,1,18.7,72.7,78.3,14.3
56,156,34,24,1,0,2,3,0,0,2,0,102.3,280.8,62.2,47.7
68,132,43,5,1,1,1,0,1,3,2,1,122.9,236.1,76.9,8.0
22,6,52,90,2,2,3,3,0,1,3,1,42.6,12.8,95.10000000000001,165.5
55,20,39,3,3,2,1,1,0,3,1,2,103.5,36.0,70.7,4.9
47,11,63,10,0,0,0,1,3,0,1,0,81.60000000000001,19.8,112.4,19.5
31,181,174,38,3,1,0,1,0,3,3,0,60.300000000000004,324.3,310.2,69.9
60,175,54,79,2,0,2,3,2,1,2,1,109.0,314.0,98.2,145.70000000000002
63,32,158,19,1,2,3,1,0,0,0,0,114.9,60.6,288.90000000000003,35.7
38,101,54,49,0,1,3,3,2,1,1,2,66.4,182.3,100.7,90.7
61,106,15,65,0,2,0,3,1,0,0,1,108.8,193.8,27.0,120.5
23,14,27,200,0,1,0,0,0,1,3,0,41.4,25.7,45.6,360.0
12,36,0,24,2,2,3,1,0,0,1,2,24.6,67.8,0.0,42.7
17,188,2,66,3,2,2,3,3,3,2,2,32.1,338.40000000000003,4.6,121.3
13,21,4,65,1,0,0,2,3,1,3,2,21.900000000000002,36.800000000000004,4.2,118.0
31,54,12,14,2,3,0,0,3,0,2,2,55.800000000000004,101.7,19.6,23.2
36,51,8,180,2,3,2,3,1,3,2,2,66.8,93.3,15.399999999999999,326.5
21,42,64,54,2,0,1,2,1,2,1,3,39.800000000000004,73.60000000000001,115.7,97.2
23,63,120,63,0,1,2,1,2,1,1,3,39.4,113.9,218.0,111.9
35,2,64,67,3,2,2,3,2,0,1,1,65.5,6.6,117.2,124.10000000000001
51,10,175,68,1,1,0,3,0,2,0,0,93.3,17.5,315.0,126.9
51,53,30,101,1,3,3,2,0,0,2,1,93.3,99.9,56.5,183.8
63,11,25,51,1,1,3,1,2,3,3,3,112.9,18.3,46.5,90.3
69,38,69,49,1,3,3,1,0,3,3,1,125.7,69.9,125.69999999999999,88.7
65,17,32,0,3,0,3,2,2,3,2,2,119.5,27.6,60.1,0.0
120,177,51,43,1,3,2,1,3,1,3,3,214.5,322.1,91.8,75.9
46,52,2,52,3,3,1,2,2,2,0,2,85.3,96.10000000000001,5.1,94.60000000000001
139,14,68,6,2,2,1,2,1,3,0,3,252.20000000000002,25.2,123.9,10.8
39,49,38,22,1,3,2,3,1,3,0,1,70.7,89.7,71.4,43.1
1,50,185,57,1,1,0,0,0,1,2,2,3.3,90.5,331.0,100.60000000000001
54,90,62,11,1,0,1,3,3,1,0,1,95.7,161.0,113.10000000000001,23.3
55,45,46,21,0,0,3,3,3,3,2,2,96.0,78.0,85.3,40.300000000000004
52,34,10,86,0,1,1,3,2,2,3,2,91.60000000000001,60.7,16.5,157.3
29,20,45,6,3,2,2,2,2,2,0,0,54.7,37.0,84.0,13.8
23,16,35,35,1,3,0,3,3,0,2,3,39.9,33.3,61.0,64.5
29,51,65,26,3,0,1,0,0,1,3,2,56.7,90.8,115.5,44.800000000000004
102,112,8,147,1,2,1,1,0,3,2,3,185.1,201.6,13.9,263.1
142,47,39,2,2,1,1,0,1,3,2,0,257.6,83.10000000000001,69.7,3.6
3,29,93,163,3,1,2,3,1,0,3,1,8.9,53.7,167.4,296.90000000000003
11,50,39,43,0,1,0,1,1,2,3,0,18.8,89.5,67.2,78.9
53,23,32,50,1,2,1,1,1,1,1,3,95.9,43.4,58.1,88.5
46,3,51,51,3,1,1,3,2,2,3,0,85.3,4.9,90.3,96.3
43,72,69,187,0,2,2,3,1,3,2,2,76.4,129.6,125.2,339.1
37,34,39,60,0,2,1,3,1,2,2,3,65.60000000000001,62.2,69.7,109.5
29,44,57,19,0,3,3,3,2,1,0,2,50.2,82.7,107.10000000000001,36.7
50,34,0,58,1,0,3,1,3,2,2,1,88.5,59.2,0.0,104.9
47,83,3,184,2,2,3,2,1,3,0,2,86.60000000000001,149.4,9.9,332.2
24,48,8,21,0,1,0,3,2,1,3,2,41.2,86.9,11.4,40.300000000000004
194,33,39,3,0,3,3,1,3,0,0,2,346.2,63.9,74.7,4.9
48,51,45,38,3,0,0,1,1,1,1,1,89.9,90.8,80.0,68.9
91,34,56,22,1,2,0,1,0,3,3,0,165.3,61.2,97.8,41.1
14,7,56,31,3,1,3,0,3,1,3,0,26.7,13.1,102.3,55.800000000000004
24,5,33,16,1,1,1,2,2,3,0,1,42.7,7.5,60.9,30.8
22,82,33,21,2,2,1,2,0,0,0,2,42.6,150.6,60.9,38.800000000000004
44,33,70,44,0,3,2,2,2,1,2,0,77.2,62.9,127.0,82.2
12,11,14,7,2,3,2,0,1,1,3,0,23.6,23.3,25.2,12.6
60,66,13,70,0,1,0,1,1,0,2,0,107.0,120.3,21.400000000000002,127.5
168,21,14,29,1,0,2,3,1,1,3,2,302.90000000000003,36.800000000000004,25.2,54.7
30,7,53,3,2,0,1,2,3,2,3,2,54.0,10.6,93.9,6.4
36,23,36,10,0,0,3,3,2,1,3,0,62.8,40.4,66.3,22.5
5,4,38,24,3,3,2,3,0,3,2,2,13.5,8.7,69.4,45.7
37,4,2,68,0,0,3,3,2,0,1,1,64.60000000000001,7.2,7.1,125.9
87,147,3,42,1,0,2,0,0,0,1,2,158.1,264.6,7.4,73.60000000000001
47,65,65,43,1,1,2,0,0,3,1,1,86.10000000000001,115.5,119.0,76.4
39,119,173,48,0,2,0,3,0,2,0,0,70.2,215.20000000000002,311.40000000000003,90.9
13,67,50,65,1,1,3,0,3,3,0,0,21.900000000000002,119.10000000000001,94.5,117.0
188,190,44,66,0,0,3,1,2,2,0,3,336.40000000000003,340.0,83.7,117.3
23,79,11,68,0,0,0,0,3,0,3,2,38.4,142.20000000000002,16.8,120.4
44,31,19,57,3,0,0,0,2,0,2,3,81.7,55.800000000000004,32.2,99.60000000000001
11,33,70,49,2,0,1,2,0,3,2,2,22.8,56.4,125.5,89.2
66,47,6,95,2,0,1,1,2,2,0,0,119.8,82.60000000000001,12.3,172.5
58,62,132,76,0,0,2,2,0,1,3,3,104.4,110.60000000000001,237.6,136.8
7,41,34,16,0,2,0,3,3,0,2,2,9.6,76.8,59.2,31.299999999999997
45,58,30,22,1,3,3,0,3,0,0,2,79.5,108.9,58.5,37.6
69,60,35,55,3,1,1,0,0,3,0,2,128.7,106.5,64.5,97.0
45,150,37,67,2,2,3,2,3,0,3,2,81.0,273.0,68.10000000000001,121.60000000000001
158,166,66,190,1,2,3,1,0,3,0,3,285.90000000000003,298.8,123.3,340.5
116,38,11,27,1,3,0,3,3,0,3,0,207.3,72.9,16.8,53.1
64,111,6,46,2,1,3,3,2,1,1,2,116.2,200.3,14.3,85.3
10,131,40,18,2,0,3,1,0,1,0,0,21.0,234.8,76.5,33.9
51,131,8,18,2,3,1,2,3,2,3,0,91.8,238.3,12.9,35.4
7,39,12,59,2,3,1,0,0,1,2,0,15.6,73.7,21.1,106.2
45,164,37,8,1,0,2,0,0,2,1,0,82.5,293.2,68.60000000000001,14.4
50,32,193,69,0,3,3,1,3,0,1,2,87.0,62.1,350.90000000000003,123.7
188,4,34,0,2,1,1,3,0,0,3,0,341.40000000000003,8.7,59.7,0.0
19,109,28,44,3,0,1,0,1,3,0,1,37.7,193.20000000000002,51.9,78.2
24,174,154,57,2,1,3,0,3,1,2,1,43.2,313.7,279.7,101.60000000000001
63,33,4,70,1,2,3,0,0,0,2,3,114.9,62.4,9.7,123.0
45,62,57,30,2,1,0,1,2,1,2,1,82.0,112.10000000000001,100.60000000000001,54.5
6,58,41,38,2,1,0,3,0,3,3,1,13.8,102.9,70.8,71.9
21,69,11,158,1,3,0,1,2,1,2,0,37.300000000000004,127.69999999999999,17.8,285.90000000000003
104,53,14,32,1,2,2,1,3,1,1,0,185.70000000000002,97.4,27.2,59.1
17,19,134,26,3,1,2,1,0,3,3,2,35.1,32.7,241.20000000000002,46.300000000000004
30,52,27,39,3,2,1,3,1,3,1,0,57.5,93.60000000000001,49.1,74.7
62,3,68,26,2,2,2,2,3,0,0,1,111.60000000000001,8.4,125.4,48.800000000000004
164,35,39,57,1,3,0,3,3,0,2,2,293.7,67.5,68.2,105.10000000000001
41,130,141,136,3,1,1,2,2,0,0,1,76.3,235.5,255.3,246.8
33,8,57,51,0,3,1,2,3,2,1,2,56.4,16.9,103.10000000000001,92.8
57,3,118,114,1,0,2,0,2,2,1,1,102.10000000000001,3.4000000000000004,214.4,204.20000000000002
185,21,57,33,0,0,1,0,2,2,0,1,331.0,35.800000000000004,104.10000000000001,58.4
25,7,107,17,1,2,0,3,2,3,1,3,44.5,12.6,191.6,32.1
48,52,65,59,0,1,3,3,0,2,0,2,86.4,93.10000000000001,121.5,108.7
24,177,45,49,2,2,0,1,3,3,2,1,43.2,318.6,79.0,88.7
20,65,1,8,1,1,0,3,2,2,2,1,35.5,116.5,0.0,17.9
57,62,57,60,3,0,1,2,1,0,1,2,106.10000000000001,111.60000000000001,103.10000000000001,109.0
59,129,157,37,3,2,0,3,2,3,2,2,108.7,232.20000000000002,280.6,69.10000000000001
64,32,11,7,0,1,2,1,0,0,0,0,115.2,59.1,22.8,14.1
9,74,39,30,1,0,3,1,2,3,3,0,15.7,130.20000000000002,71.7,55.5
152,8,56,37,2,3,1,3,1,2,2,2,275.6,16.9,100.3,69.10000000000001
9,130,10,13,0,2,1,0,0,1,0,3,16.2,236.0,19.5,20.400000000000002
124,11,76,29,3,1,1,2,2,3,2,1,225.70000000000002,18.3,136.3,54.2
55,19,32,131,1,2,3,2,3,3,3,0,97.5,34.2,59.1,238.8
48,2,55,4,1,3,1,0,3,1,3,3,84.9,7.1,97.5,4.2
188,70,37,19,3,3,0,0,1,3,3,2,341.90000000000003,127.5,63.60000000000001,32.2
25,49,12,34,1,2,1,1,2,1,0,0,44.5,90.2,23.1,62.7
195,200,59,51,2,3,2,0,0,0,0,0,354.0,364.5,109.2,91.8
48,26,50,95,2,3,0,1,3,0,0,3,86.4,51.300000000000004,90.0,169.5
28,14,58,69,2,2,1,3,2,2,3,1,51.4,26.2,102.9,127.69999999999999
46,38,104,16,2,2,3,0,2,3,2,0,83.8,68.4,189.70000000000002,28.8
43,76,76,34,1,0,3,0,2,0,1,1,76.9,136.8,140.3,60.2
40,21,69,12,0,1,2,3,0,3,0,0,72.0,36.300000000000004,127.2,26.1
146,58,27,6,1,3,0,0,1,2,2,3,263.3,106.9,46.6,7.800000000000001
99,16,169,70,2,2,2,2,3,2,2,2,178.20000000000002,29.8,305.2,127.0
69,58,68,55,0,3,2,0,3,3,1,3,121.2,105.9,124.4,96.0
19,66,120,66,2,1,2,3,1,2,2,2,36.2,118.3,217.0,121.3
29,12,38,105,1,0,1,2,2,3,3,2,51.7,18.6,66.9,190.0
178,54,6,15,0,2,1,2,2,0,3,3,318.40000000000003,100.2,9.3,27.0
63,4,42,45,0,1,0,0,2,0,1,0,111.4,8.7,74.60000000000001,81.0
40,0,23,60,1,0,0,0,3,3,2,0,70.5,0.0,39.4,108.0
121,43,30,77,2,2,1,0,1,0,3,0,219.8,80.4,52.5,138.6
154,69,40,43,3,2,2,0,1,1,2,2,280.7,126.2,73.0,75.4
44,86,21,43,2,3,1,2,1,0,2,1,81.2,159.3,37.300000000000004,79.4
40,25,49,196,3,1,1,2,1,3,3,0,75.5,43.5,86.7,355.8
39,56,62,1,0,2,0,3,2,0,3,2,68.2,103.8,108.60000000000001,4.3
31,106,130,14,3,0,3,0,0,3,3,0,60.300000000000004,187.8,235.5,25.2
80,23,3,120,3,0,3,3,3,0,1,3,145.5,41.4,8.9,217.5
67,59,53,41,3,3,0,2,1,2,2,2,124.10000000000001,108.7,93.4,74.8
24,26,42,10,0,2,2,0,0,0,3,3,43.2,49.800000000000004,75.60000000000001,15.0
96,39,11,197,1,1,2,1,1,3,1,2,173.3,68.7,21.8,354.1
110,196,41,139,0,2,3,1,0,3,1,3,198.0,352.8,77.3,248.70000000000002
138,55,35,42,1,1,2,0,1,1,3,3,248.9,99.5,63.0,72.60000000000001
4,55,30,25,1,0,2,0,2,1,1,3,6.699999999999999,98.0,56.0,42.0
153,35,55,0,0,2,2,1,0,2,3,0,275.40000000000003,64.0,99.0,0.0
24,63,63,44,2,2,0,1,0,3,1,3,46.2,113.4,112.4,77.7
171,44,63,188,0,0,3,2,2,3,1,3,305.8,76.2,116.9,338.40000000000003
41,27,19,7,3,2,0,2,3,2,3,0,75.3,49.6,31.200000000000003,15.6
31,68,58,36,2,2,2,0,0,1,2,2,58.800000000000004,124.4,105.4,62.8
66,69,41,4,1,3,2,2,3,3,1,1,117.3,125.69999999999999,75.8,9.2
27,66,32,68,2,1,1,2,3,1,2,3,48.6,119.3,57.1,122.4
188,183,43,185,1,1,2,2,3,3,3,1,336.90000000000003,327.90000000000003,77.4,335.0
60,87,21,113,1,3,2,1,1,0,0,0,108.5,161.1,40.800000000000004,204.9
0,40,166,2,2,2,1,1,3,2,1,2,0.0,73.0,299.3,3.0999999999999996
61,56,11,29,1,1,3,2,0,0,0,1,111.3,102.3,24.3,54.2
13,41,19,46,3,3,1,0,0,0,1,3,27.900000000000002,78.3,34.7,79.8
58,93,57,45,3,1,3,2,1,0,2,2,107.9,168.9,105.10000000000001,82.0
9,54,58,21,2,2,2,3,2,3,2,1,17.2,97.2,105.4,41.300000000000004
20,176,56,46,2,1,0,1,3,0,3,2,36.0,318.3,97.8,82.3
67,17,23,156,2,1,3,1,1,2,0,0,122.60000000000001,30.1,45.9,282.3
197,31,14,59,1,0,0,3,0,3,2,0,356.1,52.800000000000004,23.2,110.7
4,118,200,56,0,0,0,1,1,1,1,1,6.2,211.4,359.0,101.3
61,40,17,18,1,1,0,2,1,2,1,1,110.3,71.5,29.6,34.4
191,43,2,11,0,3,3,0,2,1,2,1,341.8,80.9,6.1,18.8
54,55,55,15,2,2,1,2,0,3,2,2,100.2,99.0,98.5,28.0
61,22,63,13,2,2,3,3,1,1,3,0,111.8,41.6,114.9,27.900000000000002
27,47,66,6,3,3,0,0,0,1,2,1,53.1,88.10000000000001,116.8,9.8
51,2,88,46,2,2,2,2,3,3,2,0,91.8,3.5999999999999996,159.4,85.8
34,115,29,142,0,1,0,3,3,2,0,1,58.2,206.5,52.2,259.1
10,34,63,21,2,1,3,0,1,2,1,1,20.0,60.7,116.9,36.800000000000004
132,20,69,28,0,3,1,3,2,2,1,1,235.6,38.5,124.7,53.9
16,56,65,46,1,1,0,2,3,2,2,2,27.3,100.3,115.0,83.8
27,69,153,4,1,3,1,0,1,1,3,1,49.1,127.69999999999999,273.90000000000003,6.2
21,6,51,57,3,2,1,1,1,3,0,1,41.300000000000004,10.8,93.3,103.10000000000001
66,55,27,65,2,0,0,1,2,3,3,3,119.8,96.0,45.6,115.5
48,29,113,70,3,1,0,3,0,2,1,2,90.9,51.7,202.4,128.5
21,3,19,46,2,1,3,1,2,3,1,1,38.800000000000004,3.9000000000000004,37.7,83.3
62,32,120,41,2,2,0,2,2,3,1,1,112.60000000000001,57.6,215.0,75.8
186,48,67,134,0,0,0,0,0,0,0,3,334.8,86.4,120.60000000000001,238.20000000000002
3,51,64,180,2,1,1,1,1,0,1,1,7.4,93.3,115.7,324.5
41,47,9,58,3,1,3,3,0,0,0,3,78.3,86.10000000000001,20.7,105.9
80,42,19,27,3,0,2,2,2,2,3,1,146.5,73.60000000000001,34.2,50.6
130,42,10,11,1,0,2,3,3,3,0,2,232.5,72.60000000000001,21.0,22.3
15,32,3,98,2,1,0,0,2,0,3,3,28.0,59.1,2.4000000000000004,173.4
48,69,4,78,1,3,3,2,1,0,3,3,86.9,128.7,8.7,140.4
46,55,45,69,2,2,3,0,0,1,1,1,85.8,101.0,84.5,123.2
11,31,142,180,1,3,3,3,3,3,0,1,18.3,57.300000000000004,260.1,327.5
69,27,36,33,1,2,0,1,1,1,3,3,124.7,50.6,61.8,57.9
47,148,142,49,0,2,1,0,2,2,2,3,82.60000000000001,267.40000000000003,255.10000000000002,85.2
32,7,112,55,2,1,3,3,2,0,3,3,58.6,14.1,203.1,100.5
41,21,27,32,3,2,2,1,1,2,2,1,77.3,38.800000000000004,49.6,58.1
54,38,66,60,2,2,0,2,3,1,2,2,97.2,70.4,116.8,109.0
59,27,54,16,0,1,1,2,0,3,1,1,106.2,47.1,97.7,30.8
34,46,26,0,2,3,3,3,3,3,3,0,61.2,84.3,48.300000000000004,0.0
42,18,22,12,2,3,1,1,2,2,3,3,76.60000000000001,34.9,38.1,20.1
62,4,30,3,3,3,2,2,0,3,0,3,116.10000000000001,8.7,57.0,5.4
44,2,59,14,0,3,0,2,0,1,1,2,79.2,7.1,105.2,26.2
194,32,42,71,0,3,0,1,3,3,1,3,346.2,59.1,74.60000000000001,126.30000000000001
69,49,16,22,0,3,0,2,2,1,0,3,122.2,91.7,28.8,39.6
48,9,13,47,3,2,3,1,2,2,3,0,88.9,17.2,24.900000000000002,86.10000000000001
44,14,53,13,2,2,1,2,0,1,2,0,82.2,27.2,94.9,26.400000000000002
100,63,65,31,1,3,2,1,1,0,3,1,180.5,117.9,117.0,56.300000000000004
51,44,121,60,0,0,3,2,3,0,0,3,88.8,79.2,222.3,108.0
28,35,2,103,1,2,0,2,0,0,2,2,51.9,66.0,1.6,186.4
38,47,171,20,1,2,3,3,2,1,2,0,67.9,86.60000000000001,310.3,40.5
11,43,51,165,0,2,0,3,3,3,3,1,16.8,77.4,88.8,300.5
95,39,67,2,2,1,1,0,0,0,0,1,174.0,71.7,122.10000000000001,2.6
96,5,190,31,0,1,0,1,3,3,1,2,169.8,7.5,341.0,55.300000000000004
58,69,54,97,1,1,3,3,0,0,1,1,105.9,125.7,100.7,178.1
3,54,119,200,0,1,3,1,0,0,0,0,5.4,98.7,218.70000000000002,361.5
66,28,94,198,0,3,0,2,2,3,0,3,116.8,51.9,169.20000000000002,356.40000000000003
55,33,40,40,0,3,3,3,1,0,0,1,98.0,63.9,76.5,75.5
18,21,26,27,3,1,3,1,3,3,3,1,33.9,36.300000000000004,48.300000000000004,49.1
42,9,1,82,2,1,1,2,1,2,2,1,77.60000000000001,15.7,1.2999999999999998,149.6
11,23,191,65,0,2,1,2,0,2,1,0,19.8,42.4,344.3,120.0
13,11,54,36,1,1,1,3,3,2,1,2,21.900000000000002,19.3,97.7,67.3
83,116,90,22,0,3,3,1,0,2,2,3,149.4,211.3,164.5,38.1
2,27,37,13,1,2,0,0,0,2,0,1,5.1,49.6,66.60000000000001,22.400000000000002
68,160,33,61,0,1,1,0,2,3,0,0,120.4,286.5,60.9,109.8
27,47,42,36,0,3,0,0,0,3,2,0,48.6,86.10000000000001,73.60000000000001,64.8
36,158,54,24,2,0,0,1,3,0,0,2,64.8,284.40000000000003,97.2,42.7
11,4,56,119,1,1,3,3,0,2,1,2,21.3,6.699999999999999,104.3,216.70000000000002
45,23,54,23,1,2,2,3,1,1,1,2,81.5,43.4,99.2,43.9
23,19,34,30,1,1,3,1,1,2,3,3,41.9,33.7,62.7,52.5
7,61,31,55,2,1,0,2,0,0,0,0,15.6,111.3,55.800000000000004,102.0
52,15,23,67,3,0,2,1,1,3,3,0,97.10000000000001,24.0,41.4,122.10000000000001
55,52,170,45,2,3,3,1,2,0,0,1,100.0,98.10000000000001,310.5,81.5
167,51,49,47,0,0,2,1,3,0,1,3,297.6,91.8,90.2,83.10000000000001
47,28,43,65,0,3,0,2,0,2,0,2,84.60000000000001,52.9,77.4,118.0
11,132,36,51,2,2,1,2,3,0,1,2,19.8,240.6,65.3,92.8
56,169,5,13,3,2,3,0,1,1,0,2,104.3,306.2,13.5,21.400000000000002
143,1,9,15,1,3,0,3,3,3,1,3,255.90000000000003,3.3,15.2,28.5
54,8,27,43,2,3,0,3,0,1,3,1,100.2,17.9,45.6,80.9
199,87,8,116,1,2,3,3,3,0,3,0,356.7,159.6,15.899999999999999,213.3
189,2,68,23,3,0,1,2,2,1,3,0,342.7,2.6,120.9,44.4
13,58,24,24,3,1,2,2,1,2,2,1,26.900000000000002,103.9,44.2,45.2
45,69,46,107,2,1,3,2,1,1,1,2,83.0,124.7,86.3,193.6
39,37,74,2,1,1,3,1,0,1,1,3,71.7,67.10000000000001,136.70000000000002,2.0999999999999996
195,53,38,178,1,3,2,2,3,2,0,3,349.5,97.9,71.4,320.40000000000003
25,91,54,56,2,0,1,1,3,2,3,1,45.0,161.8,95.7,101.3
21,60,66,86,2,1,1,2,0,3,0,0,40.800000000000004,106.5,120.3,157.8
60,133,9,35,2,1,3,0,2,1,2,1,109.0,239.9,18.7,62.0
64,11,56,18,0,1,3,3,1,3,0,2,114.2,18.3,105.3,34.9
32,110,31,36,3,2,1,1,1,1,1,1,61.1,200.0,56.300000000000004,65.3
43,46,149,54,3,3,3,1,0,1,0,2,81.9,86.3,272.7,96.7
50,70,47,21,0,2,2,3,3,1,0,0,87.0,128.0,87.60000000000001,42.300000000000004
24,103,25,2,3,1,3,0,0,1,0,0,47.7,185.9,49.5,3.6
70,0,42,39,1,0,1,1,3,0,3,1,124.5,0.0,74.10000000000001,70.7
56,46,57,42,3,3,3,1,1,1,1,1,104.3,86.3,106.10000000000001,76.10000000000001
52,49,0,54,1,1,3,1,2,2,2,2,93.10000000000001,87.7,0.0,96.7
44,53,56,19,1,1,2,1,0,3,3,2,80.7,93.9,100.8,33.7
10,10,49,53,0,3,3,3,2,2,3,0,16.0,20.5,89.7,99.9
200,42,46,5,0,1,2,1,2,1,3,2,358.0,76.10000000000001,82.8,8.5
91,2,35,55,3,2,3,2,1,0,2,2,167.3,6.6,65.5,100.0
8,6,132,165,2,0,0,0,0,1,2,1,17.4,9.8,235.6,296.0
52,69,56,154,1,3,1,0,2,2,1,0,93.10000000000001,126.69999999999999,101.3,277.2
33,129,48,23,2,2,3,1,3,1,1,2,59.4,234.20000000000002,89.9,40.9
28,186,55,9,2,3,1,0,1,0,0,3,52.4,339.3,100.5,13.2
153,16,100,67,1,2,1,2,1,0,2,1,275.90000000000003,31.8,179.5,122.60000000000001
20,146,187,49,0,1,0,2,3,3,0,3,33.0,261.3,336.6,88.2
62,46,152,35,2,3,3,0,0,0,3,3,114.60000000000001,87.3,275.1,60.0
37,117,107,53,2,0,1,0,2,1,0,0,67.60000000000001,209.6,194.1,95.4
45,33,25,6,0,3,1,3,0,3,0,2,81.0,60.9,46.5,13.3
13,15,47,17,1,2,0,3,1,1,0,0,23.900000000000002,29.0,84.60000000000001,35.1
12,6,17,5,1,2,2,2,2,3,2,2,21.1,10.8,31.6,10.0
8,49,69,6,1,2,0,2,2,1,2,0,13.9,90.2,122.2,13.8
62,20,38,11,3,0,0,3,1,2,3,1,115.10000000000001,34.0,65.4,23.3
41,34,19,51,1,0,2,1,0,2,1,0,75.3,59.2,36.2,93.3
26,1,0,8,3,1,1,3,0,0,1,1,51.300000000000004,3.3,0.0,17.9
27,19,74,49,2,2,3,3,2,3,3,1,49.6,34.2,134.70000000000002,91.7
45,5,136,74,0,3,0,3,0,1,3,2,81.0,12.5,241.8,135.70000000000002
52,48,42,19,1,0,0,0,1,1,1,0,94.10000000000001,85.4,74.60000000000001,34.2
58,56,53,31,1,1,1,3,1,3,0,0,104.9,99.3,96.9,60.300000000000004
18,132,30,9,1,1,2,1,0,0,1,3,33.9,239.1,56.0,14.7
4,12,71,4,1,2,3,0,2,3,0,2,6.699999999999999,21.6,132.3,5.2
45,66,34,60,2,2,3,2,3,1,0,1,81.0,120.8,65.7,110.0
189,110,63,8,1,0,1,0,2,0,1,1,339.7,198.0,113.9,13.4
107,23,12,64,0,3,3,3,1,2,1,0,191.6,43.9,25.1,119.7
38,1,27,39,0,0,2,0,3,0,0,2,65.4,1.8,51.6,68.2
11,2,14,66,1,1,2,1,3,1,2,3,18.3,4.1,26.2,117.3
50,39,34,45,0,2,2,0,0,0,3,1,90.0,73.2,61.2,80.0
70,25,0,17,2,3,2,3,1,3,2,3,128.0,46.5,0.0,32.1
40,32,116,66,2,2,3,1,0,1,2,1,75.0,59.6,211.3,119.3
184,33,45,53,0,2,3,3,0,2,1,3,331.2,60.4,84.5,96.9
3,63,52,28,3,3,1,3,1,3,0,0,8.9,114.9,95.10000000000001,54.9
87,18,58,15,3,2,3,0,2,0,3,2,159.1,35.4,105.9,25.0
25,140,26,26,2,3,3,3,3,3,0,2,45.0,253.5,51.300000000000004,49.300000000000004
176,37,27,160,0,0,3,2,0,1,0,2,316.8,65.60000000000001,53.1,289.0
4,63,31,32,0,1,1,3,0,1,2,3,7.2,113.9,55.300000000000004,59.1
7,55,3,89,1,2,1,0,2,2,0,1,12.1,100.0,6.9,159.20000000000002
51,56,46,14,3,2,2,0,1,3,2,0,95.3,100.8,83.8,25.2
13,188,6,39,0,0,2,1,3,2,2,3,20.400000000000002,336.40000000000003,11.8,68.7
66,32,9,28,0,2,3,2,0,2,3,2,118.8,58.6,17.7,51.4
78,141,57,9,0,2,1,2,0,1,3,3,140.4,255.8,101.10000000000001,16.2
158,53,44,1,0,1,1,3,1,2,2,0,283.40000000000003,94.9,78.7,6.3
41,138,95,42,1,0,0,1,3,3,1,3,72.3,245.4,170.0,74.10000000000001
62,23,39,32,0,2,1,2,2,0,2,3,109.60000000000001,44.4,69.7,57.6
53,38,23,41,2,3,3,0,2,1,2,3,96.4,71.9,43.9,70.8
22,143,98,2,1,3,3,0,2,1,2,0,39.1,260.90000000000003,178.9,3.6
26,12,97,63,0,2,0,0,0,1,3,2,46.800000000000004,23.6,171.6,111.4
21,54,58,34,1,0,1,3,0,2,3,2,39.300000000000004,95.2,102.9,63.7
13,199,104,53,2,3,1,0,3,1,0,1,23.400000000000002,361.7,188.70000000000002,94.4
41,43,70,75,1,3,3,2,3,1,3,0,72.3,80.9,127.5,138.0
126,6,199,46,2,1,0,2,0,0,3,0,229.8,12.3,355.2,85.8
15,14,198,5,2,2,2,2,3,3,3,0,27.0,25.2,356.40000000000003,12.0
67,110,1,100,2,0,0,2,2,3,1,0,121.60000000000001,195.0,0.8,183.0
58,41,62,18,2,3,1,3,0,2,2,0,107.4,76.3,111.10000000000001,36.9
185,59,37,5,0,3,2,3,3,2,3,1,330.0,108.7,66.60000000000001,12.5
99,40,43,22,2,0,1,2,1,1,2,0,180.20000000000002,71.0,76.9,42.6
69,17,24,3,1,3,2,0,0,1,0,2,125.7,34.1,46.2,3.4000000000000004
21,8,37,60,3,1,0,1,2,1,3,1,40.300000000000004,14.9,63.60000000000001,108.5
70,62,38,55,3,3,0,2,2,0,2,2,128.5,116.10000000000001,66.4,100.0
12,15,21,41,3,1,3,2,1,2,2,1,25.1,26.5,40.300000000000004,75.8
14,14,60,66,0,3,2,3,0,3,2,3,25.2,26.7,109.0,120.3
150,107,57,10,1,0,2,0,0,2,2,2,271.5,190.6,103.60000000000001,16.0
66,30,196,69,3,2,1,2,0,0,2,0,123.3,57.0,352.3,127.2
61,5,43,139,3,1,3,0,1,0,2,2,113.3,10.5,79.9,248.20000000000002
63,65,16,77,3,1,1,0,2,3,3,1,115.9,115.5,27.3,137.6
60,59,28,198,2,3,0,0,1,1,0,1,110.0,109.7,50.4,355.40000000000003
48,6,27,8,3,3,1,0,1,2,0,2,89.9,13.3,50.1,12.4
133,8,21,28,1,1,1,3,1,2,2,0,239.9,13.9,37.300000000000004,54.9
94,3,24,146,0,2,0,0,2,0,2,0,167.20000000000002,8.4,41.2,262.8
50,47,50,171,0,0,1,1,3,1,1,1,87.0,83.60000000000001,90.5,308.3
7,17,11,54,1,1,3,2,2,2,2,0,12.1,30.1,22.3,100.2
12,87,34,5,1,1,2,0,2,3,3,3,21.1,155.1,61.2,6.0
169,39,29,30,1,2,3,3,1,0,3,2,304.7,73.2,53.7,56.5
0,3,115,172,2,1,2,3,3,0,1,1,0.0,6.9,209.0,313.1
46,2,33,54,1,1,2,0,1,2,3,2,83.3,3.0999999999999996,59.4,95.2
16,88,53,61,0,3,1,3,2,1,2,1,26.8,161.9,94.9,113.3
9,26,36,32,0,2,0,2,2,3,1,2,14.2,46.800000000000004,63.8,58.6
145,182,69,31,3,0,2,1,0,0,3,1,265.5,327.6,124.2,56.300000000000004
47,137,130,11,3,0,3,2,3,3,3,0,86.10000000000001,243.6,235.5,22.8
13,62,65,53,3,1,0,0,2,2,3,2,25.900000000000002,111.10000000000001,114.0,93.4
68,172,36,49,3,1,1,1,3,3,2,2,123.9,308.1,64.3,87.7
35,67,132,59,2,3,3,3,1,0,2,1,65.0,125.10000000000001,240.1,109.7
58,22,9,19,1,1,2,2,3,0,2,3,102.9,41.1,17.2,34.2
52,5,37,14,3,2,0,3,0,1,1,3,98.10000000000001,11.0,65.60000000000001,26.7
45,42,17,24,3,1,0,3,2,1,1,3,83.5,76.10000000000001,29.6,44.7
46,23,12,94,0,2,0,1,2,3,3,1,80.8,41.4,18.6,169.70000000000002
125,148,58,31,2,3,2,0,2,0,2,1,226.0,270.90000000000003,105.4,54.800000000000004
46,44,55,54,3,3,2,0,2,2,3,2,85.3,81.7,99.0,95.2
153,27,30,17,2,2,3,3,3,2,1,1,275.40000000000003,49.6,57.5,34.1
146,10,34,23,0,2,3,2,2,3,2,1,260.8,18.0,63.7,43.4
29,154,72,23,1,0,0,2,2,2,2,1,51.7,275.2,127.6,43.4
61,37,23,43,1,0,0,1,3,0,3,1,108.3,66.60000000000001,38.4,77.9
70,6,55,50,3,1,3,0,0,1,0,1,130.5,11.3,103.5,89.0
9,14,75,80,2,2,2,1,3,2,0,3,16.2,26.2,138.0,142.5
58,13,43,56,0,2,0,2,1,0,0,1,103.4,26.400000000000002,77.4,102.8
93,130,132,196,1,0,2,0,1,3,1,3,167.9,231.0,239.6,349.8
46,67,3,125,0,0,1,0,0,0,1,0,82.8,120.60000000000001,5.9,225.0
120,59,47,195,1,2,0,1,0,0,0,0,217.5,109.2,84.60000000000001,352.5
4,35,139,91,3,1,2,2,1,2,0,2,10.7,62.5,253.20000000000002,164.8
0,139,58,27,3,0,0,0,2,3,2,1,0.0,247.20000000000002,102.4,47.6
63,40,54,11,3,1,0,1,3,1,1,1,114.9,72.5,96.2,20.3
33,5,157,42,1,1,2,1,3,0,1,2,57.9,10.5,284.6,75.10000000000001
171,189,55,55,0,3,2,0,1,0,2,2,306.8,344.7,100.0,97.0
116,37,153,70,3,0,1,2,0,3,3,2,213.3,63.60000000000001,273.90000000000003,127.0
15,22,30,25,2,0,3,1,1,3,0,1,29.0,36.6,58.5,45.5
56,63,65,51,3,1,0,2,3,2,3,0,102.3,112.9,114.0,94.8
61,27,45,1,0,3,3,1,1,0,0,2,108.8,53.1,85.5,1.2999999999999998
68,58,13,30,2,2,2,2,1,0,0,0,124.4,107.4,26.400000000000002,57.0
36,21,12,17,2,3,3,3,3,2,2,2,64.8,40.300000000000004,24.1,33.1
172,68,41,167,2,0,1,1,2,1,3,1,310.6,121.4,72.3,301.1
21,159,39,158,2,1,3,3,3,0,0,3,37.800000000000004,287.7,74.7,285.90000000000003
30,16,53,44,2,1,2,3,0,1,1,3,57.0,29.3,97.4,80.7
20,14,7,5,1,1,3,0,2,0,2,1,35.5,26.7,15.100000000000001,8.0
58,24,53,30,3,0,3,0,1,3,1,0,107.9,40.2,98.9,54.0
64,181,166,90,3,3,1,1,1,2,0,3,118.7,328.3,300.3,160.5
55,89,126,35,1,1,1,2,2,2,2,1,98.5,159.70000000000002,226.3,65.0
22,24,20,63,0,2,3,0,2,1,0,0,37.6,45.2,40.5,113.4
43,10,61,38,3,1,3,1,1,1,3,3,80.9,18.5,111.3,66.9
61,19,15,70,1,0,2,3,3,1,2,1,108.3,33.2,28.0,129.5
13,29,66,77,0,3,0,3,0,3,3,3,23.400000000000002,53.7,115.8,140.1
9,59,6,17,1,2,0,2,2,0,3,2,15.7,109.2,7.800000000000001,31.6
32,192,50,7,2,3,1,0,3,1,0,2,57.6,349.1,91.5,10.6
62,53,199,47,0,0,0,1,3,3,2,2,108.60000000000001,92.4,356.2,84.10000000000001
16,198,28,73,2,3,3,1,2,1,3,0,29.8,359.90000000000003,51.9,132.9
1,24,186,12,1,1,3,1,3,2,3,2,0.2999999999999998,42.7,336.3,21.1
92,9,28,186,2,2,2,3,3,1,0,0,165.6,18.2,53.4,339.3
9,23,68,24,0,1,1,1,3,1,1,1,13.2,41.9,122.9,43.7
143,13,15,76,2,2,3,3,0,2,0,3,260.40000000000003,24.400000000000002,31.5,138.3
47,67,165,70,3,0,1,1,0,2,2,2,89.10000000000001,118.60000000000001,296.5,125.5
57,35,156,35,3,3,1,0,3,0,2,3,104.10000000000001,67.5,280.3,60.0
16,21,25,32,1,1,1,0,2,3,3,0,28.3,36.300000000000004,43.5,57.6
34,74,46,12,1,2,3,3,0,2,0,0,62.7,134.20000000000002,87.3,26.1
10,23,10,14,1,2,2,0,2,1,3,1,17.5,43.4,18.0,24.2
36,16,26,187,0,2,2,3,1,2,1,1,63.8,29.8,48.800000000000004,340.1
69,64,118,17,1,0,3,0,1,0,1,2,124.7,115.2,215.9,28.6
29,54,57,170,1,1,3,1,3,3,3,2,50.7,95.7,104.10000000000001,305.5
52,37,45,9,3,1,3,1,2,1,1,2,96.10000000000001,67.10000000000001,84.5,15.7
14,11,6,25,2,0,0,3,0,1,3,2,28.2,18.8,7.800000000000001,47.5
16,37,100,128,3,2,3,2,2,2,0,0,31.299999999999997,67.60000000000001,184.5,233.4
58,16,26,30,3,3,1,0,1,1,3,0,107.9,32.3,45.300000000000004,54.0
13,55,131,82,2,2,3,2,0,0,2,3,26.400000000000002,102.0,238.3,147.6
45,49,39,131,0,3,2,3,2,3,3,1,79.0,89.7,70.2,239.3
23,47,5,40,2,0,3,3,2,1,1,2,42.4,83.60000000000001,12.5,74.5
24,19,17,27,1,0,1,3,3,2,2,3,41.7,32.2,30.1,50.1
37,13,0,26,0,3,2,1,0,3,3,1,66.60000000000001,24.900000000000002,0.0,47.300000000000004
143,59,1,67,2,3,1,0,3,2,2,1,257.40000000000003,108.7,1.2999999999999998,119.60000000000001
25,69,4,200,3,0,3,1,2,1,0,2,47.5,123.2,11.7,359.5
58,60,55,55,0,0,3,2,1,1,0,2,103.4,107.0,103.5,100.0
17,60,39,16,1,3,3,2,0,1,1,1,32.1,111.5,73.7,30.8
37,34,42,17,2,2,1,1,3,0,1,0,66.60000000000001,64.2,76.10000000000001,32.1
15,59,20,24,0,2,2,1,1,0,3,0,26.0,109.2,36.0,44.7
184,119,67,64,2,0,0,2,0,3,3,0,334.2,211.20000000000002,117.60000000000001,118.2
62,55,66,66,2,3,2,3,1,0,3,1,113.60000000000001,103.5,118.8,122.3
40,52,169,49,3,0,1,2,2,3,3,1,74.5,90.60000000000001,302.7,90.2
48,55,10,36,1,2,1,2,2,2,3,3,85.9,100.0,16.5,64.8
50,70,7,23,0,2,0,2,3,0,3,1,87.0,129.0,9.6,43.4
33,194,27,47,2,2,0,2,3,3,1,0,59.4,349.2,47.6,87.60000000000001
14,165,2,43,1,1,2,2,1,1,3,1,25.7,297.5,3.5999999999999996,79.4
70,120,193,68,1,2,2,3,2,1,2,2,125.5,218.0,348.40000000000003,124.9
21,22,0,8,2,1,0,1,2,2,0,3,38.800000000000004,39.1,0.0,12.9
21,55,87,3,0,1,0,1,2,0,2,1,35.800000000000004,100.5,154.6,5.9
120,64,25,96,0,2,3,2,2,2,2,2,214.0,116.2,47.5,173.8
67,27,26,52,3,1,1,3,3,0,0,0,122.10000000000001,50.1,48.300000000000004,98.10000000000001
56,9,45,32,0,3,0,3,0,1,1,0,100.8,19.7,80.0,62.1
54,19,35,66,3,0,2,2,0,0,3,2,101.7,34.2,63.0,119.8
20,128,33,36,0,0,0,2,0,1,2,0,36.0,229.4,57.4,67.8
189,6,161,24,0,1,2,3,1,1,2,1,339.2,11.3,290.8,46.7
179,5,14,69,0,1,0,3,3,1,0,0,319.2,9.5,25.2,128.7
31,38,46,106,1,3,2,3,1,1,2,0,56.300000000000004,71.9,83.8,195.3
66,25,192,168,0,3,2,2,3,0,1,1,115.8,49.5,347.6,304.40000000000003
5,55,40,66,2,2,2,1,0,1,0,2,12.0,101.0,75.0,118.3
107,13,47,144,1,3,1,0,3,1,3,0,191.1,26.900000000000002,83.10000000000001,259.2
171,12,178,7,2,3,2,3,0,1,2,3,310.8,25.1,321.40000000000003,14.100000000000001
70,31,75,187,2,0,0,2,0,1,1,3,129.0,54.800000000000004,134.0,336.6
44,35,59,42,2,2,2,1,3,2,1,3,79.2,64.0,108.2,74.10000000000001
133,27,4,66,3,1,3,3,2,2,1,3,241.9,48.1,10.7,120.3
57,0,184,115,0,1,3,2,3,2,2,3,99.60000000000001,0.0,333.7,207.0
7,46,35,11,0,1,0,0,0,2,2,1,12.6,82.3,61.0,18.8
35,14,96,47,2,1,0,3,3,2,2,2,63.0,24.7,170.8,87.10000000000001
121,13,151,48,0,2,3,2,2,0,2,2,215.8,26.400000000000002,274.3,87.4
83,165,45,42,0,0,1,2,1,2,0,3,148.4,295.0,82.5,75.60000000000001
27,11,91,65,2,2,1,3,2,2,1,1,49.6,20.8,164.3,120.5
67,51,55,30,3,3,1,0,0,0,0,0,125.10000000000001,96.3,100.5,54.0
20,4,19,48,1,0,1,3,0,0,2,0,37.5,7.2,33.7,90.9
132,79,6,170,1,1,2,0,0,3,0,0,239.1,140.70000000000002,13.8,306.0
136,67,167,34,2,2,2,0,2,2,1,1,245.8,121.60000000000001,302.6,60.2
158,52,3,40,2,2,3,2,0,0,0,2,287.40000000000003,96.60000000000001,9.9,73.0
40,3,26,41,1,3,2,2,0,3,3,3,73.5,6.9,46.800000000000004,73.8
66,174,46,48,1,3,2,1,2,1,3,3,118.3,316.7,82.8,84.9
93,67,22,29,0,0,0,0,2,2,2,2,165.4,118.60000000000001,37.6,50.2
38,4,26,2,0,0,2,0,1,2,0,0,67.4,5.2,49.800000000000004,3.6
39,15,70,7,0,3,2,1,1,2,1,0,69.2,29.5,128.0,14.1
97,23,18,56,2,0,1,0,1,1,0,0,176.6,40.4,33.9,100.8
70,34,40,32,2,1,1,3,3,3,0,2,126.0,59.7,73.5,60.1
43,185,77,24,3,0,1,2,2,2,3,3,79.9,331.0,137.1,43.2
0,66,38,58,0,1,3,2,0,0,3,3,0.0,120.3,69.9,104.4
43,30,45,70,2,0,3,3,3,0,3,3,77.4,54.0,82.5,127.5
128,168,35,55,2,1,2,1,0,1,1,0,233.4,302.90000000000003,65.0,100.5
153,36,36,66,2,2,3,0,3,1,3,2,275.40000000000003,66.8,66.3,116.8
196,9,17,184,3,0,3,3,2,0,2,2,355.3,16.2,33.1,333.7
10,59,176,57,1,3,2,3,3,2,1,0,16.5,108.7,318.8,107.10000000000001
26,41,53,53,2,0,2,2,1,3,3,2,48.800000000000004,70.8,95.4,96.4
70,69,42,24,2,3,3,0,3,2,2,1,126.0,126.69999999999999,78.10000000000001,42.2
123,63,79,195,1,3,3,2,3,3,1,0,219.9,114.9,145.70000000000002,354.0
15,12,50,26,0,3,0,2,2,1,0,2,25.0,25.1,90.0,47.800000000000004
51,8,14,54,1,2,3,2,0,3,2,1,93.3,14.399999999999999,27.7,99.2
49,55,54,5,0,0,3,2,1,1,1,3,87.2,98.0,100.7,9.0
49,53,149,37,1,3,2,1,2,0,2,2,87.7,99.9,269.2,66.10000000000001
41,127,40,6,2,2,2,2,1,1,0,2,75.8,230.6,75.0,11.8
190,56,36,45,3,1,3,0,2,0,0,0,344.5,102.3,69.3,81.0
4,11,7,56,3,1,0,0,0,2,0,1,11.7,19.3,12.6,99.8
133,55,46,184,1,0,1,3,2,2,3,1,238.9,97.0,81.3,334.7
18,132,131,67,2,2,3,2,3,1,1,1,32.4,239.6,239.3,122.60000000000001
173,15,60,54,1,2,2,0,1,2,1,0,311.90000000000003,28.0,110.0,97.2
37,26,8,172,0,2,2,3,2,2,2,0,64.60000000000001,47.800000000000004,15.399999999999999,314.1
194,53,30,185,0,3,3,1,2,2,1,1,347.2,97.9,57.5,333.5
42,37,14,53,1,3,3,0,2,0,3,0,75.10000000000001,71.10000000000001,26.7,95.4
62,37,58,2,0,3,1,1,2,1,3,0,109.60000000000001,70.10000000000001,102.9,5.1
64,26,44,38,3,1,0,0,1,2,1,2,118.7,46.300000000000004,78.2,66.4
55,132,163,36,1,0,3,0,1,3,1,2,99.5,234.6,296.90000000000003,62.8
31,1,168,39,1,0,0,3,0,0,1,2,57.300000000000004,1.8,301.40000000000003,72.7
57,198,20,152,2,2,1,3,0,3,2,0,105.60000000000001,356.40000000000003,35.5,278.1
23,32,61,3,0,3,1,0,1,0,3,3,40.4,62.1,108.3,2.4000000000000004
66,63,60,37,1,2,2,0,3,3,0,1,117.3,113.4,111.0,65.60000000000001
34,137,61,45,3,3,1,3,3,1,2,0,62.7,250.1,109.3,85.5
38,67,38,39,0,0,1,0,2,0,0,0,66.4,120.60000000000001,69.9,70.2
69,46,62,42,1,3,0,0,1,2,1,1,124.7,85.3,110.60000000000001,74.60000000000001
13,56,83,37,3,1,2,1,3,3,3,3,24.900000000000002,99.3,149.4,65.10000000000001
2,40,109,68,3,0,3,2,1,1,1,2,7.1,71.0,199.70000000000002,123.4
63,26,67,129,1,0,0,0,1,1,0,2,113.9,45.800000000000004,120.60000000000001,230.20000000000002
171,163,16,46,3,0,2,1,2,1,0,1,310.3,292.40000000000003,31.8,83.3
0,35,105,28,0,2,3,3,0,0,2,3,0.0,66.0,191.5,51.9
57,44,6,50,0,3,0,3,3,3,0,2,99.60000000000001,80.7,10.8,92.5
15,60,22,34,1,2,3,0,2,2,2,2,26.5,109.0,42.1,59.2
6,26,51,29,2,3,3,2,1,3,0,0,12.8,48.300000000000004,96.3,55.2
25,6,52,62,2,3,0,0,2,2,3,1,46.0,13.3,90.60000000000001,110.60000000000001
16,46,32,23,0,2,2,3,2,3,0,3,26.8,82.8,60.6,42.9
104,33,70,19,1,0,2,0,3,0,0,0,185.70000000000002,59.4,129.0,34.2
178,9,20,2,0,2,3,3,3,1,1,2,317.40000000000003,18.2,39.5,6.1
47,61,34,3,2,0,2,1,3,3,2,1,84.60000000000001,106.8,62.2,5.9
28,135,25,26,0,2,2,0,3,2,0,0,47.4,244.0,48.0,46.800000000000004
38,130,157,55,2,3,0,2,0,1,2,0,71.4,237.5,280.6,102.0
19,2,3,59,0,3,3,3,1,1,1,1,33.2,7.1,8.9,109.7
166,28,66,164,3,1,1,3,2,0,0,3,301.3,51.9,120.3,296.7
42,79,164,38,2,0,0,3,2,0,3,0,76.60000000000001,142.20000000000002,292.2,72.9
48,4,48,80,1,3,3,3,1,3,1,0,86.9,8.7,89.9,148.5
63,29,38,44,2,2,0,1,2,1,2,2,114.4,54.2,66.4,78.7
25,54,6,39,2,0,3,3,3,3,1,1,45.0,94.2,14.3,73.7
54,46,63,24,0,1,3,3,3,0,3,0,94.2,84.3,114.9,47.7
62,7,169,44,3,0,2,0,0,1,1,2,116.10000000000001,11.6,306.2,77.2
68,63,88,64,3,0,3,2,1,2,0,0,125.9,111.4,162.9,118.2
48,45,13,38,3,0,0,2,3,1,2,2,87.9,80.0,21.400000000000002,69.4
0,28,172,50,1,2,1,2,3,1,0,0,0.0,52.4,311.1,93.0
4,26,61,24,0,1,1,2,1,3,0,0,6.2,45.300000000000004,111.3,46.2
12,27,95,3,3,0,0,0,2,2,0,1,24.1,46.6,171.0,4.4
10,69,12,37,2,2,0,0,2,3,0,1,19.0,124.2,21.6,65.60000000000001
152,56,142,11,2,3,2,2,1,2,0,1,275.6,103.3,258.6,21.8
35,11,31,28,0,2,0,0,3,0,1,3,60.0,22.8,54.800000000000004,47.4
40,41,34,46,3,0,3,1,2,3,3,3,74.5,70.8,62.7,81.3
44,32,193,59,2,3,2,3,1,1,1,3,81.2,61.1,349.40000000000003,107.7
15,24,148,51,1,1,1,3,3,3,3,0,25.5,41.7,264.90000000000003,96.3
54,67,10,99,0,3,2,1,1,1,1,0,96.2,124.10000000000001,20.0,179.70000000000002
94,28,50,54,3,0,1,0,0,2,0,2,173.70000000000002,48.4,91.5,95.2
50,101,22,54,0,3,0,3,2,2,1,3,88.0,184.3,38.6,98.7
34,9,33,65,0,3,0,3,0,3,0,1,61.2,17.7,59.4,120.5
110,49,162,54,2,0,3,2,1,0,1,0,200.0,88.2,295.1,100.2
112,70,62,57,0,1,1,3,2,3,0,0,199.6,124.5,113.10000000000001,107.10000000000001
195,97,120,6,1,3,3,0,3,1,1,2,349.5,178.1,219.5,8.8
67,53,15,35,2,1,1,2,0,0,1,2,123.60000000000001,96.9,27.5,64.0
16,13,77,135,2,2,0,1,1,1,3,0,30.8,25.400000000000002,135.6,244.5
32,15,14,7,3,0,0,3,3,1,3,2,59.1,26.0,22.2,15.100000000000001
30,27,30,47,1,1,3,0,0,1,2,1,55.5,49.1,56.5,83.60000000000001
50,53,55,28,0,1,2,3,2,0,1,2,88.0,96.9,101.0,52.9
18,40,24,193,1,3,3,1,2,3,0,3,31.9,73.5,47.7,345.90000000000003
84,10,64,51,0,2,2,2,3,0,1,3,148.20000000000002,21.0,117.2,91.8
32,49,2,150,2,3,0,2,1,1,0,0,59.6,91.7,3.6,273.0
48,53,126,86,2,3,3,1,0,1,2,2,89.4,98.9,229.3,154.3
49,2,32,40,2,1,3,2,1,1,3,2,90.2,4.1,59.1,73.0
12,65,4,67,2,1,3,2,2,1,0,0,22.6,117.5,11.7,123.60000000000001
164,60,68,29,1,1,1,2,1,1,1,2,295.7,108.5,122.9,53.2
68,41,151,61,1,3,0,0,2,2,1,1,121.9,76.3,270.8,108.8
22,64,33,45,0,2,3,2,2,1,3,1,37.6,117.2,60.9,83.0
18,42,111,17,2,2,1,0,1,2,2,0,34.4,76.60000000000001,199.3,30.6
38,12,9,68,0,3,3,2,2,1,1,2,66.4,25.1,19.7,123.4
22,18,35,25,2,2,0,2,1,2,0,3,41.6,33.4,63.0,45.0
24,61,52,34,2,0,2,2,2,2,1,3,44.2,107.8,95.60000000000001,61.2
55,196,9,13,1,3,3,1,0,1,0,2,100.5,356.3,20.7,22.900000000000002
122,36,184,32,2,3,2,1,1,3,2,2,221.6,66.3,332.2,57.1
24,27,0,16,1,1,0,2,3,2,3,1,41.7,48.1,0.0,30.8
55,17,56,68,3,2,1,3,3,0,1,3,100.5,33.6,101.3,123.9
8,53,8,49,1,0,0,1,3,2,2,0,12.9,93.4,12.4,89.7
185,59,66,53,3,2,1,0,1,1,0,0,336.5,108.2,120.3,95.4
34,53,20,61,0,3,0,0,1,3,1,2,60.2,96.9,35.0,107.8
74,40,50,172,1,2,2,2,3,0,2,0,131.70000000000002,75.0,91.0,312.6
58,7,0,33,1,0,1,0,3,0,0,0,102.9,12.6,0.0,59.4
39,151,150,14,2,1,3,3,2,0,0,3,71.2,273.3,274.5,26.7
12,103,39,17,2,2,2,2,0,3,2,2,24.6,185.4,71.2,31.6
54,49,9,17,0,0,1,2,0,0,0,1,97.2,88.2,17.7,32.6
6,88,33,67,0,0,3,3,0,2,2,0,10.8,156.4,61.9,125.10000000000001
32,67,20,156,1,0,2,2,2,0,3,2,57.1,120.60000000000001,36.0,281.8
116,6,33,43,0,0,0,0,1,2,3,1,207.8,8.8,56.4,76.4
32,39,63,17,1,1,0,3,3,2,0,0,56.1,69.7,113.4,35.1
32,58,65,63,0,0,3,0,0,3,3,0,57.6,101.4,118.5,113.4
103,146,5,117,2,0,2,3,2,0,0,3,186.4,262.8,12.0,212.1
46,32,28,115,3,0,1,1,0,1,3,1,87.3,56.6,48.9,207.5
54,69,5,24,3,0,2,0,1,2,1,0,100.7,122.2,11.0,43.2
45,110,35,49,1,0,0,3,3,2,2,3,79.5,196.0,61.0,89.7
50,70,57,21,1,2,3,1,0,1,0,1,91.5,128.0,107.10000000000001,38.300000000000004
62,140,58,45,1,3,3,1,1,1,3,1,112.10000000000001,255.5,105.9,81.5
200,137,17,37,3,3,3,2,0,2,2,1,364.5,249.1,33.1,68.60000000000001
176,11,19,112,1,3,2,2,2,1,1,2,316.3,23.3,36.2,202.6
50,11,18,23,2,0,0,0,3,0,1,0,90.0,19.8,31.4,41.4
47,4,0,143,1,2,3,0,3,2,1,3,83.10000000000001,8.2,0.0,254.40000000000003
125,15,131,53,2,3,3,2,2,2,2,0,226.0,29.5,238.3,98.4
152,22,101,69,2,0,2,3,1,1,2,2,275.6,38.6,182.8,126.69999999999999
177,46,71,43,1,1,1,1,0,0,0,3,320.1,84.3,129.3,75.9
12,53,42,57,3,1,2,3,0,2,0,2,26.1,94.9,78.60000000000001,105.10000000000001
5,47,6,68,3,3,1,0,3,1,2,3,10.5,88.10000000000001,10.3,119.4
52,50,163,96,0,1,3,1,1,2,3,2,92.60000000000001,89.5,294.90000000000003,172.3
160,5,21,63,0,3,2,1,1,3,3,3,287.0,10.5,37.800000000000004,111.9
42,9,59,5,0,0,0,3,0,1,2,1,75.60000000000001,15.2,104.2,12.5
12,28,128,68,1,1,0,3,2,2,2,0,21.1,49.9,228.4,126.9
107,102,184,42,1,0,3,2,2,3,0,3,192.1,180.6,335.7,75.60000000000001
19,54,13,18,2,0,3,3,0,1,1,2,37.2,96.2,26.900000000000002,34.9
47,34,43,45,0,2,1,0,3,3,1,1,81.60000000000001,61.2,77.9,80.0
1,20,6,1,2,1,0,1,0,3,0,3,4.8,34.5,10.8,0.2999999999999998
52,31,5,50,2,1,0,2,2,1,0,2,94.60000000000001,56.300000000000004,9.0,91.0
64,30,42,50,0,0,2,0,0,3,3,1,115.2,51.0,75.60000000000001,89.0
9,58,21,60,0,3,1,1,1,0,3,2,15.2,108.9,36.300000000000004,107.5
28,68,115,40,1,2,0,0,3,1,1,2,48.9,124.4,206.0,70.0
113,4,22,63,2,1,2,3,3,1,0,3,203.4,7.699999999999999,42.6,114.9
42,105,56,7,3,1,0,1,3,2,2,3,77.10000000000001,188.5,98.8,11.1
15,21,152,62,0,0,3,2,3,1,3,3,24.0,36.800000000000004,275.1,111.60000000000001
16,111,92,15,1,2,1,2,3,3,2,3,27.3,199.8,165.1,27.0
17,3,57,44,1,3,2,0,0,0,0,1,32.1,9.9,105.60000000000001,78.2
68,18,23,4,3,1,0,3,3,2,1,3,123.9,31.9,40.4,8.7
58,39,56,19,1,2,1,0,3,0,3,3,102.9,73.2,99.3,31.200000000000003
66,107,69,43,0,1,0,0,1,2,3,1,117.8,192.1,121.2,76.4
51,118,106,28,1,3,2,1,2,2,0,0,91.3,214.9,193.8,51.9
43,29,57,3,1,3,2,2,3,0,1,3,75.9,56.7,104.60000000000001,5.4
190,58,56,18,1,0,0,1,1,1,1,2,342.5,103.4,99.8,31.9
20,11,26,179,2,3,2,2,0,0,2,1,39.0,24.3,47.800000000000004,324.2
21,44,155,64,3,2,1,2,1,3,0,1,41.300000000000004,79.2,280.5,117.2
43,163,62,147,1,2,2,2,1,3,1,3,77.9,293.40000000000003,113.60000000000001,264.6
117,56,33,53,0,3,3,2,1,2,0,1,209.6,103.3,63.9,97.4
83,60,42,56,0,3,3,3,2,1,3,0,147.4,111.5,77.10000000000001,105.3
45,2,55,60,1,2,2,0,1,1,3,1,81.5,5.6,99.0,107.0
138,69,139,64,3,2,3,3,0,0,2,0,252.9,127.2,252.70000000000002,119.7
5,40,33,37,3,0,0,0,0,3,0,2,13.5,69.0,59.4,64.60000000000001
50,60,32,59,1,2,1,2,3,2,3,3,88.5,109.0,56.1,106.2
50,51,46,3,0,1,2,3,3,2,1,0,87.0,91.3,84.8,9.9
112,192,46,51,0,3,0,2,1,1,0,3,200.6,349.1,82.8,91.8
13,54,186,69,1,1,0,3,1,3,1,2,23.900000000000002,95.7,333.8,126.69999999999999
0,9,2,188,1,2,1,0,0,3,1,1,0.0,16.2,4.1,337.40000000000003
33,38,190,130,0,0,0,0,1,3,1,2,58.4,65.4,341.0,232.0
21,61,27,39,2,1,2,3,1,1,1,1,39.800000000000004,110.3,50.6,73.7
39,169,22,60,3,1,3,0,3,3,3,3,71.7,302.7,41.1,105.0
23,10,47,176,1,2,0,0,0,0,2,3,42.9,21.0,82.60000000000001,313.8
3,28,112,31,0,2,3,3,2,1,2,2,3.4000000000000004,52.4,204.1,58.300000000000004
36,54,200,42,1,0,1,1,2,3,1,3,64.3,94.2,360.5,74.10000000000001
22,53,133,32,3,0,3,3,3,2,0,2,41.1,93.4,243.9,60.1
170,26,9,69,2,1,2,0,2,1,1,3,307.0,47.300000000000004,18.2,121.2
33,61,81,99,0,2,0,2,3,3,3,0,56.4,109.8,142.8,181.20000000000002
24,99,25,33,3,2,0,2,2,0,2,1,45.7,181.20000000000002,43.0,61.4
3,31,43,181,0,1,3,3,3,1,3,3,2.4000000000000004,56.300000000000004,78.9,327.3
135,22,50,200,2,3,2,2,1,3,1,3,245.0,41.1,92.0,360.0
55,78,59,34,1,1,0,0,1,1,0,0,99.5,140.9,106.2,61.2
29,27,68,39,2,1,1,1,2,3,0,1,53.2,47.1,123.9,70.7
19,33,135,21,0,2,3,1,2,2,1,0,32.2,60.4,246.5,39.300000000000004
58,152,158,195,1,1,3,2,2,2,2,3,103.9,273.1,286.90000000000003,351.0
160,70,28,17,2,3,3,1,1,0,0,3,290.0,130.5,54.9,29.1
100,46,29,30,0,3,2,0,3,3,0,1,177.0,84.3,55.2,53.0
70,49,38,60,3,3,2,0,2,3,0,1,128.5,89.7,71.4,107.0
20,136,11,65,0,2,3,2,1,3,1,0,35.0,244.8,23.3,120.0
19,34,21,9,3,3,2,3,3,3,2,2,35.7,62.7,38.800000000000004,18.7
51,1,29,39,0,0,1,0,2,3,2,3,89.8,0.0,51.7,67.2
111,34,182,38,3,3,1,3,2,2,1,0,202.3,63.7,328.1,72.9
109,25,6,59,0,2,1,2,2,0,0,3,194.20000000000002,48.0,12.3,106.2
34,16,133,49,0,3,2,2,1,2,2,3,60.2,31.299999999999997,240.4,88.2
103,173,176,23,3,1,2,3,1,3,3,2,188.9,309.90000000000003,316.8,43.9
91,39,22,50,3,1,0,1,1,3,0,0,167.3,68.7,39.6,91.5
56,10,34,28,1,0,2,3,0,1,0,2,102.3,17.0,64.2,52.9
103,17,67,104,3,0,3,2,2,3,2,3,187.9,27.6,123.10000000000001,187.20000000000002
35,46,52,70,1,2,1,0,1,3,2,1,63.5,82.8,93.10000000000001,125.0
56,43,24,2,1,2,2,0,1,1,3,1,101.3,79.4,43.2,2.6
143,67,6,14,2,0,3,3,3,0,0,2,257.40000000000003,120.60000000000001,15.3,27.7
73,3,57,42,0,0,1,1,1,1,2,0,130.4,4.4,102.10000000000001,77.10000000000001
66,66,64,37,2,2,3,1,2,1,1,3,119.8,120.8,118.7,65.10000000000001
31,36,42,44,3,0,1,2,2,1,0,0,58.300000000000004,63.8,77.10000000000001,82.2
0,46,13,28,2,2,3,0,2,2,2,3,0.0,83.8,25.900000000000002,47.4
122,58,139,4,2,1,0,2,0,0,2,3,222.6,105.9,248.20000000000002,7.199999999999999
29,47,34,49,0,0,0,3,0,1,2,3,52.2,83.60000000000001,59.2,89.7
94,64,33,46,2,1,2,0,1,2,3,3,171.20000000000002,114.7,59.4,79.8
35,62,191,119,0,3,2,2,2,0,3,3,61.0,116.10000000000001,343.8,214.20000000000002
22,22,56,55,2,0,1,2,0,3,3,1,42.6,36.6,99.3,101.0
47,18,106,25,2,2,1,3,2,2,1,0,85.60000000000001,33.4,191.3,49.5
15,55,22,44,1,1,2,2,2,1,0,2,26.5,99.5,42.6,80.2
12,19,1,55,0,3,3,0,3,3,3,1,18.6,35.7,3.3,98.0
43,65,33,34,0,0,1,2,2,0,0,3,75.4,117.0,60.9,61.2
7,18,41,11,0,1,1,3,1,3,2,3,11.6,30.9,73.3,21.3
62,7,3,111,3,1,2,3,1,0,2,3,115.10000000000001,14.1,6.4,201.3
169,16,8,35,0,2,2,2,0,3,3,1,304.2,28.8,14.399999999999999,65.0
33,47,16,15,3,3,0,1,3,3,1,3,60.9,86.10000000000001,27.8,25.5
5,42,68,196,1,3,0,1,1,0,3,0,9.5,80.10000000000001,119.4,354.3
98,45,0,13,2,1,3,3,1,1,3,0,178.4,81.5,0.0,27.900000000000002
50,31,32,62,0,2,3,2,0,1,2,0,90.0,57.800000000000004,60.1,114.60000000000001
84,44,44,26,0,2,1,1,0,1,3,3,151.20000000000002,81.2,77.7,45.300000000000004
6,177,36,44,3,1,3,2,3,3,2,2,12.3,317.1,67.3,80.2
74,7,19,20,3,3,1,0,2,0,2,1,135.70000000000002,17.1,33.7,35.0
20,121,46,99,2,0,1,3,3,2,1,3,36.0,215.8,83.3,179.70000000000002
24,51,56,0,2,1,0,0,1,0,0,0,45.2,93.3,100.8,0.0
58,56,34,3,1,2,2,0,0,2,0,0,105.9,101.8,64.2,5.4
121,11,43,155,3,2,3,1,1,1,2,1,221.3,21.8,79.9,279.5
26,118,46,0,2,2,2,2,2,1,0,2,47.800000000000004,214.4,85.8,0.0
63,187,7,12,3,2,2,3,1,2,2,1,116.9,337.6,13.6,25.1
23,13,132,1,0,2,2,3,1,3,3,3,40.4,23.400000000000002,237.6,3.3
26,49,41,3,3,0,1,3,1,0,1,2,50.300000000000004,88.2,74.3,7.9
44,23,129,48,2,3,0,1,0,1,3,2,82.2,44.9,229.20000000000002,85.9
51,42,64,89,3,3,3,3,0,0,1,3,96.3,80.10000000000001,118.7,161.70000000000002
172,43,66,148,0,1,1,3,3,0,3,3,306.6,78.9,117.3,267.90000000000003
48,56,27,46,2,1,3,2,2,3,3,2,87.4,99.3,50.1,83.8
166,16,0,5,2,0,1,3,1,0,2,3,300.8,28.8,0.0,10.5
6,46,183,28,0,0,2,1,1,1,1,0,9.8,81.8,331.40000000000003,51.9
5,38,150,110,1,0,1,0,1,3,0,1,9.5,65.4,271.5,197.0
12,30,46,128,0,2,0,1,2,0,2,0,19.6,57.0,80.8,231.9
103,25,36,50,0,0,1,0,2,3,2,2,183.4,42.0,64.3,88.0
50,28,116,16,0,3,1,3,0,0,2,3,90.0,54.9,208.3,30.299999999999997
63,47,58,2,1,0,2,0,2,3,3,1,112.9,81.60000000000001,104.4,2.6
56,16,25,36,0,0,3,1,0,0,3,2,100.8,28.8,46.5,64.3
136,7,21,20,3,2,2,2,2,1,1,1,247.3,14.6,39.800000000000004,38.0
68,4,68,180,0,2,3,0,0,2,1,0,122.4,8.2,125.9,324.0
50,6,23,50,3,0,3,3,0,0,1,2,94.5,10.8,44.9,92.5
19,56,73,122,0,1,0,2,1,1,1,3,33.2,101.3,130.4,219.6
65,67,54,143,2,0,2,2,3,1,1,0,117.0,119.60000000000001,99.2,260.40000000000003
36,27,58,23,3,0,0,2,3,1,2,3,66.3,47.6,102.4,41.4
47,42,31,5,0,1,0,2,0,2,3,1,84.60000000000001,75.10000000000001,52.800000000000004,11.0
57,17,119,69,2,2,1,3,0,0,3,1,105.60000000000001,33.6,212.70000000000002,127.69999999999999
30,54,6,19,3,2,0,2,2,0,2,2,56.5,100.2,8.8,35.2
64,44,66,121,1,2,3,3,1,3,3,1,115.7,79.2,120.3,221.3
117,49,35,53,3,0,3,2,0,1,2,3,215.1,87.2,65.5,95.4
27,42,10,28,0,1,2,3,2,2,0,0,46.6,75.10000000000001,21.0,54.9
25,17,37,111,1,0,2,1,2,0,3,3,44.5,30.6,66.60000000000001,198.3
29,34,26,65,1,3,3,3,0,3,2,2,53.7,62.7,49.300000000000004,119.5
32,70,8,48,3,2,0,1,2,1,3,0,60.1,128.0,11.4,87.9
60,20,39,61,1,1,2,3,3,2,3,3,106.5,35.5,70.2,111.3
184,101,86,164,3,3,2,3,3,1,3,1,332.7,185.3,154.8,298.7
53,27,47,47,3,1,1,1,0,3,2,2,99.9,47.1,84.10000000000001,84.10000000000001
46,42,20,24,3,2,3,1,0,2,2,0,87.3,76.60000000000001,38.5,44.7
55,40,119,1,0,3,2,0,3,1,1,0,96.0,75.5,216.20000000000002,1.8
154,16,53,44,0,2,3,0,1,2,1,3,276.2,29.8,98.9,76.2
9,51,39,32,1,3,3,2,1,1,2,2,16.7,95.3,72.7,58.6
35,167,61,76,2,2,3,2,3,1,1,1,63.0,302.6,113.3,138.8
28,43,68,11,3,1,1,3,0,2,2,1,54.9,76.9,121.9,23.3
21,11,69,60,0,2,3,3,0,0,1,0,37.800000000000004,22.8,127.69999999999999,112.5
154,47,45,13,0,1,3,2,2,0,1,2,275.2,86.10000000000001,84.5,24.400000000000002
70,55,79,19,3,0,1,2,2,3,2,0,128.5,96.0,141.70000000000002,37.2
27,21,39,161,2,2,2,2,1,2,3,1,50.6,38.800000000000004,70.2,291.8
104,20,20,66,1,0,0,2,0,3,2,1,188.70000000000002,33.0,34.0,120.8
77,21,62,51,2,1,0,2,0,1,3,3,141.6,38.300000000000004,108.60000000000001,91.8
58,47,40,1,2,1,3,0,1,0,1,0,106.4,86.10000000000001,75.5,1.8
28,115,77,70,0,2,1,3,3,0,0,0,47.4,210.0,140.1,130.5
46,67,108,36,1,0,1,2,1,3,0,1,83.3,117.60000000000001,195.9,66.8
36,175,178,56,1,2,3,2,2,0,1,3,64.3,318.0,323.90000000000003,100.8
181,26,28,22,0,2,1,0,2,3,3,1,323.8,46.800000000000004,48.9,38.6
95,30,46,35,0,3,0,1,3,1,1,0,168.0,57.5,81.8,64.5
47,60,130,68,1,2,2,2,2,3,0,2,84.10000000000001,108.0,237.0,123.4
6,28,7,46,3,0,2,0,1,0,1,3,14.3,50.4,14.6,79.8
34,20,3,51,2,3,2,3,3,0,1,1,61.2,40.5,7.4,95.3
192,42,66,165,0,1,3,3,2,2,3,0,343.6,75.10000000000001,120.3,301.5
27,63,11,21,3,0,0,0,0,1,2,3,53.1,112.4,17.8,34.800000000000004
191,21,2,15,2,1,0,1,0,0,2,1,346.8,39.300000000000004,1.6,27.5
37,4,129,39,0,0,2,3,0,2,3,2,66.60000000000001,5.2,232.20000000000002,72.7
32,117,32,24,0,1,0,1,3,1,0,3,54.6,211.1,57.6,41.7
64,37,64,119,2,2,1,2,2,0,3,3,116.2,69.60000000000001,113.7,214.20000000000002
74,37,85,23,2,0,3,1,1,0,0,3,135.20000000000002,66.60000000000001,157.5,39.9
136,48,29,51,2,3,1,2,2,3,0,3,245.8,87.9,53.7,91.8
26,1,39,106,1,3,1,0,2,3,0,2,46.300000000000004,3.3,71.7,188.8
31,67,33,50,2,1,0,0,2,3,0,0,56.800000000000004,119.10000000000001,59.4,90.0
17,0,97,13,1,0,1,0,3,3,2,0,29.1,0.0,174.1,23.400000000000002
22,22,51,104,1,2,0,0,0,2,0,1,41.1,40.6,91.8,186.20000000000002
53,2,30,136,2,1,0,1,1,3,3,3,97.4,2.0999999999999996,51.0,243.3
68,11,29,14,0,0,0,0,1,1,1,1,121.4,18.8,51.2,24.2
52,72,2,8,2,3,0,1,3,3,2,0,93.60000000000001,131.1,1.6,15.9
191,52,158,26,2,3,0,2,1,1,2,2,345.8,97.10000000000001,282.40000000000003,47.800000000000004
1,59,69,81,0,3,0,1,1,1,0,0,0.8,109.7,124.2,147.3
70,67,58,65,0,1,2,1,1,0,2,1,125.0,122.10000000000001,105.4,117.5
144,62,4,14,0,2,2,3,3,0,2,2,256.2,114.60000000000001,8.2,27.7
180,50,67,28,2,2,2,0,2,1,2,2,325.0,92.0,121.60000000000001,48.4
27,34,52,6,1,0,3,2,3,3,2,0,47.1,58.2,96.10000000000001,13.8
30,38,18,67,0,3,3,1,3,3,2,3,51.0,69.9,34.9,119.10000000000001
52,27,45,36,1,2,1,0,2,0,1,0,93.10000000000001,51.6,81.5,64.8
30,54,10,64,0,1,1,0,2,2,0,1,52.0,96.7,19.5,114.2
60,18,160,68,2,1,2,0,2,2,3,0,109.0,31.9,288.0,122.4
44,42,1,36,3,1,0,1,2,1,1,0,81.7,76.10000000000001,0.8,66.3
91,156,11,115,1,3,3,0,3,2,2,1,162.3,283.3,22.3,206.0
13,92,43,14,3,1,2,2,2,2,3,0,25.900000000000002,165.1,77.4,28.2
48,35,161,51,1,0,0,0,1,2,1,3,86.9,61.0,288.8,88.8
137,48,65,115,1,2,1,0,1,3,1,1,247.1,86.4,117.5,206.0
35,107,43,16,0,1,1,3,0,3,3,2,63.0,191.1,75.9,31.299999999999997
24,108,47,165,2,3,2,0,3,1,2,2,43.2,197.9,85.60000000000001,295.0
45,20,67,15,3,3,1,3,3,2,2,3,82.5,38.5,120.10000000000001,28.5
18,62,2,42,0,3,1,2,3,2,2,2,29.4,114.10000000000001,3.0999999999999996,76.60000000000001
39,12,200,52,1,2,2,3,0,1,1,0,71.7,23.6,362.0,98.10000000000001
200,11,32,46,1,2,2,0,1,1,1,1,360.5,21.8,59.6,81.8
34,67,177,45,1,0,1,2,1,0,3,2,61.7,120.60000000000001,317.1,82.0
167,15,76,4,0,3,1,0,1,2,0,2,299.6,29.5,138.3,5.2
22,12,25,56,2,3,0,3,1,0,3,0,41.6,26.1,42.0,105.3
13,42,41,18,2,0,0,1,3,1,0,2,23.400000000000002,74.60000000000001,73.8,31.9
36,51,106,136,3,0,2,3,2,3,3,3,67.3,88.8,190.8,246.3
144,60,1,197,0,0,3,3,3,2,0,3,256.2,106.0,6.3,356.1
69,108,13,11,1,1,1,0,3,1,3,1,122.7,194.9,21.900000000000002,18.8
27,15,52,11,1,1,2,2,3,0,0,1,47.1,28.5,96.60000000000001,21.8
21,24,59,46,0,1,0,0,0,0,2,1,37.800000000000004,44.7,104.2,81.8
14,31,63,58,2,3,3,0,3,1,0,2,25.2,59.300000000000004,117.9,102.4
52,165,43,128,0,2,0,0,1,0,3,3,92.60000000000001,300.0,74.4,227.4
15,66,33,76,2,0,0,0,2,3,1,2,28.0,115.8,58.4,134.8
28,42,126,43,3,1,3,1,0,0,3,0,54.9,77.10000000000001,228.3,78.9
38,36,28,41,0,0,2,2,2,2,2,2,66.4,62.8,51.4,74.8
53,13,61,13,1,1,0,3,1,3,2,1,95.9,21.900000000000002,107.8,26.900000000000002
65,49,46,89,1,0,0,3,1,2,2,0,117.5,86.2,80.8,164.70000000000002
61,54,18,49,1,0,2,2,1,2,1,3,110.3,95.2,34.4,88.2
46,21,35,69,1,3,1,2,2,1,1,3,82.3,41.300000000000004,63.5,124.2
59,45,156,19,2,2,3,1,2,0,1,3,107.2,84.0,284.3,32.7
42,161,44,37,1,1,3,2,2,1,2,0,75.10000000000001,290.3,81.7,69.60000000000001
198,58,108,46,2,3,0,2,3,1,3,1,356.40000000000003,107.9,191.4,84.8
9,119,29,57,0,3,0,2,2,3,1,1,14.2,215.70000000000002,51.2,104.60000000000001
5,48,50,67,1,2,1,1,1,3,2,2,9.5,86.4,89.5,120.10000000000001
45,99,75,17,3,1,3,1,1,1,2,0,84.5,178.70000000000002,137.5,32.1
16,29,29,35,1,2,3,0,3,0,0,2,27.3,55.2,56.7,61.0
23,41,16,65,0,3,1,1,2,0,2,0,39.4,78.3,28.3,118.5
38,106,176,28,3,3,0,2,0,0,3,0,72.9,195.3,313.8,53.4
0,37,65,40,3,3,2,2,0,0,2,2,0.0,71.10000000000001,118.0,73.0
26,12,70,34,0,3,0,2,2,1,2,3,44.800000000000004,25.1,124.0,61.2
1,102,18,51,2,1,2,3,0,2,1,2,4.8,183.1,34.4,94.3
19,116,46,19,2,3,0,0,3,3,2,3,34.2,210.3,80.8,31.200000000000003
21,55,150,52,0,3,2,2,2,1,2,1,35.800000000000004,102.5,271.0,95.60000000000001
19,48,19,132,1,2,2,2,0,3,1,1,35.7,86.4,36.2,239.6
44,70,26,70,0,0,1,2,0,2,0,2,79.2,124.0,48.300000000000004,127.0
56,62,50,4,2,2,3,0,2,1,3,3,101.8,113.60000000000001,91.5,4.2
11,23,12,0,3,1,1,0,0,2,3,3,24.3,40.9,20.1,0.0
56,62,193,53,0,0,2,1,1,1,2,0,99.8,110.60000000000001,348.40000000000003,96.9
30,30,35,51,3,0,3,1,3,2,0,1,55.5,52.0,67.5,92.3
39,11,65,123,3,1,3,0,1,2,3,0,73.7,19.3,118.5,221.4
52,149,68,55,2,3,2,3,0,1,2,1,96.60000000000001,271.7,123.4,102.5
8,28,33,45,3,3,0,3,0,2,0,0,18.9,52.9,59.4,85.5
46,55,37,32,2,3,3,3,0,1,0,3,85.8,102.5,71.10000000000001,59.1
185,70,40,48,2,2,2,3,0,3,1,1,336.0,126.0,74.0,89.9
171,101,42,34,1,1,3,0,2,0,3,2,307.3,183.3,77.10000000000001,59.2
128,18,36,39,2,1,3,0,1,0,0,1,232.4,33.9,69.3,69.2
57,31,19,58,2,2,0,0,3,0,1,3,102.60000000000001,58.800000000000004,33.2,101.4
159,46,58,14,0,2,3,2,0,1,0,2,286.2,84.8,108.9,26.2
51,103,64,41,1,0,2,3,1,2,3,1,92.3,183.4,115.2,77.3
6,33,184,63,2,3,0,2,2,0,0,1,11.8,63.9,331.2,115.4
98,49,48,194,0,2,1,2,3,0,3,1,173.4,91.2,84.9,351.2
36,5,48,57,2,0,1,3,2,3,2,0,65.8,6.0,85.9,107.10000000000001
73,50,41,47,1,3,3,1,3,3,1,1,129.9,91.5,77.3,85.10000000000001
24,21,38,46,0,3,3,3,3,2,2,2,40.2,40.300000000000004,70.9,85.3
70,157,22,59,3,3,0,0,2,1,2,2,128.5,286.1,37.6,104.2
140,34,66,45,2,0,2,0,0,1,3,1,255.0,60.2,118.8,80.0
69,56,56,32,1,3,1,1,0,0,3,3,125.7,105.3,99.3,56.1
190,34,48,52,3,0,1,0,3,1,0,1,343.5,60.2,87.9,92.60000000000001
11,69,28,163,3,1,1,1,3,0,2,1,21.3,125.7,49.9,293.90000000000003
173,81,40,37,0,0,1,2,3,2,0,0,308.40000000000003,143.8,73.5,69.60000000000001
73,33,4,53,1,0,3,2,3,3,1,2,129.9,56.4,10.7,96.4
195,34,53,154,2,3,3,0,1,2,1,3,353.0,63.7,98.9,274.2
50,9,8,2,0,3,2,3,3,3,3,2,87.0,17.7,14.399999999999999,6.1
28,72,112,6,1,1,3,1,2,2,1,1,49.9,129.1,205.1,11.3
41,78,40,66,0,3,1,3,2,0,3,0,71.8,144.9,70.5,123.3
33,59,137,50,2,0,0,1,1,3,3,3,61.4,103.2,243.6,88.5
19,59,4,44,3,0,2,2,0,3,3,0,38.7,103.2,7.199999999999999,82.2
160,139,120,23,0,0,0,0,3,0,2,1,285.0,250.20000000000002,214.0,40.4
23,4,35,31,2,2,0,0,1,2,2,0,43.4,8.2,61.0,55.800000000000004
65,9,66,200,3,1,0,3,1,2,1,3,120.5,15.7,117.8,361.5
12,8,64,99,3,1,1,2,2,1,0,3,24.1,14.9,116.7,178.20000000000002
77,85,128,93,1,1,1,3,1,3,0,3,139.1,151.5,231.9,168.9
15,51,31,54,0,3,2,0,2,3,3,0,25.0,93.3,55.800000000000004,97.2
52,92,24,50,1,0,1,2,0,2,1,3,95.10000000000001,163.6,43.7,90.0
188,17,174,61,1,3,2,0,2,1,0,3,337.90000000000003,34.1,316.2,106.8
24,70,84,29,1,2,3,3,0,0,2,3,44.7,129.0,153.70000000000002,53.7
11,49,52,69,3,0,3,2,2,0,1,1,22.3,88.2,97.10000000000001,126.2
17,36,6,152,2,3,3,2,3,0,0,0,30.6,69.3,15.3,276.6
27,45,99,179,3,2,3,2,1,0,2,3,52.1,84.0,180.70000000000002,322.2
57,85,16,141,0,2,0,1,3,1,1,0,99.60000000000001,155.0,27.8,255.3
48,22,15,116,3,1,0,2,2,3,1,2,88.9,38.1,26.0,209.8
48,4,20,69,3,3,3,1,0,3,2,2,90.9,8.7,38.5,123.7
70,2,20,70,0,3,1,3,2,1,1,1,124.0,7.1,36.5,129.5
6,58,52,44,0,0,2,2,1,3,2,2,9.8,101.4,94.60000000000001,80.2
43,69,29,41,1,2,0,1,3,3,0,1,75.9,124.2,52.2,74.3
15,129,180,61,0,3,3,3,0,1,1,3,27.0,235.70000000000002,327.5,111.3
136,50,53,74,1,3,3,3,1,1,0,2,245.3,93.5,99.9,135.70000000000002
30,93,47,39,3,0,0,3,0,0,3,1,58.5,167.4,81.60000000000001,73.7
65,49,30,102,1,2,1,0,1,1,2,2,117.5,90.2,53.5,181.6
70,18,31,51,1,0,3,3,1,3,0,0,126.5,29.4,60.300000000000004,96.3
70,200,116,149,0,3,2,3,0,2,3,1,126.0,362.5,208.8,271.7
6,62,31,57,1,0,0,1,3,3,0,2,9.3,108.60000000000001,55.800000000000004,102.10000000000001
59,31,121,4,3,1,1,0,2,1,0,0,108.7,56.300000000000004,219.3,7.2
9,70,44,184,1,1,1,3,2,1,2,3,15.7,126.5,78.7,332.7
31,133,65,43,0,3,1,1,3,0,0,2,52.800000000000004,243.9,118.5,76.9
8,37,66,58,2,2,2,1,1,3,2,3,16.4,66.60000000000001,119.8,102.9
2,30,1,38,2,2,2,3,0,3,3,1,6.6,54.0,1.7999999999999998,71.9
102,8,48,25,3,2,1,1,3,3,0,1,185.1,14.399999999999999,87.9,45.5
18,55,68,28,3,3,0,1,0,1,1,1,36.9,102.5,121.4,50.9
49,66,98,68,3,1,1,0,1,1,3,1,91.7,119.3,174.9,121.4
127,55,54,160,2,3,1,1,2,1,2,0,229.6,102.5,96.7,289.5
30,114,39,32,3,2,2,0,1,1,3,2,57.5,207.20000000000002,70.2,55.6
146,68,9,48,2,0,3,3,0,2,1,3,265.8,120.4,19.7,87.9
8,11,113,33,0,2,0,3,0,1,3,1,14.4,21.8,200.4,62.9
22,42,2,41,1,1,3,0,1,3,0,3,40.1,74.10000000000001,8.1,70.8
99,56,24,9,3,0,3,2,0,1,0,0,182.70000000000002,99.8,47.7,19.2
54,25,50,25,0,1,3,2,3,0,2,1,94.2,46.5,92.5,47.0
22,9,59,1,0,2,0,1,0,2,0,2,39.6,17.2,106.2,1.2999999999999998
152,58,37,23,2,2,3,0,3,2,0,0,273.6,105.4,71.10000000000001,41.4
19,53,40,12,3,2,3,0,1,2,2,2,37.7,96.4,74.5,19.6
30,35,64,13,1,3,3,0,0,1,0,3,55.5,66.5,119.7,20.400000000000002
59,65,19,90,2,3,0,2,0,3,1,2,109.2,118.5,33.2,163.0
30,26,20,51,1,0,0,3,1,1,1,3,54.5,45.800000000000004,35.0,93.3
57,23,40,1,2,0,0,1,2,1,2,0,103.60000000000001,40.4,70.0,3.3
30,3,77,9,3,3,3,3,1,1,3,2,57.5,8.9,140.1,18.7
9,55,34,52,3,2,0,2,1,0,3,0,19.7,102.0,58.2,96.60000000000001
7,46,186,2,0,1,0,1,1,3,2,3,11.6,81.3,332.8,2.0999999999999996
82,9,123,45,1,0,0,3,3,0,2,2,146.1,16.2,219.4,83.5
14,19,169,109,3,2,1,0,1,3,0,0,28.7,34.2,305.7,196.20000000000002
178,191,70,193,0,0,2,3,1,0,2,0,319.40000000000003,343.8,127.0,351.90000000000003
1,149,31,7,1,2,1,1,2,3,0,2,1.2999999999999998,268.2,57.300000000000004,12.1
5,28,8,15,2,0,2,2,1,3,3,3,11.0,47.4,14.399999999999999,27.0
37,53,63,166,1,0,3,2,1,1,3,0,67.10000000000001,94.4,114.9,301.8
128,197,32,36,1,1,3,2,0,3,3,1,231.9,353.1,59.1,66.8
49,3,112,88,1,2,0,2,0,1,3,3,89.7,7.4,198.6,158.4
184,69,28,46,2,0,2,2,1,1,3,1,333.2,123.2,50.4,84.8
32,31,56,42,3,1,1,1,0,0,1,3,62.1,57.300000000000004,101.3,74.10000000000001
56,34,77,146,3,0,3,2,2,2,3,3,103.3,59.2,140.1,262.8
37,3,195,97,1,1,0,2,2,1,1,3,66.10000000000001,5.9,350.0,174.6
18,12,54,36,1,2,0,1,1,1,2,2,32.9,23.6,95.2,64.3
13,42,16,28,3,2,2,2,0,3,3,3,27.900000000000002,75.60000000000001,28.8,50.4
61,62,69,36,0,1,0,3,2,2,3,0,107.8,111.10000000000001,121.2,69.3
21,47,51,46,0,3,2,2,0,3,1,1,37.800000000000004,86.10000000000001,93.8,84.8
34,40,4,46,3,3,1,0,0,3,2,3,65.7,73.5,6.699999999999999,79.8
16,10,26,6,1,1,3,3,3,2,3,0,27.3,17.5,48.300000000000004,15.3
132,50,124,14,0,3,1,2,1,3,1,2,236.6,91.5,223.70000000000002,26.2
66,54,67,9,2,1,1,1,1,0,3,2,120.8,98.7,119.10000000000001,15.7
190,8,61,66,0,0,1,1,1,2,0,0,341.0,12.4,111.3,120.3
64,58,2,167,3,1,0,1,3,1,1,2,116.7,104.9,2.6,300.1
17,19,67,48,3,1,0,0,2,0,0,2,33.1,35.7,120.60000000000001,84.4
28,21,168,54,0,2,1,1,2,1,2,2,48.4,39.800000000000004,301.90000000000003,96.7
41,58,159,27,1,2,2,1,3,2,1,3,72.3,105.4,288.2,47.1
26,80,40,114,3,2,1,2,2,0,3,0,49.300000000000004,147.0,70.5,208.20000000000002
17,21,10,19,1,2,2,1,1,1,1,1,31.1,39.800000000000004,20.0,34.7
29,63,52,63,1,0,0,0,2,3,0,0,51.7,110.4,93.60000000000001,113.4
8,7,61,8,0,2,1,1,3,0,3,3,11.4,15.6,108.3,12.9
177,4,47,13,0,3,2,2,1,0,3,3,317.6,11.7,84.60000000000001,23.400000000000002
39,53,26,9,2,1,1,0,0,1,1,0,73.2,95.9,47.300000000000004,16.2
31,41,61,55,0,1,2,2,2,2,1,1,53.800000000000004,73.3,111.8,101.0
58,29,35,60,2,3,1,3,3,2,3,0,104.4,54.7,61.5,112.5
123,62,45,35,3,0,2,1,2,0,0,1,223.9,111.60000000000001,84.0,63.5
57,66,41,62,3,2,0,3,0,3,1,3,107.10000000000001,118.8,72.8,113.10000000000001
137,45,170,62,2,3,3,0,0,3,2,1,249.6,82.5,308.5,110.60000000000001
105,193,52,43,0,0,0,2,3,0,2,1,186.0,347.40000000000003,91.60000000000001,79.4
45,26,66,65,1,3,0,3,0,2,3,1,82.5,49.300000000000004,115.8,120.5
152,47,34,36,2,2,1,0,1,2,3,1,275.6,85.60000000000001,59.7,63.8
67,119,7,36,1,0,1,2,2,3,1,2,120.10000000000001,211.20000000000002,13.1,65.8
64,130,52,44,0,2,3,1,0,0,1,3,115.2,237.0,97.10000000000001,77.7
55,46,158,40,1,2,1,0,3,2,0,1,97.5,83.8,285.90000000000003,71.0
2,58,19,43,1,0,1,3,1,1,2,2,4.1,103.4,33.7,79.9
185,69,27,17,3,2,0,1,3,1,2,3,334.5,126.2,46.6,29.1
16,23,23,3,0,0,1,3,3,3,1,1,25.8,38.4,41.9,8.9
44,31,12,15,0,3,1,3,3,0,2,3,76.2,60.300000000000004,21.1,28.5
7,44,55,9,0,2,0,2,0,2,0,0,12.6,80.2,99.0,19.2
6,70,185,16,0,3,0,0,0,1,3,3,10.8,129.5,330.0,25.8
60,45,10,53,2,1,3,3,0,2,2,2,111.0,80.5,20.5,97.9
8,56,67,3,2,2,0,3,0,3,0,3,17.4,100.8,120.60000000000001,6.9
48,118,82,39,1,2,2,3,1,1,1,1,86.9,214.4,149.6,73.7
0,60,31,41,0,1,3,0,2,3,0,2,0.0,106.5,60.300000000000004,71.8
183,24,35,53,0,2,1,3,0,2,3,0,329.40000000000003,44.2,61.5,99.9
1,69,49,42,1,3,0,1,2,0,0,0,1.2999999999999998,128.7,88.2,77.10000000000001
63,2,15,18,2,3,1,1,3,1,1,1,113.4,7.1,27.5,32.9
29,135,34,65,0,3,0,2,2,1,2,1,50.2,246.5,59.2,119.0
35,63,64,189,2,0,1,1,3,0,1,3,63.0,113.4,115.7,338.7
27,23,45,11,3,3,0,2,0,0,0,2,53.1,45.9,81.0,20.8
16,14,25,50,0,0,1,2,2,2,0,2,26.8,23.2,46.5,91.0
32,120,20,49,3,2,3,3,1,3,2,3,61.1,216.0,38.5,89.7
7,39,58,2,0,1,2,3,3,1,2,0,9.6,70.7,105.4,8.1
153,44,39,26,3,3,1,3,2,3,1,2,277.90000000000003,80.7,70.7,49.300000000000004
65,8,16,55,2,2,0,3,2,2,3,0,118.0,15.399999999999999,25.8,103.5
47,66,14,5,2,2,1,2,2,3,1,3,85.60000000000001,118.8,25.7,9.0
129,67,51,25,2,3,1,0,0,1,3,0,235.20000000000002,124.10000000000001,90.3,45.0
89,85,42,70,1,0,2,2,1,2,0,1,160.70000000000002,151.0,78.60000000000001,128.0
51,101,28,14,1,0,2,1,2,3,3,2,91.3,178.8,50.4,24.7
64,1,35,194,2,1,3,2,1,3,3,0,117.2,0.2999999999999998,64.5,352.2
30,32,25,13,1,3,2,1,3,0,3,3,52.5,62.1,45.0,21.900000000000002
59,92,114,18,0,1,0,0,3,2,0,3,103.2,165.1,205.20000000000002,29.4
58,13,5,66,0,3,3,2,0,1,3,1,104.4,26.900000000000002,10.5,120.8
62,45,9,57,1,2,2,1,0,1,2,2,113.10000000000001,83.0,17.2,102.10000000000001
24,61,38,15,2,2,1,3,0,2,1,3,46.2,110.8,68.9,28.5
67,68,50,64,2,2,2,3,3,3,3,0,120.60000000000001,122.4,90.0,119.7
51,33,67,40,1,3,1,0,2,1,0,2,91.3,62.9,122.10000000000001,70.0
109,113,38,118,1,3,3,2,0,1,1,2,197.70000000000002,206.9,71.9,213.4
1,28,67,24,1,3,1,3,0,2,3,2,3.3,52.9,119.10000000000001,45.7
140,92,38,177,1,0,2,2,2,0,0,0,251.5,165.6,71.4,321.6
12,67,84,33,0,0,0,1,1,1,3,2,20.6,119.60000000000001,148.20000000000002,58.9
51,16,29,172,2,2,2,1,1,0,0,0,93.8,31.8,55.2,311.1
161,17,64,3,3,0,0,2,1,3,1,1,293.3,27.6,114.2,7.4
14,40,1,62,1,1,3,2,1,2,3,3,25.7,71.5,3.3,111.60000000000001
51,66,64,36,0,2,3,3,1,3,1,0,90.8,118.8,118.7,69.3
36,3,48,168,3,1,0,0,1,3,0,0,68.3,3.9000000000000004,86.4,302.40000000000003
58,69,34,30,1,3,1,3,2,0,0,2,103.9,128.7,62.7,56.5
33,70,33,1,1,0,3,0,3,2,1,1,57.9,124.0,62.9,0.8
45,61,15,7,1,0,0,1,1,0,3,2,81.5,109.8,24.0,12.1
7,31,64,165,2,1,1,2,2,0,1,1,13.6,57.300000000000004,115.7,299.0
26,66,3,48,2,0,1,2,1,1,2,0,48.800000000000004,117.8,4.9,89.4
47,28,40,140,0,0,2,0,3,0,1,0,81.60000000000001,50.4,74.0,252.0
13,35,53,23,3,0,2,2,2,0,3,1,25.900000000000002,63.0,95.4,43.4
57,64,13,19,2,1,0,0,2,0,2,1,103.60000000000001,116.7,21.400000000000002,33.2
59,50,45,196,3,1,0,0,0,3,2,0,110.7,88.5,79.0,352.8
31,21,5,92,2,2,2,2,0,3,1,2,58.800000000000004,37.800000000000004,11.0,166.6
1,36,36,0,3,1,2,1,3,0,3,2,3.3,66.3,64.8,0.0
45,6,24,23,0,1,0,0,3,3,2,3,78.0,9.3,41.2,38.4
151,129,161,14,3,3,0,0,3,3,3,1,273.3,233.70000000000002,286.8,24.2
53,42,68,68,1,1,1,0,1,0,0,1,95.9,77.10000000000001,123.9,121.4
31,68,55,18,3,3,3,1,3,1,2,3,57.300000000000004,125.9,101.5,30.9
11,46,5,38,2,1,1,3,0,3,3,1,22.8,81.3,7.5,71.9
40,15,151,83,2,3,2,3,2,1,2,2,73.0,30.5,272.8,151.9
5,129,128,58,2,3,2,0,2,0,3,2,10.0,236.70000000000002,230.4,102.4
41,16,68,3,1,3,3,2,0,1,0,0,75.3,32.3,126.9,8.4
4,35,27,25,3,3,2,3,1,2,2,2,10.7,65.5,49.6,47.5
63,65,1,18,1,0,3,3,1,3,2,2,113.9,114.0,4.3,34.9
6,178,9,68,1,3,1,3,0,0,3,1,12.3,324.90000000000003,14.7,125.9
130,4,28,149,1,2,0,0,2,1,0,1,233.5,9.2,50.4,267.2
34,185,28,37,0,1,3,0,0,3,0,2,61.2,331.5,54.9,64.60000000000001
29,68,189,16,0,1,1,1,3,2,3,3,49.2,121.9,338.7,27.3
196,67,151,68,2,1,2,0,0,1,1,2,355.8,121.10000000000001,273.8,120.4
143,68,5,21,1,1,3,0,3,3,0,0,255.90000000000003,120.9,13.5,37.800000000000004
64,181,124,13,0,0,1,1,2,1,0,2,113.2,324.8,224.70000000000002,22.900000000000002
43,54,32,168,2,0,1,1,2,1,0,2,78.4,96.2,59.1,301.90000000000003
57,65,17,62,0,2,2,2,1,0,2,0,101.60000000000001,120.0,31.6,114.60000000000001
33,35,8,3,0,0,1,3,0,2,1,1,59.4,61.0,14.9,8.9
56,24,19,70,1,1,2,2,2,1,3,2,100.3,43.7,34.2,127.0
19,18,44,63,1,3,0,3,2,2,0,0,33.7,34.9,79.2,117.9
36,38,41,63,1,1,0,2,0,0,3,2,66.3,69.9,70.8,114.4
66,34,69,63,3,1,2,0,1,3,0,1,122.3,59.7,127.2,112.4
46,36,65,42,2,2,3,0,3,2,2,0,82.8,65.8,119.5,75.60000000000001
106,16,180,19,1,3,3,0,0,3,0,3,192.3,30.299999999999997,328.5,31.200000000000003
2,15,9,26,0,1,2,3,2,0,1,0,1.6,28.5,18.2,51.300000000000004
64,8,53,4,2,3,2,1,1,0,0,2,117.2,18.9,98.4,6.699999999999999
26,87,29,61,2,2,2,1,0,2,3,0,49.800000000000004,157.6,52.2,111.3
53,37,59,1,3,1,1,0,3,0,3,3,96.9,68.10000000000001,104.7,0.0
28,48,185,144,0,1,1,3,2,3,3,0,48.4,84.9,331.5,263.7
34,93,48,46,2,0,1,3,3,1,0,2,61.2,166.4,87.9,85.3
60,37,63,174,1,1,0,1,2,3,1,1,107.5,65.10000000000001,112.4,313.7
41,43,41,64,3,1,2,3,3,0,3,0,75.3,78.9,73.8,119.7
70,17,20,32,3,0,3,1,0,1,3,2,130.5,29.6,37.5,57.1
38,68,68,10,3,0,0,0,1,2,3,2,71.9,120.4,119.4,16.0
54,11,68,137,3,1,1,3,2,3,3,3,99.7,18.3,120.9,248.1
34,10,12,42,1,1,2,1,2,0,0,1,60.7,19.5,24.6,76.10000000000001
46,35,14,47,0,2,1,1,3,2,0,2,79.8,64.0,26.7,84.10000000000001
45,4,47,54,3,2,2,2,2,3,3,3,83.5,7.199999999999999,84.60000000000001,97.2
41,172,63,59,1,1,2,1,0,1,0,1,75.3,310.1,116.4,106.7
6,64,19,132,0,1,3,0,2,1,3,3,8.8,115.7,35.7,234.6
19,32,39,48,0,2,0,2,3,2,3,1,31.200000000000003,58.6,67.2,88.4
70,24,63,42,1,0,0,1,2,0,1,3,125.5,43.2,112.4,74.10000000000001
1,29,11,67,2,1,3,1,0,0,0,3,4.8,53.7,24.3,119.10000000000001
20,10,68,40,3,1,3,1,3,3,3,2,37.5,16.5,123.9,71.5
51,44,57,54,2,1,1,1,2,3,2,1,92.8,77.7,102.10000000000001,97.7
61,107,38,43,0,2,1,1,0,0,2,1,109.8,195.6,67.9,77.9
83,186,109,83,0,0,0,2,1,0,1,1,148.4,334.8,195.20000000000002,151.4
26,23,56,0,2,0,1,2,0,3,1,0,49.800000000000004,38.4,101.3,0.0
77,27,3,17,1,2,1,2,2,2,1,1,138.1,49.6,5.9,32.6
30,61,6,113,3,1,1,0,3,2,3,1,55.5,109.3,9.3,202.4
5,66,39,18,3,0,1,2,0,3,2,0,13.5,115.8,69.7,35.4
19,64,91,11,3,0,1,0,3,0,0,3,35.7,115.2,165.3,16.8
7,180,106,17,1,3,2,1,2,0,3,1,12.1,328.5,190.8,31.1
31,17,88,69,3,3,0,0,0,1,1,2,60.300000000000004,34.1,157.4,122.2
67,104,57,5,1,2,0,2,1,0,3,0,121.10000000000001,190.20000000000002,99.60000000000001,12.0
47,66,79,2,3,3,3,2,3,2,3,0,86.10000000000001,121.3,143.70000000000002,6.6
5,117,101,28,0,0,1,0,0,0,0,2,9.0,210.6,183.3,48.4
66,51,1,19,0,3,3,2,0,2,0,3,118.8,94.3,6.3,34.2
0,30,43,184,1,3,1,3,0,1,2,3,0.0,57.5,76.9,332.7
16,197,67,27,3,0,3,2,3,2,0,1,30.299999999999997,352.6,125.10000000000001,50.6
158,40,31,3,1,3,1,3,0,3,2,0,285.90000000000003,73.5,55.300000000000004,9.9
10,8,8,6,3,1,1,3,2,0,3,2,20.5,15.9,12.9,13.3
47,187,55,13,1,2,3,2,0,1,1,1,86.10000000000001,338.6,102.5,25.400000000000002
64,56,26,62,2,3,2,3,1,2,3,0,117.2,103.3,46.800000000000004,116.10000000000001
39,198,63,34,1,0,0,3,1,1,0,3,70.7,355.40000000000003,113.4,62.7
67,109,28,63,1,2,3,3,3,3,2,0,119.10000000000001,196.20000000000002,52.9,117.9
48,109,41,17,3,1,2,1,3,0,3,0,87.9,197.70000000000002,73.8,32.1
34,0,61,15,1,0,0,2,1,0,1,0,61.7,0.0,108.8,30.0
19,159,54,44,1,3,3,1,0,3,2,1,35.7,287.7,99.7,79.7
35,3,68,29,2,3,1,0,0,1,2,1,66.0,8.9,121.9,51.2
27,7,186,86,2,3,2,0,1,1,0,2,50.6,16.1,337.8,152.8
71,28,38,25,0,1,2,3,0,1,3,1,127.8,50.9,68.4,48.5
112,11,41,52,2,0,3,3,3,2,3,1,201.6,17.8,75.3,97.10000000000001
119,52,22,70,3,0,2,0,3,3,0,3,215.70000000000002,90.60000000000001,42.6,123.0
4,180,9,58,3,1,3,1,0,2,2,2,11.7,323.5,18.7,103.9
178,198,44,44,0,2,1,1,2,0,1,2,318.40000000000003,359.40000000000003,79.7,78.7
63,2,10,38,2,0,1,1,2,1,3,0,114.4,2.6,16.5,69.9
34,41,138,31,1,2,3,3,2,2,1,3,60.7,74.8,251.9,57.300000000000004
33,3,8,72,3,2,3,2,0,1,1,3,63.9,7.4,17.9,129.6
15,53,187,51,1,0,0,0,2,1,0,2,26.5,94.4,336.6,89.8
48,33,33,44,1,3,0,1,0,0,3,0,87.9,63.9,56.4,80.7
52,14,165,58,0,3,1,2,1,0,0,3,92.60000000000001,29.7,298.5,104.4
70,55,52,47,1,1,3,1,1,0,3,3,126.5,100.5,95.10000000000001,83.10000000000001
9,13,62,53,0,3,2,0,1,3,0,1,15.2,24.900000000000002,114.60000000000001,94.4
132,37,194,32,3,3,3,3,2,3,0,2,240.1,68.10000000000001,353.7,60.1
43,132,65,138,3,2,1,1,2,0,2,3,79.9,240.6,116.5,246.9
15,115,71,30,0,3,0,0,2,2,1,3,25.0,209.5,126.8,51.0
67,15,49,53,2,1,3,2,2,1,1,3,121.60000000000001,27.5,91.7,95.4
109,21,51,16,3,3,3,2,3,0,2,0,197.70000000000002,42.300000000000004,94.3,31.8
9,49,67,35,3,3,2,0,1,0,2,2,19.7,92.7,121.60000000000001,61.0
42,107,11,11,3,3,1,1,1,0,2,3,79.10000000000001,197.1,19.3,18.3
190,140,51,6,1,2,3,1,2,2,1,0,341.5,253.0,95.3,12.3
16,5,199,59,1,2,3,0,1,2,1,2,29.3,10.0,361.7,104.2
55,60,33,52,2,2,1,0,0,3,1,1,102.0,108.0,59.9,92.60000000000001
188,40,187,48,2,2,3,1,1,0,2,3,340.40000000000003,75.0,339.1,84.9
48,14,21,153,3,2,1,1,3,3,2,0,87.9,25.2,37.300000000000004,276.90000000000003
61,36,8,5,0,3,2,2,2,3,2,3,107.8,66.3,15.399999999999999,9.0
162,22,114,40,0,2,2,0,1,0,1,1,290.6,42.6,207.20000000000002,71.0
12,23,16,21,0,1,0,2,0,1,0,2,21.6,41.9,28.8,38.800000000000004
9,39,28,31,0,1,0,2,1,2,2,2,15.2,69.7,48.4,56.800000000000004
18,16,97,33,3,1,3,1,3,2,3,2,33.9,28.3,176.1,58.9
134,148,55,13,3,1,1,1,3,0,0,3,242.70000000000002,267.90000000000003,100.5,21.900000000000002
182,18,0,44,2,1,3,3,0,2,2,3,330.6,31.9,0.0,80.7
124,28,21,50,0,1,2,1,0,2,3,2,223.20000000000002,49.9,37.800000000000004,89.5
90,36,16,45,0,0,1,3,0,2,0,3,162.0,62.8,30.3,82.5
36,47,55,176,1,2,0,1,2,2,3,3,64.3,85.60000000000001,96.0,315.3
69,47,53,41,2,1,1,2,1,0,0,2,126.2,86.10000000000001,96.9,74.8
55,54,20,33,0,1,1,3,2,0,3,2,97.0,98.7,34.5,61.9
46,99,6,15,0,2,3,2,0,1,3,3,82.8,180.20000000000002,12.3,27.0
57,3,141,48,2,1,3,2,1,0,2,1,104.60000000000001,6.9,256.3,88.4
58,59,69,36,0,3,0,3,1,3,2,3,103.4,107.7,122.2,66.3
10,127,6,183,3,0,0,3,3,0,2,3,19.5,228.6,8.8,330.90000000000003
65,0,0,30,3,3,2,1,3,1,3,3,118.5,0.0,0.0,52.5
21,26,19,6,0,2,3,1,2,0,1,2,35.800000000000004,49.800000000000004,37.7,10.3
60,116,57,45,3,3,0,3,2,3,2,2,110.5,210.3,100.60000000000001,83.5
21,45,33,6,0,1,2,1,1,1,2,1,36.800000000000004,81.5,60.4,11.3
35,23,63,31,0,1,3,2,0,3,0,0,63.0,39.9,117.9,58.800000000000004
25,4,34,12,2,1,0,1,0,0,1,0,48.0,8.7,60.2,23.1
64,8,192,21,0,2,0,1,0,0,0,0,115.2,17.4,345.6,39.300000000000004
23,146,150,61,0,0,2,0,2,2,1,0,39.4,260.8,272.0,109.8
69,36,30,5,3,0,1,1,2,2,2,1,126.69999999999999,62.8,53.5,9.5
52,55,25,176,1,0,3,0,3,3,0,3,92.10000000000001,96.0,49.5,313.8
47,37,34,59,0,2,0,2,3,0,2,1,81.60000000000001,69.60000000000001,59.2,108.2
39,59,28,69,0,1,3,2,0,2,1,0,70.2,105.7,53.9,127.2
55,5,18,15,2,2,2,0,1,3,0,2,101.0,9.0,35.4,25.0
118,51,84,68,1,0,3,1,2,0,0,3,211.9,91.8,155.70000000000002,120.9
2,24,46,57,2,1,2,3,0,2,2,1,6.6,42.7,83.8,106.10000000000001
54,15,43,25,2,2,0,3,3,3,0,0,97.2,27.0,77.4,49.5
52,55,146,189,2,3,1,1,2,3,3,2,94.60000000000001,100.5,261.3,339.7
60,70,16,106,2,1,0,0,1,0,2,1,110.0,127.5,26.8,189.8
116,37,47,146,0,0,3,3,0,0,3,2,208.8,66.60000000000001,86.10000000000001,265.3
5,166,43,54,3,3,1,2,1,0,2,1,12.5,303.3,76.9,99.2
10,114,24,29,0,2,0,0,0,2,3,1,18.0,206.20000000000002,40.2,51.2
114,6,49,21,3,0,1,1,2,0,2,2,207.70000000000002,10.8,87.7,37.300000000000004
162,24,177,189,3,3,2,1,2,2,0,1,294.1,45.7,321.6,340.7
21,36,38,16,3,3,0,2,2,2,3,1,40.300000000000004,67.3,65.4,30.8
56,58,7,64,1,1,0,0,3,1,0,3,99.3,104.9,12.6,112.2
11,70,54,27,3,2,0,0,3,2,0,1,21.3,127.0,97.2,47.6
50,58,91,24,0,1,0,2,3,0,0,0,87.0,105.9,163.8,46.2
45,68,196,3,0,3,1,3,0,0,1,0,81.0,126.9,353.3,9.9
74,63,0,48,0,3,0,0,3,3,3,0,130.20000000000002,114.9,0.0,86.4
37,42,39,69,2,0,3,1,2,0,0,3,67.60000000000001,75.60000000000001,74.7,122.7
68,64,64,54,2,0,2,3,0,3,2,1,125.4,112.2,116.2,100.7
57,17,4,158,3,0,0,1,2,1,0,2,105.10000000000001,29.6,7.2,283.90000000000003
56,67,65,20,3,2,0,0,0,0,2,0,105.3,123.60000000000001,115.0,36.0
7,170,122,17,1,2,1,0,3,1,3,1,11.1,308.0,218.1,29.6
3,38,94,14,3,0,0,2,1,1,2,1,8.9,67.4,167.20000000000002,27.2
26,100,4,46,0,1,1,0,1,3,0,3,45.800000000000004,178.5,8.7,79.8
115,68,3,73,1,0,0,0,1,0,3,0,207.5,122.4,2.4000000000000004,131.4
33,48,1,28,1,1,1,3,0,3,1,2,60.9,84.9,2.3,52.9
68,50,17,38,2,3,0,2,1,1,2,2,124.4,93.5,28.6,69.4
8,18,15,40,3,2,0,3,0,1,1,2,18.9,34.4,26.0,74.5
46,18,41,41,2,0,2,2,0,0,1,2,85.8,32.4,75.8,74.8
6,40,68,40,0,2,2,1,3,3,2,2,7.800000000000001,72.0,123.4,71.5
18,44,47,43,2,1,2,1,2,3,3,2,33.4,77.7,84.60000000000001,76.9
49,188,38,160,0,2,0,0,2,2,1,3,86.2,339.40000000000003,67.4,285.0
144,40,116,70,0,1,0,1,0,3,3,0,259.2,70.5,205.8,127.5
42,43,61,33,3,1,0,3,2,1,0,3,78.10000000000001,77.9,109.8,60.9
54,6,65,48,3,1,0,3,1,2,0,3,100.7,10.3,117.0,87.9
16,34,116,8,3,3,0,0,0,0,1,3,33.3,65.7,207.8,11.4
70,67,66,59,2,3,1,0,2,0,0,0,127.0,125.10000000000001,120.3,106.2
45,187,70,38,2,0,1,1,3,2,1,1,81.0,334.6,126.5,68.9
13,41,41,25,1,0,0,1,3,3,3,0,21.900000000000002,70.8,70.8,46.5
7,54,16,70,0,2,0,1,2,1,1,3,10.6,99.2,27.8,124.5
35,46,20,40,1,0,0,3,1,3,1,3,63.5,79.8,35.0,73.5
62,49,9,8,3,0,0,1,1,1,1,3,115.10000000000001,87.2,15.2,12.9
22,117,38,162,1,0,3,3,2,3,2,3,39.1,207.6,70.9,293.1
15,182,64,162,0,1,3,0,3,3,3,0,24.0,326.1,116.7,291.6
17,34,69,136,1,1,2,1,1,3,3,1,31.1,59.7,124.2,245.3
51,8,22,35,0,3,0,3,2,0,1,1,89.8,18.9,38.6,66.5
69,111,200,1,0,2,1,3,0,3,2,1,124.2,199.8,359.5,5.3
45,42,34,11,3,3,1,0,0,3,1,3,85.5,77.10000000000001,61.7,16.8
52,30,54,64,0,1,2,1,0,0,1,1,93.60000000000001,55.5,99.2,115.7
42,36,66,66,2,1,2,0,1,3,3,0,77.60000000000001,63.3,118.8,118.8
25,58,57,100,2,3,0,3,0,2,1,3,48.0,106.9,101.60000000000001,181.5
37,6,31,164,2,2,2,3,3,2,3,2,66.60000000000001,11.8,55.800000000000004,297.7
9,48,51,68,2,3,1,1,1,3,2,3,18.2,87.9,91.3,120.9
43,106,180,141,3,3,3,1,0,1,3,0,81.9,194.3,325.5,255.3
60,42,61,65,0,3,3,3,1,0,3,1,107.0,80.10000000000001,111.3,120.5
58,15,45,105,1,3,0,1,2,1,2,1,103.9,30.5,79.0,189.5
41,65,65,55,3,0,0,0,0,3,0,2,78.3,114.0,117.0,97.0
1,69,20,53,3,2,2,0,2,3,3,1,4.3,124.2,36.0,94.4
44,38,42,10,2,2,3,2,2,3,1,0,80.2,68.4,79.10000000000001,21.0
20,13,52,64,1,2,0,2,2,1,0,2,35.5,25.400000000000002,93.60000000000001,116.2
98,25,14,1,3,0,3,0,0,1,1,2,180.9,44.0,28.7,0.0
69,8,7,68,0,2,3,1,3,3,3,3,121.2,14.399999999999999,14.100000000000001,120.9
42,68,51,99,2,1,3,1,1,3,2,0,77.60000000000001,120.9,94.3,179.70000000000002
69,47,34,171,3,0,2,2,2,1,3,3,126.69999999999999,83.60000000000001,61.2,307.8
17,60,108,76,0,0,2,1,0,2,0,0,30.6,106.0,197.4,138.3
38,196,72,48,2,0,2,3,2,0,0,2,69.4,352.8,132.6,88.9
198,53,27,58,0,2,2,3,0,3,0,1,356.40000000000003,95.4,51.6,107.9
155,17,191,62,0,3,3,1,0,1,2,0,279.0,34.1,346.3,113.10000000000001
197,104,53,0,2,0,1,1,3,1,2,3,354.6,186.20000000000002,94.9,0.0
196,144,50,155,3,2,2,2,3,1,1,3,354.3,261.2,92.0,279.0
181,49,21,38,1,0,0,2,3,1,2,3,324.3,87.2,35.800000000000004,68.4
58,174,3,0,1,3,2,2,0,0,1,3,105.9,317.7,7.4,0.0
37,173,49,120,0,2,3,1,0,1,0,0,66.60000000000001,313.40000000000003,92.7,217.5
189,59,68,32,0,1,3,3,3,2,1,3,337.2,105.7,125.9,59.1
27,1,43,66,0,2,3,1,0,0,0,0,48.6,4.8,81.9,120.3
35,11,53,4,3,2,1,3,2,2,2,3,65.5,20.8,94.9,8.7
59,0,62,71,3,1,1,2,0,1,0,3,110.7,0.0,113.10000000000001,127.80000000000001
197,20,34,15,1,1,2,0,2,1,2,0,354.1,36.5,62.2,27.0
18,46,31,5,1,1,3,1,1,3,3,2,32.9,81.3,57.300000000000004,8.5
162,149,45,46,0,0,1,2,1,0,2,1,290.6,268.2,80.5,84.8
5,10,53,152,0,3,1,3,1,1,2,3,8.0,21.5,94.9,275.1
9,20,49,66,3,1,2,0,0,2,3,2,20.7,35.5,88.2,116.8
32,32,33,66,1,1,3,3,3,2,1,0,56.1,57.1,62.9,123.3
83,69,133,21,1,2,0,2,0,3,3,3,150.9,124.2,236.4,37.800000000000004
42,43,41,68,3,0,2,1,1,3,1,0,79.10000000000001,74.4,75.8,123.9
14,36,168,40,0,2,1,2,3,1,3,2,22.2,66.8,300.90000000000003,73.0
42,79,62,22,1,0,3,1,2,0,2,3,75.10000000000001,142.20000000000002,114.10000000000001,38.1
10,107,133,65,2,0,1,1,0,2,2,0,21.0,190.6,238.9,118.5
77,61,5,125,0,2,1,1,1,2,3,2,137.6,110.8,7.5,224.5
17,63,40,85,1,3,0,0,3,1,3,1,29.1,116.9,69.0,152.0
8,26,161,107,2,2,3,2,2,3,2,0,15.399999999999999,46.800000000000004,292.3,195.6
9,9,62,115,3,3,2,1,2,0,0,1,18.7,20.7,114.60000000000001,207.5
42,21,9,17,2,3,0,1,2,2,2,1,76.60000000000001,40.300000000000004,14.2,31.1
66,134,17,195,0,1,0,2,2,1,1,1,116.8,241.70000000000002,29.6,353.0
23,164,31,11,2,3,3,2,3,0,2,1,41.4,299.7,58.300000000000004,21.8
35,184,84,40,0,0,1,0,3,2,1,2,60.0,329.2,151.70000000000002,70.0
166,96,52,17,3,3,3,2,0,0,2,2,303.3,177.3,96.10000000000001,31.6
61,8,43,10,0,0,1,3,1,1,3,1,108.8,13.4,75.9,21.5
2,49,51,32,1,3,3,3,0,3,2,1,5.1,89.7,94.3,61.1
33,169,62,22,2,0,1,1,1,3,2,0,61.4,301.2,111.10000000000001,41.1
10,197,4,32,0,0,1,1,0,0,3,1,18.0,354.6,5.699999999999999,58.1
136,57,22,57,1,2,3,2,2,3,0,3,244.3,102.60000000000001,44.1,102.60000000000001
63,57,50,52,3,1,3,0,2,2,2,0,115.9,102.10000000000001,92.5,93.60000000000001
0,54,133,22,2,0,3,0,1,1,0,3,0.0,96.2,243.9,36.6
4,70,198,31,1,1,3,0,1,2,3,0,7.699999999999999,125.5,357.90000000000003,55.800000000000004
98,32,65,173,2,1,2,3,2,1,0,2,177.4,58.1,120.0,313.90000000000003
193,80,36,14,2,3,2,1,0,1,3,1,350.40000000000003,147.5,64.8,25.7
15,50,178,38,2,2,3,1,1,2,3,1,29.0,91.0,321.90000000000003,68.9
15,14,24,52,2,0,3,3,0,2,0,2,30.0,23.2,47.7,96.10000000000001
38,22,34,16,1,2,3,1,0,3,3,2,69.9,39.6,62.7,28.3
28,45,92,16,3,1,0,1,1,2,2,3,53.9,80.5,163.6,27.3
195,69,61,51,0,2,0,2,3,1,1,2,348.0,126.2,108.8,92.8
57,7,13,22,2,3,1,0,0,2,3,2,105.60000000000001,15.100000000000001,21.900000000000002,37.6
63,12,53,29,2,2,3,3,2,1,3,1,114.4,23.6,96.9,55.7
52,5,19,165,0,3,0,0,0,0,1,2,93.60000000000001,13.5,33.2,295.0
101,25,32,187,1,3,1,3,1,2,0,1,182.3,47.5,59.1,340.1
19,2,69,154,0,3,1,3,2,2,1,1,32.2,6.1,124.7,280.7
185,98,42,12,0,2,2,3,0,0,1,2,333.0,179.4,77.60000000000001,24.1
190,156,18,31,0,2,1,3,2,3,2,0,340.0,280.8,31.9,60.300000000000004
5,64,8,10,3,2,2,1,1,1,1,2,12.5,117.2,16.4,17.5
48,68,13,19,2,0,2,3,3,2,3,2,86.4,120.4,23.400000000000002,36.7
40,3,43,52,0,2,1,1,3,0,3,3,69.0,8.4,75.9,92.10000000000001
32,125,39,44,0,3,2,0,0,1,0,2,57.6,228.5,73.2,77.2
180,11,199,91,1,2,2,2,3,1,2,2,322.5,21.8,359.2,164.8
20,31,22,38,2,3,1,2,2,1,3,2,37.0,59.300000000000004,38.1,69.4
41,190,44,44,1,2,2,0,0,0,2,1,75.3,345.0,80.2,78.2
147,24,8,85,3,3,2,3,3,1,1,2,266.1,46.7,16.4,155.5
100,30,158,157,1,3,3,1,2,2,1,3,179.5,56.5,287.90000000000003,281.1
35,0,101,48,0,1,3,0,1,3,3,0,62.0,0.0,183.3,86.4
17,18,33,4,1,3,1,0,1,1,0,3,31.1,35.9,60.9,4.2
26,32,61,78,1,3,3,2,1,2,3,1,47.300000000000004,60.1,111.3,142.4
43,3,102,97,3,0,1,2,0,2,2,3,81.9,3.4000000000000004,183.1,174.6
60,31,105,158,2,1,2,1,3,0,0,2,108.0,57.300000000000004,192.0,283.90000000000003
58,19,41,150,1,1,1,3,1,2,3,3,104.9,33.7,72.3,271.5
137,93,28,43,1,1,0,3,3,1,2,3,245.1,167.9,48.4,78.9
22,36,33,51,1,3,0,2,2,2,3,1,39.1,67.3,56.4,93.8
23,35,58,82,3,3,0,3,1,3,3,3,44.9,64.5,101.4,149.1
12,40,23,22,2,1,0,3,0,2,2,0,24.6,71.5,39.4,44.1
13,23,58,60,1,2,3,2,0,1,3,0,24.900000000000002,43.4,105.9,111.0
31,18,34,112,3,0,3,1,0,3,3,0,60.300000000000004,29.4,62.7,203.1
46,50,63,44,1,0,1,0,3,3,0,3,81.3,87.0,114.9,76.2
5,4,44,24,3,3,3,3,3,1,1,3,10.5,10.7,82.7,44.7
59,42,65,7,2,2,3,2,0,0,0,0,109.2,78.60000000000001,121.5,15.6
68,30,50,3,2,2,1,1,2,2,3,3,123.4,55.0,88.5,3.9000000000000004
29,42,6,6,3,2,1,2,2,2,2,2,54.7,76.60000000000001,10.3,11.8
14,151,18,64,3,2,0,1,1,0,2,1,28.7,274.8,30.4,115.7
154,13,52,34,1,2,1,1,0,2,1,2,278.7,24.400000000000002,94.10000000000001,60.7
175,2,144,50,2,1,3,1,0,2,3,1,318.0,3.0999999999999996,260.7,90.5
63,12,54,46,3,3,1,1,0,2,3,3,117.9,24.1,95.7,81.3
63,143,43,40,2,2,3,3,1,3,0,3,115.4,257.40000000000003,81.9,73.5
11,61,46,84,0,0,2,2,2,1,3,1,17.8,108.8,82.8,153.20000000000002
69,34,50,17,3,0,1,3,3,1,1,1,125.69999999999999,60.2,90.5,34.1
55,12,93,139,0,0,0,1,1,0,2,1,98.0,21.6,165.4,250.70000000000002
52,197,58,94,3,3,0,3,1,1,1,0,97.10000000000001,358.1,103.4,173.70000000000002
17,76,44,43,0,0,3,1,1,0,1,3,29.6,136.8,82.7,75.9
10,66,67,20,0,1,0,1,3,3,0,2,15.0,117.3,120.60000000000001,35.5
8,0,160,44,1,2,0,2,2,1,1,3,13.9,0.0,287.0,79.2
43,28,69,149,0,1,1,2,3,1,3,3,74.4,50.9,122.7,268.2
39,42,12,42,1,2,2,2,2,3,2,3,69.7,75.60000000000001,22.6,75.60000000000001
84,65,54,37,3,1,2,1,3,2,0,0,152.70000000000002,116.5,100.2,68.10000000000001
25,1,136,132,2,0,3,2,2,0,2,1,46.0,1.8,247.3,239.6
142,15,49,40,0,2,1,1,2,1,3,0,253.6,29.0,86.7,73.5
127,45,84,65,2,0,0,1,0,1,3,0,231.6,80.0,148.20000000000002,118.5
45,68,51,53,0,3,3,1,2,3,2,2,79.0,123.9,94.3,94.9
129,53,23,18,0,1,0,0,2,0,3,0,230.20000000000002,96.9,38.4,32.4
32,21,69,70,0,3,3,2,3,0,2,0,54.6,42.300000000000004,126.69999999999999,129.0
12,58,32,0,2,2,1,2,3,0,3,1,21.6,107.4,56.1,0.0
35,75,45,42,3,1,3,0,3,2,3,0,64.5,134.5,82.5,75.60000000000001
25,53,66,37,3,3,0,2,0,2,1,1,49.5,97.9,117.8,68.60000000000001
16,13,38,33,0,0,1,0,2,2,2,0,26.8,21.400000000000002,67.9,59.4
157,27,28,17,1,0,0,0,2,0,2,2,282.1,48.6,48.4,28.6
34,44,56,22,2,1,1,0,2,1,2,1,62.2,79.7,100.3,38.6
52,24,20,10,2,1,3,1,0,2,1,0,96.60000000000001,42.7,39.5,19.5
56,26,56,11,0,2,1,0,3,3,0,0,97.8,46.800000000000004,102.3,19.8
36,67,42,80,2,3,2,0,1,2,3,1,66.8,123.10000000000001,75.60000000000001,143.0
11,59,20,53,0,3,3,1,0,3,0,2,19.8,107.7,40.5,94.9
21,16,51,54,2,2,0,2,0,1,0,0,40.800000000000004,30.8,91.8,100.2
24,38,19,160,1,2,1,0,3,3,1,3,41.7,68.4,34.7,285.0
56,11,51,58,2,1,1,2,1,2,2,1,102.8,19.3,91.3,106.4
39,56,136,11,1,3,2,0,2,3,2,0,69.7,102.3,245.8,19.8
57,144,66,42,0,1,1,2,0,3,1,3,102.60000000000001,257.7,119.3,75.60000000000001
10,184,12,64,0,0,3,2,2,0,1,0,16.0,331.2,25.1,118.2
57,10,61,22,1,0,0,1,0,2,2,2,104.10000000000001,16.0,107.8,39.1
38,34,30,64,2,3,3,3,2,1,0,1,69.4,64.7,58.5,118.7
1,17,33,21,2,2,1,0,0,1,1,3,4.8,32.6,59.9,34.800000000000004
25,8,24,46,0,0,2,0,2,3,2,1,43.0,11.4,44.2,81.8
54,5,6,9,0,0,1,2,2,1,0,0,95.2,8.0,12.3,19.2
21,2,28,8,2,2,1,1,2,3,1,2,38.800000000000004,3.5999999999999996,50.9,13.9
39,27,61,44,3,0,2,3,1,3,2,2,73.7,45.6,110.8,81.7
45,117,67,49,2,0,3,3,2,1,1,1,82.0,209.6,124.10000000000001,91.7
2,18,11,125,1,2,3,3,0,3,1,3,5.1,32.4,23.3,226.5
4,15,44,16,0,0,0,3,3,2,0,1,4.2,25.0,79.2,32.3
44,113,94,146,3,3,2,1,2,1,3,3,81.7,206.9,169.20000000000002,261.3
52,69,141,67,2,2,2,3,1,2,2,3,95.60000000000001,125.2,254.8,122.10000000000001
145,52,10,43,2,0,3,0,2,0,2,3,262.0,93.60000000000001,20.5,74.4
40,48,43,45,3,0,2,0,3,3,1,3,73.5,83.4,79.4,78.0
30,36,42,27,3,0,0,2,0,2,2,2,58.5,62.8,73.60000000000001,49.6
53,121,41,26,2,2,1,3,0,0,3,3,98.4,220.8,72.3,48.300000000000004
31,67,7,26,2,0,0,2,2,0,0,1,56.800000000000004,120.60000000000001,12.6,48.800000000000004
13,193,6,70,0,0,2,3,2,3,1,3,21.400000000000002,344.40000000000003,12.8,127.5
25,53,25,58,3,0,0,0,0,2,0,0,49.5,93.4,45.0,104.4
19,120,61,40,3,1,0,0,2,3,3,1,36.7,214.5,106.8,71.0
12,199,178,104,3,1,1,0,2,3,0,2,24.1,356.7,321.90000000000003,185.20000000000002
36,39,56,24,0,2,3,0,1,2,0,0,63.8,71.2,105.3,43.2
21,3,99,42,1,1,2,0,2,3,1,2,37.300000000000004,3.9000000000000004,180.20000000000002,73.60000000000001
29,52,65,22,0,1,3,1,2,2,2,1,50.2,93.10000000000001,119.5,40.1
193,7,44,5,3,2,0,1,2,3,2,3,349.90000000000003,12.6,77.2,7.5
59,28,12,5,0,3,1,2,2,1,0,2,104.2,53.9,23.1,10.0
35,40,51,38,3,2,2,1,1,1,0,1,66.5,74.0,94.8,68.9
67,36,8,55,2,1,2,2,0,0,1,1,123.60000000000001,66.3,16.4,101.0
130,22,42,49,1,3,2,2,0,1,3,2,235.5,43.1,75.60000000000001,89.2
34,95,38,26,1,1,3,1,2,1,2,0,60.7,171.5,70.9,48.300000000000004
6,143,12,63,0,2,3,2,2,3,2,2,8.8,257.40000000000003,24.1,114.4
64,140,68,54,2,3,2,3,1,3,2,0,117.2,253.5,123.4,101.7
193,36,37,44,3,1,0,2,2,1,0,2,349.90000000000003,65.3,66.60000000000001,80.2
22,62,17,11,1,3,2,1,1,1,1,0,40.1,115.10000000000001,32.6,21.3
190,0,113,64,0,0,0,0,0,3,2,1,342.0,0.0,201.4,114.2
81,45,196,61,0,3,2,3,3,2,1,3,142.8,83.5,354.8,111.3
42,2,26,22,1,2,1,0,3,1,3,0,74.10000000000001,5.6,45.300000000000004,39.6
176,48,49,7,1,2,1,2,1,0,0,2,317.3,89.4,89.7,13.6
36,29,113,12,2,2,3,0,0,1,0,2,67.8,54.2,207.9,19.6
44,174,18,30,3,1,3,1,1,1,1,2,82.7,313.7,35.9,53.5
2,63,2,200,2,3,0,0,0,1,2,2,6.6,116.9,1.6,358.0
65,57,64,25,3,3,1,2,1,3,1,0,120.5,104.10000000000001,115.7,48.0
28,185,4,20,3,2,3,1,0,3,2,2,54.9,333.0,9.7,35.5
34,19,9,140,2,1,3,2,3,2,0,3,61.2,33.7,20.7,252.0
31,158,36,3,0,2,3,0,3,3,3,3,52.800000000000004,284.40000000000003,66.3,2.4000000000000004
156,139,63,56,0,3,0,2,1,2,3,3,279.8,252.70000000000002,110.4,100.8
47,65,52,180,3,2,0,3,3,0,1,0,86.10000000000001,120.0,92.60000000000001,328.5
97,59,44,148,0,0,3,0,3,2,2,0,171.6,104.2,81.7,266.40000000000003
37,34,27,25,2,3,2,1,2,1,3,0,67.60000000000001,64.7,48.6,46.5
84,64,34,13,1,1,1,1,1,0,0,2,151.70000000000002,116.7,62.7,22.900000000000002
58,35,59,35,2,1,2,2,3,3,1,0,104.4,61.5,108.2,66.0
3,3,40,11,3,0,0,0,2,0,3,1,7.9,5.4,69.0,18.8
25,27,47,20,1,0,0,2,0,0,3,0,46.5,48.6,81.60000000000001,39.0
56,23,48,32,0,3,2,1,2,2,3,3,98.8,43.9,86.4,56.1
100,46,18,19,0,3,2,3,1,2,0,3,179.0,85.3,35.4,35.7
0,22,37,46,1,0,0,0,1,0,2,2,0.0,39.6,64.60000000000001,80.8
28,64,0,91,2,0,3,0,3,1,0,0,50.4,114.2,0.0,163.8
48,37,2,172,1,0,0,0,3,2,1,0,84.9,64.60000000000001,2.6,309.6
53,180,77,45,2,1,1,1,1,2,0,3,97.4,323.5,140.1,79.5
54,52,167,89,2,1,1,1,2,0,2,3,98.2,95.10000000000001,300.1,158.70000000000002
68,50,43,27,1,0,1,0,3,2,1,0,120.9,88.0,77.9,48.6
19,171,58,86,1,3,3,3,2,0,2,3,33.7,312.3,106.9,156.3
121,7,61,6,1,2,2,2,2,0,2,3,217.3,15.6,110.8,10.8
24,57,46,56,2,1,0,0,0,3,0,0,46.2,101.10000000000001,82.8,100.8
14,6,56,26,2,0,0,1,3,2,0,1,25.2,8.8,100.8,47.300000000000004
59,193,44,24,2,1,2,3,1,1,0,1,108.2,347.90000000000003,82.2,46.7
49,36,62,46,1,2,1,3,0,1,2,0,89.7,66.8,111.10000000000001,87.3
17,49,41,85,0,2,0,2,3,1,0,0,27.6,90.2,73.8,156.0
31,130,59,41,1,0,3,1,0,1,1,2,57.300000000000004,233.0,109.7,73.3
48,154,53,35,3,1,3,0,0,3,0,2,90.9,275.7,99.9,61.0
44,67,12,57,1,1,1,2,0,3,2,0,80.7,119.10000000000001,21.1,105.60000000000001
69,63,15,2,3,3,3,3,2,3,1,2,126.69999999999999,114.9,30.5,6.1
8,57,33,2,0,1,3,3,0,3,0,3,14.4,101.10000000000001,63.9,5.1
39,26,173,52,1,3,1,0,3,0,2,0,68.7,51.300000000000004,310.90000000000003,93.60000000000001
2,20,19,50,2,3,3,2,3,0,0,1,3.5999999999999996,40.5,38.7,92.0
69,17,67,70,0,3,3,3,2,2,0,1,122.2,33.1,125.10000000000001,129.5
57,7,141,9,3,2,1,2,2,3,3,1,105.10000000000001,12.6,252.3,18.2
36,18,65,42,0,2,1,3,0,2,3,0,64.8,33.4,115.5,80.10000000000001
173,53,60,76,3,3,2,1,3,1,2,0,312.90000000000003,98.9,109.0,138.3
139,0,52,26,3,0,1,3,3,3,2,3,251.70000000000002,0.0,93.10000000000001,48.300000000000004
163,33,161,27,2,2,2,0,0,3,0,2,296.40000000000003,59.4,292.8,46.6
32,61,27,5,3,2,2,3,2,2,3,3,60.1,110.8,48.6,10.5
38,50,84,26,1,0,0,2,1,2,1,2,68.9,88.0,150.20000000000002,47.800000000000004
1,13,25,133,3,2,1,0,3,3,0,3,3.3,23.400000000000002,46.5,236.4
43,38,74,42,1,2,1,2,1,1,2,3,77.9,70.4,132.70000000000002,75.60000000000001
34,65,17,60,0,0,1,0,0,1,0,2,61.2,116.0,32.1,106.0
62,72,53,8,3,1,2,3,3,3,0,1,113.10000000000001,128.1,98.4,17.9
15,35,69,171,1,3,3,2,1,2,1,3,27.5,65.5,127.69999999999999,307.8
18,11,19,63,1,1,0,1,3,2,3,2,30.9,19.3,31.200000000000003,112.9
13,96,53,114,1,2,3,3,1,3,2,0,23.900000000000002,172.8,97.9,209.70000000000002
101,33,18,108,2,2,2,1,2,2,1,0,182.8,60.4,34.4,195.9
49,62,44,62,2,2,3,0,2,0,1,3,89.2,114.60000000000001,82.7,108.60000000000001
43,6,124,57,1,0,1,2,3,0,1,1,75.9,10.8,223.70000000000002,104.60000000000001
62,45,40,23,3,0,3,2,2,2,0,1,114.10000000000001,79.0,76.5,43.4
13,132,51,69,3,2,3,1,1,2,2,2,26.900000000000002,238.6,94.3,123.7
45,110,131,44,2,0,1,3,0,0,3,0,84.0,198.0,234.3,83.7
2,45,43,10,2,3,2,1,3,3,2,2,3.5999999999999996,82.5,78.4,17.5
0,69,54,44,2,0,0,1,2,3,3,3,0.0,121.2,94.2,77.7
53,6,186,126,3,2,1,1,2,1,1,2,97.9,12.8,335.3,226.3
198,29,63,12,0,0,0,1,2,1,1,3,354.40000000000003,51.2,112.4,20.1
60,35,24,47,0,2,0,0,3,3,0,1,105.0,63.0,43.2,83.60000000000001
70,5,19,16,0,1,0,3,3,2,2,3,123.0,8.5,32.2,30.299999999999997
143,2,198,15,1,0,0,0,0,0,0,3,258.90000000000003,3.6,356.40000000000003,24.0
55,80,147,1,2,1,3,2,3,0,3,1,99.0,145.5,266.1,3.8
58,62,124,31,2,0,1,3,1,3,0,0,106.4,108.60000000000001,224.70000000000002,60.300000000000004
178,1,24,39,3,1,1,1,3,1,3,1,321.90000000000003,2.3,41.7,70.7
57,7,171,173,1,3,1,3,0,1,1,0,104.10000000000001,16.1,308.3,315.90000000000003
38,118,23,179,2,1,2,2,0,0,2,3,71.4,213.9,42.4,322.2
28,63,45,48,0,1,1,0,1,0,2,1,49.4,114.9,80.5,85.4
41,19,45,89,2,2,1,1,2,0,0,3,74.8,37.2,82.5,158.70000000000002
12,1,18,21,3,1,3,1,1,1,2,1,25.1,2.3,34.9,38.300000000000004
44,50,49,53,0,3,1,1,0,0,1,0,79.2,94.5,88.7,96.9
27,56,60,31,2,3,3,3,3,3,2,3,48.6,102.3,110.5,57.300000000000004
68,83,12,37,2,2,1,2,0,2,0,1,125.4,150.4,23.1,68.60000000000001
41,59,70,7,1,3,1,1,1,2,1,1,74.3,108.7,126.5,13.1
69,8,148,91,2,3,2,1,2,0,0,0,125.2,18.9,269.40000000000003,165.3
23,12,38,62,0,3,2,0,0,1,2,0,41.4,25.1,69.4,111.60000000000001
53,32,53,19,0,1,3,1,2,2,0,0,93.4,57.1,99.9,35.7
36,62,54,14,0,0,3,3,1,2,2,0,63.8,109.60000000000001,99.7,29.7
12,150,32,17,0,3,1,3,2,1,1,1,19.6,273.5,58.1,34.1
4,0,42,29,1,2,0,2,1,2,2,3,7.699999999999999,0.0,73.60000000000001,52.2
116,64,188,126,3,3,1,0,0,0,0,0,213.3,119.7,339.90000000000003,226.8
11,21,48,17,3,3,2,3,1,0,0,2,23.3,42.300000000000004,89.4,33.1
49,96,48,16,0,3,1,0,2,0,0,1,86.2,177.3,87.9,27.8
23,9,53,31,0,2,3,1,3,3,0,3,38.4,16.2,99.9,54.300000000000004
66,44,39,68,2,1,1,2,1,3,0,2,120.8,77.7,71.7,123.4
7,49,46,53,2,3,1,1,2,1,3,3,13.6,91.7,81.3,93.9
11,38,15,38,0,2,3,0,1,3,1,2,18.8,68.4,30.5,66.4
24,6,43,112,2,0,3,1,2,1,2,3,44.2,9.8,79.9,200.1
37,69,46,33,3,3,3,0,0,1,3,3,71.10000000000001,127.69999999999999,84.3,56.4
196,48,62,24,3,1,2,1,3,1,1,0,354.3,86.9,113.60000000000001,44.7
41,192,57,36,3,1,3,1,3,3,3,0,75.3,344.1,104.10000000000001,66.3
28,35,23,39,0,0,3,0,0,1,2,3,50.4,62.0,43.9,67.2
39,52,56,41,1,0,1,2,2,3,1,2,69.7,90.60000000000001,101.3,74.8
41,14,27,29,3,0,0,0,0,1,2,1,78.3,24.2,46.6,51.2
64,23,2,38,1,3,0,2,1,1,1,1,115.7,44.9,2.6,70.4
42,176,54,175,1,3,1,3,1,3,0,1,76.10000000000001,318.3,98.7,318.5
36,71,3,64,3,1,1,1,2,3,2,2,67.3,126.30000000000001,4.9,114.7
137,77,13,33,3,3,3,0,1,1,1,1,250.1,142.1,26.900000000000002,58.4
32,33,45,13,2,2,0,2,1,0,1,1,59.6,62.4,80.0,25.400000000000002
180,16,13,43,3,3,3,3,0,0,2,2,328.5,33.3,25.900000000000002,79.9
46,2,19,61,1,2,0,0,2,1,3,1,82.3,5.6,31.200000000000003,108.8
148,15,28,14,0,3,2,1,2,1,3,3,264.40000000000003,30.5,50.4,23.7
190,25,25,44,1,1,3,2,1,1,2,2,342.5,45.5,47.5,80.2
50,57,59,134,3,3,0,3,0,2,1,3,94.5,105.10000000000001,105.2,242.70000000000002
55,56,50,68,1,1,2,1,3,2,1,1,97.5,100.3,92.0,122.9
60,19,31,56,2,0,3,0,1,0,2,3,110.0,34.2,58.300000000000004,97.8
48,31,62,32,2,0,1,3,3,2,0,3,86.4,53.800000000000004,113.10000000000001,59.1
177,32,65,51,2,3,2,3,0,0,1,2,321.6,62.1,119.0,94.3
30,46,13,168,0,2,2,1,3,1,1,0,51.0,84.8,25.400000000000002,303.90000000000003
56,45,28,35,1,0,0,2,3,0,3,2,99.3,81.0,47.4,64.0
38,53,6,42,2,3,0,3,0,1,3,2,71.4,98.9,7.800000000000001,78.10000000000001
90,3,57,13,1,1,2,0,3,3,0,0,160.5,3.9000000000000004,105.60000000000001,23.400000000000002
49,11,136,119,0,0,1,1,1,3,1,0,87.2,16.8,245.3,215.70000000000002
21,29,111,41,2,2,3,3,0,2,0,0,40.800000000000004,53.2,204.3,78.3
52,50,38,32,1,0,2,3,2,3,3,3,93.10000000000001,87.0,68.4,59.1
66,44,19,17,0,1,2,2,3,2,2,1,115.8,78.7,35.2,32.6
9,78,59,147,0,1,1,1,0,3,2,0,16.2,138.9,105.7,266.1
120,68,62,64,0,2,1,3,1,3,2,0,215.0,122.4,111.10000000000001,119.7
44,18,126,52,3,1,0,3,1,2,0,3,82.7,31.9,226.8,95.10000000000001
1,1,65,35,3,1,0,2,1,3,2,2,5.3,0.2999999999999998,115.0,64.0
128,36,40,10,0,1,0,0,1,3,2,3,229.4,63.3,70.0,15.0
119,192,41,147,3,1,2,2,0,1,1,3,218.70000000000002,346.1,75.8,264.6
35,30,21,13,1,3,1,3,1,0,3,1,63.5,58.5,36.300000000000004,26.900000000000002
66,61,25,3,0,3,0,2,3,2,0,3,115.8,112.3,45.0,5.4
104,111,5,64,3,1,1,0,2,3,0,3,189.70000000000002,198.3,10.5,112.2
33,53,41,15,3,0,0,2,3,1,0,1,60.9,94.4,73.8,29.0
40,127,63,34,0,3,1,0,3,2,0,2,69.0,231.1,114.9,59.2
94,47,63,68,3,1,3,2,1,3,3,2,172.70000000000002,83.10000000000001,114.9,123.4
7,23,12,2,1,0,1,2,3,0,3,1,11.1,41.4,20.1,5.6
46,48,12,26,2,3,1,2,1,0,1,1,84.8,90.9,22.1,48.800000000000004
167,72,78,44,1,1,2,1,3,3,3,2,299.1,128.1,140.4,78.7
24,10,39,65,0,1,0,1,2,2,3,2,41.2,17.5,67.2,116.5
200,18,49,53,2,1,1,0,1,3,2,1,362.0,30.9,87.7,94.4
10,57,3,20,2,0,2,3,0,1,0,1,21.0,101.60000000000001,8.4,39.5
35,64,47,47,0,3,0,3,3,1,3,3,60.0,118.7,81.60000000000001,86.10000000000001
26,56,49,12,0,3,1,0,2,2,0,0,44.800000000000004,103.3,89.7,21.6
117,161,6,64,2,3,0,0,0,0,1,3,213.6,294.3,9.8,112.2
45,18,80,36,1,0,0,0,1,3,0,2,81.5,29.4,144.0,62.8
21,22,1,9,0,2,1,0,2,2,0,3,35.800000000000004,40.6,3.3,13.2
22,45,18,38,3,3,0,3,1,3,2,1,43.1,82.5,30.4,71.9
48,36,35,59,0,1,3,0,3,1,1,1,83.4,65.3,66.5,105.2
53,63,35,66,0,2,3,2,1,2,1,0,94.4,114.4,66.5,121.8
15,98,10,46,1,0,1,2,0,1,3,3,28.5,175.4,16.5,82.8
44,170,25,7,3,2,0,2,2,3,0,0,81.7,306.0,45.0,15.6
57,187,49,64,0,2,2,0,2,3,3,3,100.60000000000001,336.6,88.2,112.2
8,91,38,21,0,0,2,1,0,2,0,3,14.4,161.8,71.4,36.300000000000004
13,39,100,6,3,1,0,3,2,2,3,3,25.900000000000002,69.7,177.0,12.3
150,69,14,19,1,2,2,2,0,0,2,1,271.5,127.2,26.2,36.2
50,173,28,22,2,1,3,1,3,2,3,0,90.0,310.90000000000003,51.9,41.1
111,179,72,57,3,2,3,2,1,3,2,2,203.3,322.2,132.1,103.60000000000001
82,22,5,148,1,1,1,1,1,2,1,2,148.1,39.1,9.5,265.90000000000003
20,41,40,69,3,1,2,1,0,1,3,0,40.5,74.3,72.0,125.7
41,15,10,54,3,1,0,2,2,0,0,2,76.3,28.5,18.0,98.2
11,92,0,78,0,0,0,0,1,0,0,0,18.8,165.6,0.0,140.4
13,4,193,42,1,3,0,2,0,0,1,0,24.900000000000002,11.7,346.40000000000003,78.60000000000001
20,30,19,57,0,2,2,3,3,3,1,2,33.0,54.0,36.2,105.10000000000001
113,39,60,24,3,3,2,3,2,2,3,1,205.9,72.7,108.0,46.7
19,40,55,126,2,0,3,3,1,0,3,2,36.2,72.0,100.5,229.3
155,40,15,60,3,3,0,3,1,1,0,2,282.5,75.5,27.0,110.5
18,4,53,14,2,2,0,1,1,0,1,3,34.4,10.2,94.4,23.7
20,54,15,26,3,3,3,0,0,0,1,0,40.5,101.7,30.5,46.800000000000004
37,55,98,56,1,3,2,3,1,2,1,0,67.10000000000001,101.5,178.4,105.3
162,3,70,5,3,2,0,0,3,3,3,0,293.1,5.4,123.0,9.0
13,50,195,10,2,1,2,2,3,0,2,3,23.400000000000002,91.5,352.0,18.0
156,53,17,35,1,1,1,1,1,2,0,1,281.3,94.9,32.1,63.5
52,87,124,47,3,1,2,0,0,3,0,1,98.10000000000001,155.1,226.20000000000002,83.60000000000001
4,4,171,37,2,1,1,2,0,1,0,0,10.2,7.699999999999999,309.3,69.60000000000001
60,57,44,0,1,2,1,0,0,1,2,0,109.5,104.60000000000001,78.7,0.0
62,62,11,200,1,1,2,2,3,0,0,0,110.10000000000001,113.10000000000001,22.8,363.0
16,37,143,9,2,0,0,0,3,3,2,0,28.8,63.60000000000001,255.40000000000003,16.2
49,117,22,38,2,2,2,0,2,3,0,0,89.2,210.6,42.6,68.4
4,61,156,162,3,2,3,2,3,0,3,1,8.7,112.8,282.3,293.6
11,193,44,67,3,0,3,0,3,2,3,0,21.3,345.40000000000003,80.7,120.60000000000001
36,49,56,21,3,2,1,3,2,1,0,1,67.3,90.2,102.3,41.300000000000004
57,70,56,68,2,3,0,1,1,2,2,0,104.60000000000001,128.5,98.8,123.9
71,35,61,27,3,1,1,0,0,2,0,2,132.3,62.5,111.3,46.6
136,23,68,29,0,0,1,3,3,3,1,2,241.8,38.4,122.9,54.7
34,2,7,81,3,2,3,2,0,3,1,3,65.7,3.5999999999999996,16.1,145.8
39,60,68,62,2,3,0,2,0,1,1,0,73.2,111.5,121.4,114.60000000000001
50,5,132,17,3,0,0,2,3,0,1,0,91.5,9.0,236.6,33.6
189,4,66,6,0,1,0,1,3,1,0,3,337.2,7.699999999999999,118.8,9.3
49,25,46,121,0,3,1,2,0,0,1,0,88.2,49.5,83.3,220.8
7,19,48,67,2,2,1,0,0,0,2,2,15.6,37.2,85.9,118.60000000000001
162,1,7,1,2,1,1,0,0,2,2,3,294.6,1.2999999999999998,12.1,0.0
128,20,21,80,3,3,1,1,1,1,2,2,233.9,39.5,37.300000000000004,143.5
69,21,32,29,1,3,0,1,1,2,3,2,124.7,40.300000000000004,54.6,51.7
32,14,26,58,3,2,1,3,2,1,0,3,60.1,27.2,48.300000000000004,105.9
9,62,53,19,3,0,1,2,3,3,2,3,17.7,108.60000000000001,94.9,34.2
55,175,177,60,0,1,0,3,2,3,2,2,97.0,313.5,316.6,110.5
68,64,181,63,3,0,0,0,2,3,1,3,124.9,112.2,324.8,110.4
65,184,23,44,3,3,0,2,2,3,1,3,119.5,332.7,40.4,79.2
19,10,38,12,0,1,1,3,2,3,3,1,32.2,16.5,66.9,25.1
67,45,67,26,3,0,2,2,2,0,1,0,123.10000000000001,81.0,122.60000000000001,49.800000000000004
34,34,18,24,1,2,1,3,0,0,0,1,62.7,64.2,33.9,46.7
59,3,143,51,3,0,3,3,0,2,0,1,110.7,3.4000000000000004,261.90000000000003,95.3
50,40,50,3,0,1,3,3,0,3,1,0,90.0,70.5,93.5,9.9
15,189,34,52,2,0,3,3,1,2,2,2,29.0,338.2,63.7,96.10000000000001
46,124,190,61,3,2,3,2,1,0,2,2,86.3,226.20000000000002,344.5,110.8
22,191,16,33,3,0,0,2,1,1,1,3,43.1,342.8,27.8,59.4
35,42,63,87,3,1,3,1,1,2,2,3,66.5,75.10000000000001,115.9,155.1
21,37,60,140,1,2,3,3,1,1,3,1,38.300000000000004,68.60000000000001,109.5,255.5
67,38,33,3,1,3,0,2,3,3,1,1,119.10000000000001,69.9,58.4,7.4
60,29,57,17,3,2,3,0,2,2,0,3,110.5,53.2,107.10000000000001,27.6
59,46,66,86,2,1,3,2,0,1,0,1,109.2,83.3,123.3,156.8
114,39,26,14,3,3,1,0,2,1,1,0,207.70000000000002,73.7,47.300000000000004,25.2
64,29,65,8,3,0,2,1,2,3,2,0,117.7,49.2,118.0,15.9
26,37,38,3,3,0,1,1,2,1,3,3,49.300000000000004,65.60000000000001,66.9,3.9000000000000004
21,49,54,67,3,3,1,1,0,1,2,3,42.300000000000004,91.7,96.7,119.10000000000001
1,43,55,58,2,0,0,1,2,3,3,0,2.8,74.4,96.0,105.9
59,194,60,67,2,2,2,0,2,1,3,2,107.2,351.2,108.0,118.60000000000001
170,41,90,22,2,3,3,3,0,1,2,2,309.0,77.3,164.5,42.1
63,24,56,12,0,0,2,1,3,1,3,0,110.4,42.2,100.8,23.1
14,46,55,43,3,1,0,2,0,2,2,1,29.7,82.3,97.0,79.4
20,32,115,197,2,1,0,0,0,0,0,1,39.0,59.1,207.0,353.6
58,153,51,44,1,0,1,2,1,2,3,0,104.9,273.40000000000003,90.3,82.2
152,36,13,64,2,3,2,3,0,3,3,3,276.6,66.3,23.400000000000002,116.7
33,58,146,62,3,1,1,2,3,2,0,0,60.9,103.9,264.3,114.60000000000001
27,49,1,9,1,1,0,3,0,0,3,2,50.1,89.7,0.0,18.7
30,28,16,74,3,0,2,0,0,2,3,2,58.5,48.4,28.8,131.20000000000002
98,67,20,12,1,1,2,3,2,1,0,2,175.9,121.10000000000001,39.0,24.1
146,141,70,49,3,0,2,2,3,0,2,1,264.3,253.8,127.0,90.2
82,65,14,73,2,2,3,3,2,3,3,3,148.6,117.0,26.7,132.9
5,25,67,64,3,3,3,2,3,1,1,0,10.5,48.5,124.10000000000001,118.2
67,142,49,129,1,0,3,0,3,2,2,2,119.10000000000001,253.6,90.7,230.20000000000002
58,101,48,37,0,2,0,1,0,1,3,3,104.4,183.8,83.4,65.10000000000001
39,4,70,52,1,0,3,2,3,0,0,2,68.7,7.2,130.5,94.60000000000001
32,61,195,56,0,2,3,1,0,1,1,1,57.6,111.8,354.5,101.3
8,30,28,165,1,1,3,0,0,2,3,1,15.9,53.5,51.9,296.0
91,62,9,112,0,3,2,3,1,1,0,1,162.8,115.10000000000001,19.2,205.1
12,55,11,51,2,2,2,1,1,0,1,3,23.6,102.0,21.8,90.3
195,16,63,4,3,2,0,0,1,0,2,0,354.5,31.8,111.4,7.2
26,34,135,42,1,0,3,0,2,0,3,2,46.300000000000004,61.2,244.5,73.60000000000001
25,53,11,10,3,3,2,3,0,0,1,1,49.5,99.9,21.8,21.5
49,31,3,66,3,3,3,2,0,3,3,2,92.7,57.300000000000004,6.9,119.8
30,70,153,17,1,3,1,3,1,3,3,0,54.5,127.5,273.90000000000003,35.1
24,36,26,59,2,3,2,1,3,3,2,0,43.2,66.3,47.800000000000004,107.7
69,17,97,182,2,3,0,1,1,0,3,3,126.2,35.1,171.6,326.1
150,45,107,16,3,1,2,0,2,3,3,2,272.5,79.5,192.6,26.8
106,46,3,49,2,0,3,2,3,0,1,1,190.8,82.8,8.9,90.2
69,17,7,65,3,2,3,0,0,1,3,1,128.7,32.6,14.100000000000001,116.0
80,28,22,21,3,0,3,3,1,0,3,1,147.5,50.4,41.1,41.300000000000004
38,65,33,43,1,0,1,1,0,0,3,0,69.9,117.0,57.9,78.9
14,3,60,49,3,1,1,1,2,1,3,1,27.7,5.9,106.5,88.7
67,64,64,159,2,0,3,1,0,0,2,3,123.60000000000001,115.2,117.7,284.7
48,25,34,35,2,1,2,2,2,3,0,0,87.4,43.5,64.2,66.0
129,48,13,57,3,0,0,2,0,3,2,0,236.70000000000002,83.4,21.400000000000002,105.60000000000001
195,17,50,28,1,0,0,3,1,2,3,1,351.5,28.6,87.0,53.9
129,38,65,0,0,2,3,3,2,3,3,1,230.20000000000002,68.4,118.5,0.0
66,44,145,42,2,1,3,1,1,1,1,0,120.8,79.7,264.5,77.10000000000001
84,34,0,17,0,1,2,2,3,2,3,3,148.20000000000002,60.7,0.0,30.6
45,59,59,11,0,3,0,1,0,1,3,0,81.0,109.7,103.2,21.3
12,35,200,47,2,2,3,3,1,3,1,2,23.6,63.0,363.5,87.10000000000001
51,47,58,34,3,1,0,3,3,2,1,0,93.3,84.10000000000001,103.4,65.7
67,34,6,34,1,0,0,3,0,3,3,1,122.10000000000001,58.2,7.800000000000001,64.7
4,66,85,194,2,2,3,3,0,2,0,1,10.2,119.8,157.5,352.7
25,34,75,128,3,2,0,2,0,0,0,1,49.5,64.2,135.0,232.4
48,42,61,84,0,1,2,2,3,1,3,2,83.4,76.10000000000001,109.8,152.20000000000002
58,29,58,39,1,3,1,3,2,1,0,3,103.9,55.7,105.9,71.7
33,51,102,60,2,0,3,2,3,3,1,0,59.4,88.8,187.1,111.0
70,35,0,53,2,1,2,1,1,3,1,0,128.0,61.5,0.0,96.9
185,8,11,67,1,2,3,0,1,2,1,3,333.5,15.399999999999999,23.3,117.60000000000001
63,44,9,47,2,1,1,3,3,0,3,2,113.4,80.7,14.7,87.10000000000001
195,60,27,8,3,1,1,2,3,1,3,1,352.5,108.5,47.1,16.4
47,75,57,53,0,3,1,0,0,0,1,3,84.60000000000001,139.5,103.10000000000001,92.4
151,73,49,52,1,3,3,0,3,1,0,0,270.3,134.9,92.7,93.60000000000001
20,117,172,70,2,3,1,1,2,1,3,2,37.0,214.1,308.1,125.5
47,60,43,43,2,2,1,3,1,0,1,0,86.60000000000001,111.0,77.9,81.9
53,79,16,38,1,2,1,3,1,1,3,2,95.9,144.20000000000002,27.3,70.9
1,39,108,11,1,3,0,0,1,0,1,0,2.3,74.7,193.4,19.8
122,188,54,68,1,0,3,1,1,1,1,3,220.1,337.40000000000003,100.7,120.9
2,22,24,54,1,3,1,2,2,3,1,0,3.0999999999999996,41.1,43.7,100.2
45,6,37,48,2,0,0,0,2,3,3,3,82.0,7.800000000000001,63.60000000000001,83.4
179,127,130,163,0,1,1,1,2,0,3,3,320.2,230.1,232.5,291.90000000000003
26,9,136,5,3,1,1,1,2,2,2,0,49.300000000000004,15.7,244.3,10.5
65,14,88,53,0,1,3,3,2,2,2,3,115.0,24.7,160.9,96.9
33,37,32,48,3,1,1,0,0,0,0,2,63.9,68.10000000000001,59.1,84.4
68,153,3,89,0,2,1,1,3,3,0,0,119.4,275.40000000000003,6.9,161.70000000000002
68,67,42,69,1,0,3,0,3,0,0,2,120.9,120.60000000000001,80.10000000000001,122.2
98,42,0,66,3,2,3,3,0,0,3,1,180.9,78.60000000000001,0.0,122.3
32,60,16,20,2,0,2,0,2,2,1,2,58.6,106.0,30.8,34.0
56,49,55,3,0,0,1,2,3,3,1,0,97.8,85.2,99.5,8.4
42,3,66,54,2,2,3,2,0,3,2,2,78.60000000000001,5.4,121.3,98.2
34,43,21,39,2,2,1,0,2,2,3,3,62.2,78.4,36.300000000000004,67.2
54,48,47,48,2,2,3,3,3,0,2,3,97.2,89.4,87.10000000000001,87.9
43,11,20,156,1,2,2,3,1,2,3,1,77.9,20.8,36.0,284.3
66,41,7,189,3,2,3,3,1,3,0,1,122.3,73.8,17.1,343.7
53,53,89,63,1,1,0,1,2,0,2,1,94.9,96.9,158.20000000000002,113.9
14,119,127,174,1,2,3,1,1,3,0,2,25.7,214.20000000000002,233.1,312.7
43,189,43,79,0,3,1,2,3,3,0,3,74.4,341.7,78.9,142.20000000000002
200,18,21,176,3,0,3,3,2,2,3,2,362.5,30.4,39.300000000000004,319.3
119,27,108,59,3,2,1,0,3,2,0,3,215.70000000000002,49.6,195.9,103.2
12,13,24,53,2,2,1,2,0,2,0,0,24.6,24.400000000000002,44.7,98.4
57,154,68,18,0,2,3,2,1,3,3,0,101.60000000000001,277.2,123.9,35.4
82,58,15,32,2,1,1,3,0,3,3,2,150.6,102.9,25.5,60.1
8,4,17,60,0,0,0,0,1,0,2,0,13.4,7.2,28.6,108.0
56,29,117,155,2,0,0,3,3,3,3,1,100.8,49.2,207.6,282.5
62,101,59,3,1,0,0,1,2,3,0,0,111.10000000000001,178.8,106.2,6.9
9,34,24,29,2,0,2,3,0,3,3,3,19.2,58.2,43.2,53.7
112,122,18,50,1,1,2,2,2,3,1,0,201.1,218.1,34.4,93.0
35,19,4,53,1,3,0,1,0,3,2,2,64.5,35.7,5.2,94.9
43,40,4,46,0,0,2,0,2,2,2,3,75.4,70.0,8.2,79.8
92,40,12,60,2,1,2,0,2,2,2,1,166.6,71.5,22.6,107.0
44,187,10,29,3,2,1,1,3,1,1,2,80.7,338.6,18.5,51.7
111,195,47,85,0,1,0,1,1,3,3,2,198.8,349.5,81.60000000000001,152.5
8,12,2,51,2,0,1,3,1,1,3,1,16.4,20.6,2.0999999999999996,95.3
54,35,24,13,0,0,3,2,0,1,1,1,97.2,62.0,46.7,25.400000000000002
67,62,12,56,0,1,2,1,3,1,1,0,117.60000000000001,112.10000000000001,23.6,102.3
16,66,39,58,0,0,3,2,1,1,0,3,27.8,117.8,74.7,104.4
54,5,58,24,0,2,1,0,0,1,3,2,97.2,11.0,102.9,41.2
55,5,97,60,3,2,1,0,3,3,1,3,100.5,9.0,175.1,105.0
14,52,30,54,1,1,2,0,0,3,1,0,26.7,92.10000000000001,56.0,97.2
194,47,38,92,1,1,3,2,1,3,0,2,349.7,83.10000000000001,72.9,166.6
62,4,62,66,1,1,0,2,2,3,3,3,111.10000000000001,5.699999999999999,108.60000000000001,118.8
31,43,7,155,3,1,1,1,0,0,3,1,60.300000000000004,78.9,11.1,279.5
62,126,7,70,2,2,1,0,0,0,3,2,114.60000000000001,229.8,11.1,124.0
4,57,12,53,3,3,3,0,3,1,0,3,8.7,106.10000000000001,26.1,92.4
21,1,43,26,3,0,1,1,0,2,2,3,42.300000000000004,0.0,76.9,45.300000000000004
61,79,43,16,1,3,3,3,0,3,1,1,111.3,143.70000000000002,80.9,32.3
149,47,6,109,0,2,2,3,3,1,3,2,265.2,86.60000000000001,10.8,198.70000000000002
52,46,0,136,0,2,3,2,0,3,3,3,93.60000000000001,82.8,0.0,244.8
9,76,31,29,0,0,1,1,0,2,0,0,16.2,134.8,57.300000000000004,53.7
22,4,16,13,2,2,3,1,0,0,3,1,42.6,10.2,30.299999999999997,23.900000000000002
9,195,68,37,2,1,0,2,3,1,1,0,16.2,351.5,121.4,69.60000000000001
186,50,63,37,0,3,3,2,3,3,0,1,331.8,91.5,117.9,68.60000000000001
39,27,36,43,3,3,2,3,3,1,2,3,71.7,52.1,65.8,78.9
7,12,16,19,2,1,3,1,1,1,2,3,14.6,22.1,31.299999999999997,32.7
56,53,33,64,2,0,1,1,0,3,2,1,103.8,92.4,58.9,115.7
80,27,8,32,2,2,2,2,1,1,0,3,146.0,50.6,17.4,57.6
61,34,49,135,3,0,0,2,2,0,3,1,112.3,61.2,85.2,245.0
141,68,103,43,1,2,0,1,1,3,1,0,254.3,122.4,184.4,78.9
143,7,65,19,2,0,1,2,3,3,2,0,257.40000000000003,9.6,116.5,37.2
152,52,45,5,2,0,1,2,1,0,2,0,275.6,93.60000000000001,80.5,12.0
16,32,68,56,3,2,2,3,1,3,1,3,32.3,57.6,124.4,102.3
0,34,1,162,0,0,0,0,3,0,3,2,0.0,61.2,0.0,289.6
15,26,29,2,2,2,3,0,1,0,2,2,29.0,49.800000000000004,54.7,1.6
33,58,27,14,3,3,2,3,2,2,0,3,61.9,106.9,51.6,26.7
54,60,26,64,3,3,2,1,2,2,0,1,99.7,110.5,49.800000000000004,115.7
66,19,35,125,0,2,0,0,0,1,3,1,118.8,36.2,60.0,224.0
107,1,49,6,3,0,1,3,2,0,2,2,195.1,1.8,87.7,13.3
89,177,35,18,0,1,1,0,1,2,3,2,159.20000000000002,318.1,61.5,30.4
34,22,57,0,1,3,0,0,1,0,2,3,61.7,44.1,100.60000000000001,0.0
162,64,101,84,3,1,2,0,1,3,0,2,295.1,113.7,184.8,149.20000000000002
60,45,33,68,3,1,0,3,2,1,0,1,110.5,81.5,59.4,125.9
12,67,66,62,2,1,1,1,0,1,0,0,24.6,121.10000000000001,120.3,113.10000000000001
66,8,31,85,1,2,3,2,3,0,1,3,117.3,17.4,59.300000000000004,153.0
48,69,6,68,0,2,0,1,1,2,3,1,85.4,125.2,7.800000000000001,122.9
9,15,65,137,1,3,1,1,0,2,2,3,17.7,29.5,116.5,245.1
28,14,31,29,0,2,3,1,2,2,1,2,48.4,26.2,59.300000000000004,51.7
34,64,151,25,3,1,3,1,1,1,2,2,64.7,115.7,274.3,44.5
2,47,68,64,0,2,3,3,1,1,3,1,2.6,86.60000000000001,123.9,118.7
165,6,34,20,2,2,1,0,2,2,3,1,298.0,11.8,59.7,35.0
66,4,69,21,0,1,2,3,0,3,0,0,118.8,5.699999999999999,127.2,42.300000000000004
54,12,15,78,3,1,0,1,2,3,2,1,99.7,20.1,25.0,140.9
106,8,131,36,3,2,0,0,0,1,2,3,195.3,16.4,233.8,61.8
61,125,39,9,3,3,1,1,1,2,1,2,113.3,227.5,70.7,15.7
110,1,42,4,3,1,3,2,1,3,0,3,201.5,0.2999999999999998,80.10000000000001,7.199999999999999
7,54,70,44,1,0,2,1,2,3,1,1,12.1,94.2,128.0,79.7
49,195,11,65,1,2,1,3,2,3,1,0,87.7,351.0,20.3,121.5
57,11,71,43,1,2,2,3,2,1,3,3,102.10000000000001,21.8,127.80000000000001,78.9
59,14,51,65,3,0,1,0,2,3,1,3,108.7,22.2,92.3,114.0
54,29,80,38,0,2,0,0,0,0,1,2,97.2,55.2,143.0,66.4
7,22,64,64,2,1,0,2,2,3,0,1,13.6,38.1,115.2,117.2
45,170,169,65,1,1,0,2,0,2,2,1,82.5,305.5,302.2,119.0
52,43,92,48,0,2,3,1,1,2,2,2,92.60000000000001,78.4,168.1,85.9
48,31,58,70,2,0,2,1,1,0,0,0,88.4,55.800000000000004,107.4,127.5
0,50,36,57,0,0,2,1,2,0,0,0,0.0,90.0,67.8,104.10000000000001
50,24,28,10,1,0,2,2,3,2,0,1,88.5,41.2,53.4,20.0
12,2,6,18,1,3,2,1,2,1,0,3,21.1,7.1,13.8,30.9
76,45,33,34,3,2,3,0,2,0,0,0,139.3,84.0,63.9,61.2
9,39,64,27,1,3,1,3,3,3,1,1,14.7,71.7,115.7,52.1
21,43,20,32,2,2,2,3,2,1,0,0,38.800000000000004,79.4,39.0,62.1
128,93,64,69,1,1,2,3,2,2,0,3,229.9,166.9,118.2,125.69999999999999
26,15,60,26,2,1,1,0,2,3,0,1,47.800000000000004,25.5,109.5,45.800000000000004
68,18,83,12,2,0,1,1,1,1,1,2,124.4,31.4,149.9,21.1
40,16,12,27,2,0,0,0,3,2,1,3,72.0,26.8,20.6,45.6
60,44,29,13,2,3,2,1,2,0,3,2,109.0,83.7,52.2,22.900000000000002
41,166,32,159,2,3,2,2,0,1,2,3,76.8,302.3,58.6,286.2
30,49,20,8,2,3,3,3,0,3,3,3,57.0,89.7,37.5,15.899999999999999
37,1,37,7,0,3,3,1,1,3,3,3,65.60000000000001,3.3,68.10000000000001,11.1
43,4,106,53,1,0,1,1,1,2,1,2,77.9,5.2,191.3,94.9
11,22,26,69,3,1,0,0,2,0,2,3,22.3,41.1,44.800000000000004,121.2
62,79,8,162,3,2,2,1,1,2,3,1,115.10000000000001,143.20000000000002,14.399999999999999,292.1
17,2,103,41,3,0,3,1,0,0,3,1,35.1,3.6,186.9,74.3
36,59,12,6,1,3,1,2,2,0,3,2,64.3,110.7,20.1,11.8
175,66,50,51,3,3,3,1,0,3,1,3,319.5,120.3,93.5,90.3
37,66,129,6,2,0,3,2,3,3,3,3,66.60000000000001,115.8,233.70000000000002,10.8
61,45,48,22,1,1,2,0,0,0,3,0,111.3,82.5,86.4,39.6
20,34,23,24,0,3,3,2,3,3,3,0,33.0,62.7,42.9,46.2
48,5,180,60,1,2,0,1,3,0,0,2,84.9,12.0,324.0,107.5
46,23,48,2,0,0,1,2,0,2,2,1,82.8,39.4,85.9,5.6
84,13,51,29,1,0,0,1,2,0,1,0,150.70000000000002,23.400000000000002,90.8,53.7
59,48,50,57,2,1,1,1,2,1,2,0,107.2,86.9,89.5,104.10000000000001
71,15,33,22,3,3,3,0,3,3,2,0,129.3,28.5,61.9,39.6
31,34,45,50,0,3,3,0,1,2,2,3,54.800000000000004,63.7,83.5,87.0
101,37,58,54,1,1,1,3,1,2,3,2,182.3,66.10000000000001,102.9,99.7
33,36,54,183,1,3,0,0,2,2,3,1,58.9,67.3,94.2,328.40000000000003
50,66,98,17,0,3,1,0,3,2,0,2,87.0,121.3,177.9,28.6
187,41,11,151,0,0,0,3,0,1,2,1,336.6,72.8,17.8,275.3
33,14,28,117,1,1,3,0,2,2,1,2,58.9,24.7,53.9,208.6
62,15,67,108,2,3,0,0,0,1,1,0,114.60000000000001,30.5,119.60000000000001,194.4
22,110,3,50,3,2,1,1,1,2,3,0,43.1,199.0,3.9000000000000004,91.5
56,25,35,4,2,2,2,3,2,2,2,1,101.8,46.0,64.0,10.7
0,69,4,63,0,0,2,3,1,0,1,0,0.0,124.2,9.2,117.9
46,4,63,74,1,2,3,2,1,0,3,3,83.3,10.2,114.9,133.20000000000002
13,2,16,150,1,2,1,2,1,2,0,3,23.900000000000002,4.6,30.3,270.0
52,48,20,38,3,3,1,1,0,1,0,3,98.10000000000001,89.9,37.5,66.9
62,15,63,56,3,2,0,1,2,2,3,1,114.10000000000001,28.0,110.4,101.3
53,170,38,48,1,0,2,1,0,3,0,1,96.9,303.0,71.4,86.9
11,16,45,105,0,2,2,1,0,2,1,0,19.8,29.8,83.0,190.5
24,36,52,51,1,3,0,3,1,1,1,0,43.7,68.3,92.60000000000001,96.3
0,9,194,20,3,1,0,3,0,1,0,3,0.0,16.7,349.2,37.5
63,26,24,41,1,3,3,2,3,3,1,0,111.9,48.300000000000004,46.7,76.8
22,60,18,58,3,0,0,2,3,2,3,2,41.1,106.0,29.4,105.4
120,129,61,4,2,0,2,3,2,0,0,2,217.0,232.20000000000002,112.8,9.7
24,51,66,44,0,1,2,2,3,0,3,2,40.2,93.3,118.8,80.2
43,70,159,133,3,0,0,0,0,0,3,2,81.9,126.0,283.2,237.4
42,36,4,40,2,2,3,1,3,0,3,1,75.60000000000001,67.8,8.7,72.5
1,35,61,160,1,0,1,3,3,1,3,0,0.2999999999999998,62.0,108.3,292.5
59,42,58,69,1,2,3,2,0,0,1,3,107.7,78.60000000000001,107.9,124.2
60,0,21,64,3,2,1,1,0,2,3,3,112.5,0.0,36.300000000000004,113.7
50,50,197,54,2,2,1,3,2,3,2,1,91.0,90.0,354.1,100.7
40,65,64,180,1,3,1,2,3,0,0,1,70.5,121.5,116.7,326.0
187,32,171,61,1,2,2,3,0,0,3,1,338.1,60.6,307.8,113.3
33,13,42,43,2,1,3,3,2,2,3,1,60.4,22.900000000000002,77.10000000000001,80.9
14,10,152,45,1,2,3,1,0,2,3,2,26.7,19.0,275.1,80.5
57,130,60,60,3,2,0,1,2,3,0,2,105.10000000000001,234.0,108.0,107.5
47,21,13,49,3,3,3,1,2,0,3,2,87.10000000000001,42.300000000000004,24.900000000000002,87.7
3,25,38,58,1,1,2,0,1,3,2,0,5.9,43.5,69.4,104.4
52,43,121,55,3,1,1,3,2,2,1,0,96.10000000000001,76.9,218.3,103.5
70,59,163,55,1,1,1,2,0,1,3,0,127.5,106.7,291.90000000000003,102.0
69,23,35,7,1,2,0,0,0,1,3,1,125.7,43.4,60.0,11.6
8,59,30,22,1,3,3,3,1,1,3,1,14.9,109.7,55.5,43.1
12,18,10,30,3,3,3,1,3,0,1,2,23.1,36.9,21.5,53.5
20,68,138,49,2,2,0,3,0,0,3,2,39.0,125.4,245.4,90.7
4,35,66,59,3,2,0,0,3,2,3,3,8.7,64.0,115.8,103.2
50,99,33,91,3,0,0,2,2,0,3,0,92.5,178.20000000000002,56.4,166.8
16,189,61,4,1,3,3,3,3,2,1,1,27.3,342.7,113.3,10.7
196,46,197,14,3,3,0,1,1,0,3,2,356.3,87.3,351.6,24.7
19,68,45,20,2,0,3,2,0,0,2,1,37.2,122.4,83.5,38.0
64,37,17,2,0,2,2,3,0,0,1,3,115.2,69.60000000000001,32.6,5.1
62,131,33,12,1,2,2,2,3,3,0,3,110.10000000000001,235.8,62.4,21.6
24,183,40,6,1,1,2,2,1,1,3,2,43.7,329.90000000000003,72.0,11.8
70,170,61,150,1,2,3,0,2,3,1,1,125.5,306.0,113.3,269.0
25,130,32,34,1,0,0,0,1,2,2,0,45.5,232.0,55.6,61.2
8,158,131,58,0,1,1,1,0,0,3,1,14.4,285.90000000000003,234.3,104.9
117,69,66,69,3,1,0,0,2,1,0,0,213.1,124.7,118.8,124.2
96,173,65,33,3,3,1,2,2,0,2,1,175.3,315.90000000000003,116.5,61.4
49,77,81,57,3,2,2,3,1,1,2,3,91.7,140.6,146.8,104.10000000000001
27,13,54,28,2,2,3,2,0,1,3,2,51.6,25.400000000000002,98.7,51.4
73,58,8,60,0,2,3,1,2,0,1,3,129.4,107.4,17.9,106.5
152,41,23,70,0,2,3,1,2,1,1,2,271.6,75.8,44.9,125.5
27,92,61,69,3,2,0,0,1,2,0,1,52.1,166.6,109.8,123.2
49,11,65,152,0,3,1,3,2,3,3,2,86.2,21.3,115.5,276.1
59,57,47,25,0,3,3,1,0,2,3,3,106.2,105.10000000000001,86.10000000000001,43.5
15,63,41,2,1,3,0,2,3,1,3,0,25.5,116.9,70.8,6.6
39,34,120,43,3,1,0,2,2,0,3,0,72.7,62.7,213.0,80.4
168,6,144,11,1,2,3,0,0,2,2,3,303.90000000000003,11.8,261.7,16.8
1,42,67,39,2,1,1,1,1,0,0,2,3.8,77.10000000000001,122.10000000000001,69.7
36,192,35,37,1,2,3,3,2,0,0,1,64.3,348.6,67.5,70.10000000000001
30,1,13,11,1,2,3,3,2,2,1,3,53.5,2.8,26.900000000000002,21.3
3,17,17,29,3,2,0,0,1,0,1,3,8.9,33.6,29.6,49.2
47,24,29,8,2,2,1,3,1,0,0,0,86.60000000000001,46.2,53.7,18.9
45,185,35,63,1,2,3,2,3,0,0,2,79.5,336.0,67.5,114.4
21,69,20,197,2,2,3,3,2,0,3,2,38.800000000000004,127.2,37.5,357.1
70,62,63,199,2,3,3,3,1,3,3,3,128.0,113.10000000000001,114.9,359.7
3,196,89,14,3,1,0,1,0,2,0,0,9.9,352.3,160.20000000000002,26.7
104,22,142,22,2,2,2,1,2,3,1,3,188.20000000000002,39.6,257.6,38.1
19,110,8,24,1,1,0,3,3,0,3,1,32.7,199.5,11.4,46.7
14,45,111,55,2,3,3,0,2,1,0,2,26.2,84.5,204.3,97.0
39,28,56,127,1,2,2,3,2,3,3,0,69.7,50.4,100.8,233.1
22,14,66,20,0,0,0,0,3,2,2,0,36.6,23.2,116.8,36.0
50,0,96,143,2,1,1,3,3,2,3,1,90.0,0.0,171.3,260.90000000000003
68,15,56,53,3,0,0,1,2,1,1,2,124.9,26.0,99.8,94.9
181,45,89,15,3,0,2,3,1,2,2,0,329.3,79.0,161.20000000000002,31.5
10,10,67,50,1,3,3,1,3,2,0,3,16.5,20.5,125.10000000000001,88.5
0,13,12,22,0,2,3,0,1,2,0,3,0.0,24.400000000000002,26.1,36.6
31,51,195,48,0,1,1,0,3,0,1,1,52.800000000000004,93.3,351.5,85.4
24,19,11,64,2,0,3,1,3,2,3,0,43.2,32.2,21.3,116.7
35,47,18,22,0,3,1,2,3,1,1,3,60.0,88.10000000000001,32.9,39.6
67,139,57,59,2,1,3,2,1,0,0,2,122.60000000000001,251.70000000000002,107.10000000000001,107.2
30,82,70,55,3,3,0,0,3,2,1,1,55.5,150.1,125.0,98.0
46,57,61,75,3,0,3,2,1,0,2,3,86.3,102.60000000000001,112.3,135.0
61,26,176,63,0,3,2,3,3,3,2,0,106.8,48.300000000000004,317.8,117.9
2,55,22,187,0,1,0,3,3,2,1,0,0.6000000000000001,98.5,38.6,341.1
0,48,17,47,3,2,3,0,1,0,3,1,0.0,89.4,32.1,83.60000000000001
14,196,36,165,3,0,0,0,3,2,3,0,26.7,350.8,61.8,297.0
39,0,99,80,1,0,0,0,3,1,3,2,68.7,0.0,175.20000000000002,142.0
42,21,88,16,1,0,1,0,3,2,0,0,74.10000000000001,35.800000000000004,159.9,28.8
21,70,55,64,1,2,0,1,0,3,2,3,39.300000000000004,126.0,97.0,113.7
10,21,187,163,3,0,2,1,2,2,2,0,20.5,35.800000000000004,337.6,294.90000000000003
20,9,59,67,2,3,1,3,0,3,3,0,39.0,17.7,104.7,125.10000000000001
62,8,9,31,2,2,0,3,2,3,0,1,112.60000000000001,14.399999999999999,16.2,59.300000000000004
78,29,8,41,2,3,3,0,1,3,1,1,142.4,53.7,17.9,72.8
35,61,56,18,0,1,1,3,0,1,3,0,63.0,110.3,99.3,36.9
3,62,17,54,0,3,1,1,2,3,3,0,3.4000000000000004,113.10000000000001,29.1,98.7
2,195,60,55,0,2,3,0,2,0,1,0,1.6,354.0,111.5,99.0
64,40,62,52,3,3,3,1,1,2,1,3,118.7,74.5,115.10000000000001,92.10000000000001
24,114,116,6,1,0,1,0,1,0,1,3,43.7,205.20000000000002,209.3,7.800000000000001
26,160,41,50,2,2,3,3,0,2,0,2,49.800000000000004,289.0,78.3,92.5
63,34,171,4,2,2,1,1,0,1,2,1,116.4,63.2,307.3,7.699999999999999
28,54,70,61,1,0,3,2,3,0,0,0,48.9,97.2,130.5,112.8
179,42,49,42,2,2,3,1,2,3,3,3,323.2,75.60000000000001,89.7,74.10000000000001
27,0,49,1,1,0,0,3,1,0,0,3,49.1,0.0,88.2,3.3
47,69,84,148,2,1,1,0,1,0,2,2,86.60000000000001,125.7,150.70000000000002,264.40000000000003
54,164,11,35,0,0,0,1,3,3,3,2,94.2,292.2,16.8,62.5
40,11,14,0,2,0,0,1,3,1,3,1,72.0,18.8,22.2,0.0
32,17,31,35,3,1,0,1,3,3,0,1,59.1,29.1,55.800000000000004,63.5
54,69,9,47,3,1,2,0,0,0,1,0,101.7,125.7,18.2,84.60000000000001
38,148,55,194,1,3,0,1,1,2,0,1,68.9,268.90000000000003,99.0,349.7
8,39,15,52,2,2,0,1,3,0,2,0,14.399999999999999,73.2,25.0,95.10000000000001
143,23,137,66,1,1,1,0,3,0,1,1,255.90000000000003,42.9,247.1,117.8
23,11,15,61,1,0,1,0,1,2,0,0,41.9,17.8,28.5,109.8
52,39,32,48,1,3,2,1,2,3,1,0,93.10000000000001,71.7,59.6,87.9
22,64,54,17,3,1,1,2,1,0,1,0,43.1,116.7,97.7,33.6
20,27,176,97,2,3,2,0,0,2,1,1,39.0,51.1,318.8,173.6
4,66,122,69,3,2,2,0,0,0,0,2,11.7,121.8,222.6,122.2
11,7,11,62,3,1,2,1,3,0,3,0,21.3,14.1,19.8,113.10000000000001
94,15,66,48,1,2,3,0,2,3,1,1,168.70000000000002,27.0,122.3,85.4
70,67,159,37,0,2,1,0,3,0,2,0,123.0,123.60000000000001,285.7,66.60000000000001
54,40,51,120,1,0,0,0,1,2,3,2,97.7,70.0,88.8,214.0
46,86,151,68,2,2,0,0,1,1,3,2,84.8,156.8,268.8,120.4
5,67,29,33,0,0,0,2,2,3,0,3,7.0,117.60000000000001,52.2,59.4
21,26,5,70,2,3,0,2,1,1,1,3,39.800000000000004,50.300000000000004,8.0,126.0
52,43,20,38,0,3,3,2,3,2,1,0,90.60000000000001,79.9,39.5,71.4
129,61,63,16,0,0,3,2,1,1,1,2,231.20000000000002,108.8,116.9,29.8
53,6,129,2,1,2,1,3,1,0,3,2,95.9,13.8,230.70000000000002,6.1
14,43,9,17,3,3,0,1,1,1,3,2,28.7,80.9,13.2,30.1
25,21,11,59,3,1,1,3,3,3,2,0,46.5,36.300000000000004,19.3,110.7
65,60,23,5,2,2,2,2,2,3,3,1,118.0,108.0,41.4,11.0
53,5,103,29,1,2,0,3,2,3,1,1,94.9,9.0,184.4,55.7
34,29,5,64,3,3,0,1,0,2,2,3,65.7,54.7,7.0,113.7
35,103,48,105,3,3,0,3,2,3,0,0,65.5,186.9,86.4,193.5
18,52,64,46,2,3,2,0,3,2,2,2,32.4,96.10000000000001,116.2,80.8
22,92,39,12,3,1,1,1,1,1,0,3,43.1,166.1,71.7,20.1
148,16,40,60,0,0,0,2,2,2,0,3,264.40000000000003,26.8,72.0,108.0
139,42,37,38,2,2,2,1,3,3,1,3,250.20000000000002,75.60000000000001,68.60000000000001,66.9
38,0,127,75,0,3,3,2,3,0,2,3,65.4,0.0,231.1,135.0
133,15,63,14,2,1,3,1,0,1,3,3,242.4,27.5,114.9,23.7
63,64,134,45,0,0,3,3,3,0,1,0,110.4,115.2,244.70000000000002,85.5
46,25,56,36,0,0,0,2,0,2,3,2,82.8,43.0,97.8,65.8
72,49,34,48,0,0,3,0,0,1,1,1,129.6,87.2,64.7,85.4
1,27,195,0,1,3,3,2,2,0,1,3,1.2999999999999998,53.1,354.5,0.0
20,51,53,35,3,2,0,1,1,2,0,2,39.5,92.8,95.4,62.5
4,66,13,3,1,0,1,0,2,0,2,1,6.699999999999999,118.8,22.900000000000002,4.4
8,195,34,46,0,0,0,1,0,0,3,0,14.4,351.0,58.2,84.3
36,106,59,99,2,2,2,1,2,3,0,2,65.8,190.8,109.2,177.70000000000002
61,43,8,14,1,3,3,2,3,2,1,2,108.3,79.9,17.9,26.2
19,27,14,16,1,1,2,3,2,0,0,2,33.7,50.1,28.2,31.299999999999997
38,190,43,27,3,0,0,0,2,2,3,0,70.9,340.0,74.4,48.6
15,9,49,45,2,0,1,2,1,1,1,1,29.0,15.2,88.7,83.0
10,9,43,54,2,3,2,3,3,0,3,3,18.0,20.7,77.4,98.7
78,33,3,24,1,3,1,1,2,0,3,2,139.9,63.9,3.9000000000000004,42.7
0,9,21,47,0,3,2,1,3,0,3,0,0.0,20.7,37.800000000000004,86.10000000000001
59,28,5,10,1,1,3,0,1,1,1,1,106.7,50.9,12.5,17.0
38,35,69,25,1,1,1,2,0,0,1,2,69.9,64.5,124.7,46.0
56,137,69,5,1,1,0,1,2,0,0,1,100.3,248.1,124.2,9.5
28,167,45,65,2,2,3,2,3,3,1,0,50.4,300.6,84.5,120.0
57,127,121,97,3,0,3,3,2,1,1,1,105.10000000000001,227.6,221.3,178.1
9,166,59,120,1,3,0,0,3,2,2,2,14.7,301.3,104.2,214.0
25,27,106,6,3,1,3,0,1,0,1,2,48.5,50.1,194.3,8.8
17,125,124,43,1,0,1,0,3,1,0,2,29.1,224.0,224.70000000000002,75.4
51,138,8,43,3,3,1,1,3,3,0,0,93.3,249.9,15.9,78.9
70,20,25,149,0,1,0,1,2,3,2,2,124.0,34.5,43.0,267.7
18,69,11,3,1,1,1,3,0,1,3,0,33.9,124.7,18.3,9.9
47,7,177,48,0,0,0,2,3,3,3,3,81.60000000000001,9.6,315.6,86.4
59,18,69,17,2,1,1,3,1,1,3,3,108.2,32.9,122.7,32.1
171,29,8,5,3,1,0,2,2,1,0,3,310.3,52.7,14.4,9.0
56,31,11,7,0,1,0,2,0,1,1,1,100.8,56.300000000000004,18.8,14.6
53,35,134,31,1,0,3,2,3,2,0,3,93.9,61.0,245.70000000000002,55.800000000000004
28,60,44,18,3,3,1,3,0,0,3,3,54.9,112.5,77.7,33.9
139,44,7,81,1,3,0,2,2,0,3,2,249.70000000000002,83.7,9.6,146.8
182,185,26,52,0,0,2,2,2,1,3,2,325.6,332.0,46.800000000000004,94.60000000000001
103,4,122,13,0,3,3,2,2,2,0,2,183.4,9.7,224.1,24.400000000000002
16,26,196,11,0,3,0,1,1,0,0,3,27.8,51.300000000000004,352.8,18.3
11,18,12,67,0,3,3,2,2,3,1,0,17.8,33.9,25.1,123.60000000000001
68,13,63,169,2,2,3,3,0,2,2,0,125.4,24.400000000000002,115.9,308.7
29,99,45,101,2,3,0,3,3,3,1,2,52.2,179.70000000000002,80.0,184.3
33,22,57,56,2,0,1,2,2,1,2,3,60.4,38.6,102.10000000000001,100.8
35,29,47,50,1,1,0,1,3,3,1,3,61.5,50.7,83.60000000000001,88.5
29,20,62,18,3,3,3,1,2,1,0,3,54.7,39.5,116.10000000000001,30.9
179,106,36,59,0,2,1,0,2,3,3,0,320.2,190.8,63.3,106.2
130,4,31,25,3,2,0,2,1,3,3,3,237.5,7.199999999999999,52.800000000000004,45.0
27,3,30,41,3,3,2,3,3,2,2,1,50.1,7.9,55.0,77.3
96,11,52,37,0,3,3,2,0,0,1,3,172.8,24.3,97.10000000000001,66.60000000000001
81,60,47,35,3,0,1,3,2,0,1,0,148.3,108.0,85.10000000000001,67.5
32,127,2,0,1,2,0,3,3,2,3,1,56.1,229.6,0.6000000000000001,0.0
0,4,34,81,1,1,0,0,1,3,1,0,0.0,5.699999999999999,60.2,145.8
28,69,0,8,0,0,1,1,3,1,3,3,47.4,123.2,0.0,12.9
76,47,29,1,1,2,0,1,0,3,1,1,138.3,84.60000000000001,51.2,2.3
41,50,53,13,2,2,0,1,3,2,2,2,73.8,91.0,93.4,22.900000000000002
60,45,90,54,3,3,2,1,2,0,0,1,110.5,85.5,165.0,97.7
44,55,65,103,1,0,3,2,3,2,2,3,77.7,97.0,119.5,185.4
2,79,129,1,3,1,2,1,1,3,1,1,7.1,140.70000000000002,234.20000000000002,2.3
183,61,148,52,3,1,1,3,0,3,2,3,333.90000000000003,108.3,265.90000000000003,95.10000000000001
26,68,31,40,2,0,3,2,2,0,3,2,47.800000000000004,122.4,57.300000000000004,73.0
49,47,63,54,1,2,2,3,3,2,1,0,86.7,85.60000000000001,115.4,101.7
131,64,69,90,1,3,2,3,3,3,3,3,234.3,116.7,124.2,163.5
14,4,71,179,2,3,2,2,1,1,3,1,27.2,10.7,127.80000000000001,324.2
59,4,4,21,1,0,0,3,0,3,1,0,107.7,4.2,6.2,42.300000000000004
23,87,76,30,2,1,3,1,1,2,0,0,43.4,156.1,141.3,55.5
175,104,16,35,0,2,3,1,2,0,1,3,313.0,190.20000000000002,32.3,61.5
35,52,163,3,2,2,2,2,1,2,3,0,65.0,94.60000000000001,293.40000000000003,8.4
191,0,17,55,0,1,1,1,2,2,2,0,341.8,0.0,30.1,100.5
48,117,53,5,2,2,2,3,0,3,1,0,89.4,210.6,97.4,13.5
36,36,68,55,3,1,3,0,3,2,2,1,66.3,64.3,124.9,98.0
57,57,31,198,3,1,1,0,0,2,3,0,107.10000000000001,102.10000000000001,54.300000000000004,356.40000000000003
54,13,2,62,0,0,2,2,2,2,2,0,95.2,21.400000000000002,4.6,114.60000000000001
91,36,43,36,3,2,0,3,0,0,1,1,168.3,67.8,76.4,68.3
14,64,36,54,3,0,1,2,2,3,1,1,27.7,112.2,65.3,99.2
40,41,33,6,3,3,1,2,2,3,0,2,74.5,75.3,60.9,11.8
5,63,44,131,2,1,0,2,0,0,3,3,12.0,114.9,76.2,235.8
25,59,17,1,1,1,1,3,3,3,2,0,43.5,104.7,30.1,6.3
76,62,55,51,0,1,1,3,1,1,2,1,135.8,112.10000000000001,98.5,95.3
6,36,105,51,1,0,0,1,0,3,1,1,12.3,61.8,188.0,92.3
182,45,185,41,1,3,3,2,0,1,3,3,329.1,84.5,334.5,73.8
65,6,70,44,1,2,0,3,3,2,3,2,115.5,11.8,123.0,81.7
43,183,22,61,1,2,1,0,0,1,1,0,78.9,331.40000000000003,40.1,109.8
161,51,67,0,1,1,3,1,1,3,0,3,290.3,90.3,125.10000000000001,0.0
45,191,39,38,0,1,2,2,3,2,1,0,78.0,343.3,72.2,71.4
30,23,35,53,3,2,1,0,3,2,1,0,55.5,42.4,63.5,95.4
67,87,1,34,0,1,2,0,2,3,2,1,118.60000000000001,155.1,2.8,60.2
25,27,40,35,0,2,1,2,2,3,2,1,43.0,48.6,71.5,65.0
57,150,44,22,1,1,3,1,1,0,3,3,103.10000000000001,271.5,80.7,38.1
15,46,7,12,0,1,2,0,3,3,3,0,24.0,81.3,12.6,21.6
102,18,59,78,1,2,0,2,0,1,1,0,185.1,34.4,105.2,143.4
11,67,65,20,2,2,1,2,1,0,2,1,21.8,123.60000000000001,116.5,38.0
20,175,84,134,1,1,1,3,2,0,0,2,35.5,316.5,152.70000000000002,243.70000000000002
33,167,25,38,2,1,1,2,3,3,3,1,59.4,299.1,43.5,70.4
61,20,35,0,1,0,3,1,1,2,2,0,110.3,34.0,65.5,0.0
37,157,130,58,3,2,2,0,1,0,0,3,70.10000000000001,285.6,237.0,101.4
95,57,186,57,2,1,3,0,2,2,1,3,172.0,102.10000000000001,338.3,99.60000000000001
36,45,6,138,1,2,2,2,2,1,2,3,64.3,83.0,11.8,248.4
128,19,103,58,1,2,3,2,2,1,1,3,229.9,36.2,188.9,104.4
30,69,14,53,0,2,3,0,1,3,0,1,53.0,124.2,29.7,94.4
36,31,53,42,3,3,0,2,1,0,1,0,68.3,60.300000000000004,94.4,78.60000000000001
19,44,8,47,1,1,1,3,3,3,2,3,32.7,77.7,13.9,86.10000000000001
51,42,5,6,2,0,3,3,3,3,2,2,91.8,72.60000000000001,11.5,13.3
14,68,69,195,0,2,0,1,0,2,0,3,25.2,123.4,124.2,349.5
0,1,135,4,1,3,0,0,1,2,3,0,0.0,4.3,240.0,7.2
41,1,51,12,3,0,2,0,0,1,0,0,78.3,0.8,94.8,21.6
169,19,60,51,0,0,0,1,0,0,1,1,304.2,34.2,107.0,92.3
9,36,9,26,3,1,2,0,3,0,2,3,17.7,66.3,17.2,43.800000000000004
14,60,27,4,0,1,1,2,0,3,3,1,25.2,106.5,47.1,9.2
21,60,62,13,3,3,1,0,3,1,0,1,39.300000000000004,111.5,113.10000000000001,22.400000000000002
170,51,6,3,1,2,2,2,2,1,1,0,305.5,93.8,12.8,8.4
95,65,31,70,2,0,3,3,3,2,0,1,171.0,115.0,60.300000000000004,129.5
130,48,10,44,1,2,3,1,2,1,1,3,233.5,88.4,21.5,77.7
8,42,164,63,0,0,2,2,0,0,1,2,14.4,75.60000000000001,297.2,114.4
19,41,12,33,2,0,1,0,2,1,1,1,35.2,72.8,22.1,58.4
166,70,49,112,3,0,0,0,0,1,2,1,303.3,125.0,86.2,200.6
20,43,43,66,2,0,3,1,0,1,0,0,39.0,76.4,81.9,120.3
55,45,22,68,1,3,3,1,1,0,3,2,99.5,85.5,41.1,121.9
0,42,127,62,3,0,2,1,1,0,1,0,0.0,75.60000000000001,230.6,113.10000000000001
30,2,11,55,3,0,0,1,3,1,0,1,55.5,2.6,19.8,99.5
14,196,42,22,1,2,3,3,3,1,2,2,23.7,354.8,78.10000000000001,42.1
50,126,100,50,3,3,0,2,3,3,2,2,91.5,228.3,178.0,91.0
19,58,43,48,0,2,3,1,0,1,0,0,34.2,106.4,81.9,87.9
34,7,46,118,0,3,0,0,3,1,3,3,58.2,16.1,79.8,209.4
23,146,20,85,3,0,3,3,2,0,0,2,43.9,262.8,40.5,155.5
13,39,50,64,3,3,3,2,1,3,2,1,26.900000000000002,71.7,92.5,117.2
19,65,52,60,2,2,1,3,3,0,1,1,34.2,120.0,94.10000000000001,111.5
54,56,10,46,1,1,0,1,0,2,3,3,98.7,100.3,15.0,81.3
34,37,63,34,1,3,2,2,2,3,2,2,60.7,68.10000000000001,114.4,62.2
105,55,51,68,2,3,2,3,1,0,1,0,191.0,103.5,93.8,126.9
33,49,16,2,1,3,1,2,1,2,1,3,59.9,90.7,29.3,3.5999999999999996
52,25,14,4,2,3,1,1,2,3,0,2,94.60000000000001,46.5,26.7,6.699999999999999
33,50,138,18,0,0,1,1,2,3,1,1,57.4,87.0,248.9,32.9
77,129,115,70,0,1,0,2,3,0,3,2,135.6,233.70000000000002,204.0,127.0
18,67,37,56,3,1,0,2,2,1,0,2,34.9,121.10000000000001,66.60000000000001,101.8
5,63,28,66,3,1,3,3,2,2,2,1,11.5,112.9,52.9,122.3
54,21,37,82,1,1,2,2,0,1,3,1,98.7,38.300000000000004,66.60000000000001,149.6
53,9,68,1,2,3,0,2,0,0,3,3,98.4,20.7,119.4,1.7999999999999998
85,43,43,168,0,3,2,3,1,3,1,3,152.0,78.9,79.4,303.90000000000003
20,44,85,30,0,2,1,2,2,0,3,1,34.0,82.2,151.5,56.0
66,193,65,39,1,3,0,3,3,0,2,2,117.3,351.90000000000003,115.0,72.7
22,36,1,2,0,3,1,2,1,1,2,2,38.6,68.3,1.2999999999999998,4.6
2,13,69,21,0,0,1,0,0,2,3,1,3.6,21.400000000000002,122.7,36.800000000000004
8,55,171,47,3,3,3,1,3,1,3,3,15.899999999999999,102.5,309.3,83.10000000000001
48,35,151,22,0,3,1,1,1,3,0,3,85.4,64.5,273.3,38.1
69,93,3,32,3,2,0,1,1,3,1,2,127.69999999999999,167.4,4.4,57.1
157,33,147,44,0,1,1,0,3,3,3,1,279.6,57.9,263.1,78.2
7,18,37,64,1,2,1,2,3,1,0,0,11.1,34.4,68.10000000000001,118.2
41,39,21,68,0,3,1,2,1,0,0,1,72.8,74.7,39.300000000000004,124.4
21,0,1,68,3,2,3,2,3,1,2,2,39.300000000000004,0.0,4.3,123.4
31,9,69,3,3,3,2,2,2,2,3,2,58.300000000000004,18.7,124.2,6.4
8,88,160,28,0,0,1,0,3,0,3,2,11.4,158.4,286.5,48.4
117,0,8,91,1,2,3,3,2,0,1,0,210.1,0.0,17.9,168.3
16,2,14,100,3,3,3,3,2,0,3,2,31.299999999999997,8.1,26.7,182.5
50,38,50,6,3,2,3,3,3,1,3,1,91.5,70.4,91.5,14.3
39,43,33,43,0,0,1,0,0,3,0,0,70.2,74.4,60.9,77.4
0,22,9,106,2,2,3,1,3,2,3,0,0.0,40.6,17.7,192.3
14,16,21,1,1,3,2,0,2,3,1,1,24.7,30.299999999999997,39.800000000000004,0.8
53,22,194,2,0,0,3,0,1,2,0,3,94.4,37.6,353.7,0.6000000000000001
36,79,56,70,3,0,1,1,0,0,1,2,69.3,142.20000000000002,101.3,125.5
71,33,6,83,0,1,0,1,3,0,1,1,124.8,60.9,9.8,149.9
53,9,100,13,1,1,3,1,3,2,0,2,93.9,15.7,184.5,22.900000000000002
133,42,30,60,1,1,1,1,2,1,0,0,238.9,76.10000000000001,55.5,109.5
50,27,44,112,3,3,3,0,1,2,3,3,93.5,51.1,80.7,198.6
29,108,44,62,3,3,0,3,3,0,1,2,53.7,198.9,78.2,114.10000000000001
126,58,53,66,0,1,3,3,1,2,3,3,225.8,103.9,96.9,120.3
69,197,20,6,1,2,0,2,3,1,1,2,122.7,356.6,35.0,11.8
35,34,47,40,1,0,2,3,3,2,3,3,61.5,59.2,84.60000000000001,73.5
34,8,13,23,0,2,1,1,2,1,1,1,59.2,16.4,23.900000000000002,41.9
58,55,100,5,2,1,3,1,0,0,1,0,107.4,100.5,183.5,10.5
10,13,27,60,3,2,2,2,3,2,2,1,19.5,24.400000000000002,49.6,110.0
182,25,49,47,3,0,0,2,2,0,3,1,330.1,45.0,85.2,86.60000000000001
1,77,58,107,0,3,0,3,3,2,3,2,0.0,141.1,101.4,195.1
2,69,55,27,3,2,3,1,0,0,1,1,8.1,127.2,102.5,49.1
22,37,30,24,3,1,2,1,0,1,0,0,44.1,67.10000000000001,57.0,44.7
1,67,17,54,1,3,3,1,2,2,3,3,1.2999999999999998,123.10000000000001,32.1,95.7
3,8,132,94,0,0,0,2,3,1,1,3,2.4000000000000004,13.4,236.6,169.20000000000002
1,20,147,31,0,0,3,0,2,1,0,3,0.0,35.0,269.1,52.800000000000004
15,56,24,63,1,3,3,0,3,1,2,1,25.5,104.3,45.7,112.4
46,111,16,115,3,3,3,1,0,2,2,2,87.3,202.3,31.299999999999997,206.5
30,69,22,43,0,0,2,2,3,1,3,2,51.0,123.2,39.6,78.4
29,143,7,57,3,1,0,0,3,0,1,1,53.7,258.90000000000003,11.6,101.60000000000001
18,51,17,23,1,2,2,3,0,3,3,3,33.9,91.8,30.6,42.9
20,155,68,51,2,2,1,2,3,3,3,0,36.0,279.0,120.9,94.8
63,197,41,27,1,1,1,3,0,2,1,3,114.9,354.1,74.3,50.1
1,12,28,23,1,3,3,3,0,0,2,0,3.3,26.1,52.9,45.9
10,50,62,5,0,3,0,0,3,0,1,2,15.0,94.5,110.60000000000001,7.0
41,52,55,67,3,2,2,2,1,0,3,1,77.3,96.60000000000001,99.0,122.60000000000001
12,91,127,44,0,0,0,3,0,2,3,2,21.6,161.8,225.6,81.7
2,43,2,58,3,0,2,1,3,3,0,3,5.1,74.4,6.6,102.9
47,39,10,67,3,1,0,3,1,1,3,2,88.10000000000001,70.7,15.0,123.10000000000001
33,20,62,36,3,1,3,2,0,2,3,2,63.9,35.5,113.10000000000001,65.8
18,43,13,8,2,0,0,2,1,2,0,0,34.4,75.4,23.400000000000002,17.4
19,35,30,39,3,3,2,1,2,3,3,1,36.7,64.5,54.0,70.7
19,127,36,47,1,2,0,2,3,3,0,0,32.7,228.6,64.8,87.60000000000001
25,7,7,40,3,1,1,0,0,3,0,2,49.5,11.1,14.1,70.0
12,141,5,8,3,3,0,1,0,0,2,0,26.1,258.3,7.0,15.9
90,59,36,36,1,0,0,3,3,2,2,0,160.5,104.2,62.8,69.3
65,36,31,35,2,3,2,2,3,2,0,3,117.0,67.3,58.800000000000004,63.0
12,40,155,37,1,0,0,0,1,3,2,0,22.1,69.0,277.0,66.60000000000001
12,3,6,36,1,1,3,1,2,3,2,3,21.1,3.9000000000000004,13.3,63.3
47,41,30,61,1,3,1,1,0,0,0,1,86.10000000000001,78.3,55.5,110.3
9,31,57,32,1,0,0,1,2,3,1,3,15.7,52.800000000000004,101.60000000000001,56.1
28,164,37,53,3,1,1,1,2,3,0,2,52.9,293.7,68.10000000000001,94.9
16,33,44,64,2,1,3,3,1,2,1,3,30.8,58.9,82.7,116.7
48,152,39,7,2,1,0,2,0,1,0,3,89.4,274.1,70.2,12.6
22,78,23,66,3,1,3,3,0,2,2,1,44.1,139.9,43.9,122.3
22,36,110,54,2,1,0,3,1,3,0,0,41.6,63.3,198.0,101.7
30,43,70,54,2,0,1,3,0,0,1,1,57.0,77.4,126.5,100.7
132,27,106,49,3,1,1,1,0,2,2,1,242.1,48.1,190.3,88.7
45,36,13,46,1,0,1,3,0,0,2,3,82.5,64.8,22.900000000000002,84.3
0,113,186,15,3,0,3,2,2,0,0,2,0.0,203.4,339.3,28.0
31,8,46,69,1,3,1,3,1,0,2,1,56.300000000000004,18.9,82.3,127.69999999999999
60,52,37,32,2,2,1,1,1,2,1,2,110.0,94.60000000000001,67.10000000000001,57.1
34,60,198,20,2,0,2,2,3,1,1,3,61.2,107.0,358.40000000000003,36.0
62,60,59,196,3,1,2,2,1,1,3,2,115.10000000000001,108.5,106.2,353.8
7,70,17,69,0,3,1,2,1,0,2,2,11.6,130.5,30.1,125.2
23,3,10,2,2,3,0,1,3,2,2,3,41.4,7.9,16.0,2.0999999999999996
12,0,29,47,2,1,0,3,0,2,0,1,24.6,0.0,52.2,88.10000000000001
24,100,116,51,0,3,1,1,1,3,1,3,42.2,181.5,209.3,90.3
142,3,20,25,2,3,2,2,1,2,3,3,257.6,7.9,36.0,45.0
49,8,2,43,1,0,1,0,2,2,2,0,87.7,12.4,3.0999999999999996,77.4
36,44,35,58,0,2,0,0,0,2,3,2,64.8,80.2,60.0,102.4
6,16,2,101,2,3,0,1,2,2,2,1,11.8,31.299999999999997,1.6,182.3
163,31,40,102,1,1,2,2,3,1,0,3,291.90000000000003,56.300000000000004,75.0,183.6
34,149,8,171,1,2,3,1,1,1,2,2,61.7,270.2,16.9,307.3
60,70,15,9,2,2,2,3,1,2,2,2,110.0,127.0,28.0,18.7
81,35,195,35,0,1,1,1,1,0,2,0,144.8,64.5,350.5,64.5
25,53,38,150,3,1,0,3,1,1,2,2,48.5,95.9,66.4,272.5
126,49,66,82,0,3,3,1,3,1,3,3,223.8,91.7,120.3,146.1
49,11,37,46,2,3,1,3,2,0,3,3,89.2,24.3,65.10000000000001,84.3
6,41,46,43,1,0,2,0,3,0,2,0,9.3,73.8,83.8,77.4
30,86,22,43,0,1,2,3,0,3,1,3,54.0,153.3,41.6,78.9
118,80,51,38,2,3,2,1,3,3,3,2,212.4,145.5,91.8,67.9
52,57,33,63,2,1,3,1,3,0,0,0,93.60000000000001,104.10000000000001,63.9,114.9
116,38,60,46,3,2,2,0,2,3,2,2,211.3,68.4,109.0,80.8
10,29,36,78,2,1,3,3,3,1,1,0,18.0,52.7,68.3,144.9
6,67,0,52,0,3,1,3,1,3,2,3,9.8,122.10000000000001,0.0,95.10000000000001
25,32,25,119,2,1,0,1,2,1,1,0,46.0,58.1,44.0,215.70000000000002
44,49,154,132,3,2,2,2,1,1,1,3,82.7,90.2,279.2,237.6
20,47,45,43,3,0,3,2,2,3,3,3,38.5,81.60000000000001,82.5,77.4
3,13,36,19,0,0,3,1,3,0,3,2,2.4000000000000004,23.400000000000002,66.3,33.7
63,57,69,26,1,1,0,0,1,2,1,1,113.9,102.10000000000001,123.2,45.800000000000004
70,63,27,69,2,0,3,0,2,0,0,1,127.0,113.4,53.1,123.2
25,39,38,65,2,3,1,1,1,3,0,3,47.0,71.7,69.9,115.5
57,17,42,111,2,3,1,1,1,2,2,2,104.60000000000001,33.1,75.10000000000001,199.3
73,24,6,185,3,0,1,2,2,0,3,3,133.9,43.2,9.3,333.0
2,46,34,58,2,1,3,1,0,0,3,1,6.6,84.3,62.7,104.9
56,4,18,171,0,2,3,3,3,2,1,1,97.8,8.2,35.9,311.3
61,58,24,11,3,2,3,3,1,3,1,2,113.3,104.4,46.7,22.3
20,45,41,41,2,3,2,3,0,0,1,0,39.0,85.5,75.8,78.3
46,19,58,3,2,2,1,0,1,3,1,1,84.8,34.2,104.9,4.4
65,175,62,168,1,0,1,2,2,3,0,2,116.5,312.0,113.10000000000001,303.40000000000003
11,181,58,60,3,2,1,2,2,1,0,0,22.3,327.8,105.9,111.0
42,108,35,28,1,1,1,2,0,0,3,1,77.10000000000001,195.9,61.5,52.4
42,167,15,12,0,1,1,0,2,3,3,3,73.60000000000001,299.1,25.5,18.6
47,60,59,65,0,0,0,3,0,1,3,1,84.60000000000001,107.0,103.2,120.5
134,39,50,0,3,3,2,1,0,0,3,1,245.70000000000002,74.7,90.0,0.0
67,60,36,23,0,3,3,0,3,2,2,2,117.60000000000001,110.5,67.3,39.4
115,64,40,60,2,0,2,0,3,3,3,0,207.0,112.2,72.0,108.0
136,54,48,122,0,1,3,2,2,0,2,0,242.8,98.7,88.9,222.6
58,8,57,47,2,1,0,0,2,0,0,3,105.4,15.9,102.60000000000001,81.60000000000001
90,43,33,68,2,1,2,2,0,3,3,1,165.0,75.9,59.4,124.4
52,69,17,144,1,0,1,3,2,2,3,2,93.10000000000001,122.2,29.1,261.7
13,74,30,24,2,1,2,2,0,1,0,2,26.400000000000002,133.70000000000002,57.0,44.2
13,64,31,59,3,2,0,2,3,1,3,2,24.900000000000002,117.2,52.800000000000004,107.2
21,40,32,10,0,0,0,0,1,0,2,3,36.800000000000004,72.0,55.6,15.0
42,23,141,40,0,1,3,3,2,1,1,3,73.60000000000001,41.9,257.3,73.5
28,172,17,155,2,0,2,1,3,0,1,0,50.4,309.6,32.6,280.5
1,62,2,156,0,3,0,3,3,3,0,2,0.0,113.10000000000001,3.6,283.3
78,36,30,123,0,0,1,3,2,0,0,3,138.4,64.8,55.5,222.9
155,56,7,44,0,0,3,2,2,0,3,1,277.0,100.8,14.100000000000001,81.2
46,69,8,5,0,3,1,3,2,2,2,3,80.8,126.69999999999999,13.9,10.5
69,42,152,39,1,0,0,0,3,1,3,3,122.7,74.60000000000001,270.6,67.2
22,190,21,60,3,1,2,1,2,1,3,2,42.1,342.5,37.800000000000004,107.5
33,189,7,53,1,0,2,2,1,1,1,1,59.9,339.2,14.6,97.4
142,62,1,46,0,2,0,2,3,1,2,3,252.6,113.60000000000001,0.0,82.8
4,21,62,66,2,2,1,0,3,1,2,0,7.199999999999999,39.800000000000004,111.10000000000001,118.8
4,72,38,32,2,1,0,2,3,2,2,2,7.199999999999999,129.1,66.4,58.6
59,44,29,112,3,1,0,0,2,3,1,2,108.7,77.7,51.2,199.6
14,61,138,10,1,2,2,3,0,3,3,0,26.7,109.8,248.4,22.5
12,31,44,56,3,0,1,1,3,3,2,1,23.1,52.800000000000004,78.7,101.3
126,30,17,111,1,3,2,2,1,0,0,1,227.3,58.5,33.6,201.8
14,68,58,15,2,1,0,0,2,1,2,2,26.2,122.9,102.4,25.0
120,115,134,39,1,2,0,2,2,3,1,1,215.5,207.0,240.20000000000002,72.2
52,65,89,56,0,1,0,1,0,1,1,0,93.60000000000001,117.5,159.20000000000002,102.3
3,56,67,31,1,2,0,1,3,0,2,3,3.9000000000000004,103.8,118.60000000000001,54.300000000000004
164,53,55,45,0,1,3,2,0,3,0,2,295.2,93.9,103.5,82.0
0,31,55,21,3,3,3,1,1,3,3,3,0.0,57.300000000000004,100.5,36.300000000000004
15,101,90,0,2,2,1,0,1,1,3,1,29.0,183.8,160.5,0.0
43,57,64,14,1,2,1,2,1,1,3,1,77.9,104.60000000000001,113.7,27.2
55,42,51,49,0,3,0,2,1,3,1,1,98.0,77.10000000000001,90.8,90.2
20,61,6,57,1,0,0,2,2,3,3,0,35.5,106.8,7.800000000000001,105.60000000000001
59,52,70,128,3,2,2,0,3,0,2,3,107.7,96.60000000000001,127.0,227.4
91,30,188,162,2,1,3,2,2,3,3,3,164.8,52.5,339.90000000000003,291.6
67,13,106,10,1,2,2,3,2,1,2,3,120.10000000000001,25.400000000000002,191.8,19.5
143,17,39,62,2,1,0,0,1,1,3,0,259.40000000000003,31.1,67.2,111.60000000000001
153,57,61,30,0,2,1,2,1,1,2,2,274.40000000000003,104.60000000000001,109.3,55.0
65,53,28,57,1,3,1,3,0,3,1,1,118.5,96.9,50.9,106.10000000000001
70,59,27,75,3,2,1,1,2,2,3,1,128.5,107.2,47.1,135.5
16,29,65,47,0,0,2,2,1,0,0,3,27.8,52.2,120.0,84.60000000000001
32,51,40,29,3,3,1,2,0,2,0,3,62.1,94.3,73.5,52.2
56,39,48,86,1,0,0,3,2,3,0,0,100.3,67.2,86.4,159.3
86,121,181,104,3,1,3,1,3,1,3,1,156.3,218.3,327.3,187.70000000000002
62,13,57,56,3,3,3,3,1,0,1,2,115.10000000000001,27.900000000000002,106.10000000000001,103.3
58,55,169,66,3,0,1,2,2,3,2,2,106.9,96.0,303.7,119.8
178,26,91,86,2,3,2,1,2,2,2,2,321.40000000000003,49.300000000000004,164.8,154.3
5,21,74,50,3,2,1,0,3,1,3,0,10.5,39.800000000000004,131.70000000000002,90.0
10,151,51,27,1,0,1,2,2,3,2,2,17.5,268.8,91.3,49.6
135,24,116,9,1,3,3,3,0,2,2,3,244.5,45.7,211.3,17.7
143,107,47,65,3,2,1,3,0,1,3,0,261.90000000000003,194.6,83.10000000000001,121.5
68,43,57,30,1,2,2,2,1,2,3,2,122.9,78.4,102.60000000000001,55.0
15,44,15,141,2,2,2,2,0,3,1,0,30.0,79.2,29.0,256.8
39,5,55,70,3,3,2,0,2,3,0,0,72.7,10.5,102.0,126.0
128,18,21,56,0,0,0,2,0,2,0,2,230.4,30.4,37.800000000000004,101.8
22,64,24,30,3,2,3,0,2,2,2,2,42.1,116.2,45.7,52.0
41,42,38,25,3,2,0,0,2,2,3,3,76.3,76.60000000000001,65.4,42.0
12,117,58,39,3,1,0,2,2,3,0,3,24.1,209.1,104.4,70.2
60,198,62,53,3,3,1,0,2,1,3,3,110.5,359.90000000000003,110.10000000000001,92.4
169,130,38,57,3,1,1,1,3,2,3,2,305.7,233.5,66.9,102.10000000000001
174,24,27,55,0,1,2,3,1,2,0,2,312.2,42.7,51.6,101.5
38,27,13,142,2,1,2,0,0,3,1,2,71.4,47.1,25.400000000000002,253.6
9,52,45,27,3,2,3,3,2,0,3,0,18.7,96.60000000000001,82.5,53.1
9,30,52,57,1,0,1,0,3,0,1,2,14.7,54.0,94.10000000000001,100.60000000000001
25,2,39,40,3,1,3,0,0,3,0,0,49.5,2.0999999999999996,74.7,72.0
19,32,5,84,1,3,2,1,2,2,1,0,33.7,60.1,11.0,152.70000000000002
46,41,7,60,1,0,0,3,1,1,1,2,83.3,72.8,11.6,110.5
0,56,107,44,3,1,3,1,1,1,1,1,0.0,101.3,196.1,79.7
23,65,70,45,3,3,1,1,2,2,3,2,43.9,119.5,124.5,80.5
38,58,168,55,3,1,0,2,3,3,0,0,69.9,102.9,302.40000000000003,102.0
48,35,59,15,1,0,0,3,1,1,3,2,86.9,62.0,103.2,29.5
47,60,29,19,0,1,3,1,0,3,2,2,84.60000000000001,106.5,54.7,33.7
9,15,1,2,0,2,2,2,1,0,0,1,15.2,30.0,4.8,5.6
138,30,63,25,3,3,3,3,0,2,1,1,252.9,56.5,116.9,48.5
92,10,28,106,3,1,0,1,3,1,1,0,167.1,18.5,49.4,192.3
25,124,22,34,1,3,1,1,0,3,3,0,46.5,224.70000000000002,38.1,62.7
39,17,14,36,0,3,0,3,2,3,2,2,68.2,32.1,23.2,67.3
148,10,114,64,2,0,2,1,0,2,0,0,269.40000000000003,16.0,208.20000000000002,116.7
42,14,44,55,3,3,3,2,2,3,0,1,78.10000000000001,26.7,83.7,101.0
41,66,10,101,0,0,1,1,2,1,0,1,71.8,117.8,19.5,182.3
44,183,185,60,0,3,2,1,0,3,1,0,79.2,330.90000000000003,335.0,109.5
34,149,80,5,0,3,0,1,2,3,0,3,59.2,269.7,144.0,7.5
18,1,27,38,3,3,1,3,1,3,3,0,35.9,3.3,47.1,72.9
17,9,29,21,0,3,1,2,0,2,1,0,30.6,18.7,52.7,40.800000000000004
31,41,168,37,3,3,2,2,2,0,3,2,58.300000000000004,78.3,302.40000000000003,67.60000000000001
10,50,1,68,0,3,1,0,3,0,1,2,15.0,94.5,2.3,120.4
185,2,50,130,3,0,1,3,0,3,1,3,337.5,0.6000000000000001,90.5,235.5
8,44,56,38,2,1,2,3,1,1,1,2,16.4,79.7,102.8,70.9
41,3,19,52,0,0,3,1,3,3,2,0,70.8,2.4000000000000004,36.7,95.10000000000001
26,20,43,50,3,0,0,2,3,1,1,2,48.300000000000004,35.0,76.4,91.0
18,4,0,2,1,0,1,3,3,1,0,2,30.9,6.2,0.0,6.1
40,64,35,2,3,2,0,3,1,0,0,1,75.5,118.2,63.0,7.1
64,52,55,64,0,0,3,2,1,1,3,2,114.2,92.60000000000001,100.5,116.2
41,38,151,50,1,2,2,0,3,3,2,2,72.3,68.4,272.8,88.0
39,6,4,53,0,3,2,1,1,3,0,0,69.2,12.3,10.2,96.9
41,44,19,62,0,1,0,0,2,1,1,1,71.8,79.7,33.2,110.60000000000001
169,60,55,71,3,0,0,0,3,1,2,3,305.7,107.0,97.0,124.8
14,149,6,33,3,1,1,2,2,1,2,1,27.7,268.7,10.3,61.4
16,73,70,187,0,0,1,0,0,2,2,3,28.8,129.4,125.5,333.6
4,0,51,43,0,0,1,1,1,1,3,1,6.2,0.0,90.3,77.9
30,2,90,65,0,3,1,1,0,3,1,0,54.0,5.1,162.5,118.5
19,151,21,41,0,1,0,1,1,2,0,3,33.2,271.3,37.800000000000004,72.3
14,4,29,171,2,2,1,3,3,1,0,2,25.2,9.2,53.7,310.3
49,37,13,51,0,0,3,0,3,3,2,2,85.2,63.60000000000001,25.900000000000002,89.8
192,66,22,10,1,1,2,2,0,1,3,2,347.1,119.3,39.6,19.0
144,28,97,64,0,0,3,0,2,1,2,1,257.2,49.4,177.1,114.2
14,43,57,38,2,3,1,2,3,0,3,0,25.2,81.9,101.10000000000001,71.4
5,12,9,1,2,2,0,3,0,0,0,1,12.0,24.6,16.2,5.3
25,67,22,17,0,0,1,2,1,1,1,3,44.0,119.60000000000001,40.1,30.6
92,9,46,17,1,2,3,0,0,1,2,0,167.1,18.2,85.3,30.6
31,19,48,7,2,1,2,3,3,3,1,0,55.800000000000004,32.7,88.4,17.1
2,6,63,25,2,1,1,2,2,3,2,0,4.6,9.3,112.9,48.0
115,27,46,168,2,0,0,1,1,1,3,2,209.0,47.6,79.8,301.90000000000003
38,31,67,49,0,2,2,2,0,2,2,2,68.4,56.800000000000004,121.60000000000001,89.2
200,0,7,74,1,2,1,1,2,0,3,3,359.5,0.0,11.1,131.70000000000002
102,46,53,47,2,1,0,0,3,0,3,0,183.6,84.3,92.4,84.60000000000001
67,24,19,14,2,2,1,3,1,3,1,0,122.60000000000001,43.2,34.7,29.7
12,30,37,16,0,3,1,2,2,2,2,3,19.6,56.5,66.10000000000001,28.8
55,41,26,54,1,0,2,1,1,2,3,1,99.5,71.8,46.800000000000004,97.7
61,173,184,14,0,0,3,0,2,2,0,0,107.8,309.40000000000003,335.7,25.2
112,23,60,9,1,3,0,1,2,3,2,2,201.1,42.9,106.0,15.7
169,169,36,36,0,2,1,3,3,1,2,0,301.2,306.2,64.3,69.3
109,47,11,53,0,3,1,2,1,2,3,0,195.20000000000002,87.10000000000001,18.3,98.4
40,39,191,4,2,0,2,3,0,3,3,1,75.0,67.2,343.8,10.7
183,111,48,60,3,1,1,0,3,0,0,3,330.90000000000003,201.3,87.9,105.0
7,57,59,33,1,3,0,0,3,3,0,2,11.1,104.10000000000001,106.2,57.4
151,57,137,34,1,3,0,2,2,3,3,3,271.3,104.10000000000001,243.6,61.2
44,55,17,110,2,0,1,1,3,1,1,0,79.2,98.0,31.1,199.5
62,2,44,47,0,1,1,1,3,1,0,2,108.60000000000001,4.1,80.7,84.10000000000001
47,40,13,70,3,3,0,0,1,1,1,1,88.10000000000001,75.5,22.400000000000002,125.0
130,172,8,138,2,0,3,1,2,1,2,2,235.0,308.6,16.9,247.9
67,58,177,19,2,3,3,3,3,3,3,2,120.60000000000001,105.9,320.1,36.7
151,8,53,63,0,2,3,3,2,3,1,3,269.8,14.399999999999999,98.9,114.9
70,30,28,67,2,2,3,0,3,2,3,3,126.0,55.0,51.9,117.60000000000001
22,26,25,58,0,0,1,0,2,3,3,2,37.6,43.800000000000004,43.5,102.4
11,10,50,5,0,0,1,0,1,2,1,0,18.8,16.0,90.5,9.0
24,129,24,57,1,2,3,0,2,2,0,3,42.7,233.20000000000002,47.7,99.60000000000001
39,4,120,24,0,3,3,0,3,0,3,0,67.2,11.7,217.5,43.2
53,30,13,54,2,0,0,2,0,2,0,0,98.4,52.0,23.400000000000002,100.2
13,27,59,41,3,1,0,1,0,2,1,2,27.900000000000002,48.1,105.2,73.3
17,47,62,32,2,1,1,1,3,3,3,3,30.6,83.10000000000001,110.10000000000001,56.1
167,60,145,56,3,3,2,0,0,1,1,3,305.1,111.5,263.0,97.8
130,5,12,37,2,2,1,1,2,1,0,1,235.0,11.0,23.1,67.10000000000001
23,68,37,16,0,0,1,3,0,1,1,1,41.4,121.4,67.10000000000001,32.3
34,9,52,11,3,2,2,1,2,2,0,1,63.7,17.2,96.60000000000001,20.3
116,114,32,22,3,3,2,1,0,2,2,0,213.3,207.70000000000002,58.6,41.1
23,60,2,18,0,3,3,1,2,0,2,3,39.4,112.5,6.1,30.9
41,19,43,134,2,3,1,1,0,3,2,2,76.8,35.7,76.9,240.70000000000002
11,59,12,19,3,0,0,1,3,3,1,3,21.3,103.2,20.6,32.7
66,36,70,18,2,2,1,0,2,2,1,2,119.8,65.8,126.5,30.4
14,61,32,27,0,3,0,0,1,0,1,3,24.2,114.3,56.6,45.6
51,90,155,57,0,1,0,0,0,1,2,0,91.8,162.5,277.0,102.60000000000001
37,59,55,74,2,0,0,3,0,3,3,3,69.60000000000001,103.2,96.0,134.70000000000002
160,69,47,41,1,0,1,1,1,0,3,3,288.5,124.2,83.10000000000001,72.3
15,29,24,42,3,0,1,3,1,1,3,3,30.5,51.2,41.7,77.10000000000001
10,104,1,24,0,0,1,2,1,1,1,2,17.0,186.20000000000002,2.3,44.2
38,17,67,33,3,1,2,3,1,2,3,2,71.9,30.1,120.60000000000001,61.9
1,14,14,4,0,2,1,2,1,0,2,2,0.8,28.2,24.7,8.2
26,113,13,51,1,0,2,0,3,0,3,1,45.300000000000004,203.4,23.400000000000002,90.8
18,190,24,6,0,3,0,3,0,3,0,1,32.4,343.5,43.2,14.3
65,38,28,59,0,0,3,0,0,0,3,0,117.0,68.4,51.9,106.2
44,150,5,69,3,1,3,2,2,3,1,3,81.7,268.5,12.5,124.2
108,46,54,33,2,0,0,0,1,3,3,2,196.4,79.8,94.2,57.4
60,16,29,31,2,2,3,2,3,2,2,3,108.0,29.8,54.7,55.800000000000004
66,49,198,27,2,2,3,1,1,3,2,3,120.8,88.2,358.90000000000003,47.1
15,163,59,67,3,1,0,2,2,0,0,3,29.5,294.90000000000003,106.2,120.60000000000001
62,52,156,7,1,1,1,0,1,3,0,0,112.10000000000001,92.10000000000001,282.3,12.6
60,133,14,0,3,3,3,0,0,2,3,2,112.5,241.9,26.7,0.0
17,168,15,31,2,1,0,2,0,2,2,3,33.6,301.90000000000003,25.0,55.800000000000004
14,25,5,141,2,0,1,3,1,3,1,3,27.2,42.0,9.5,255.3
10,185,144,14,0,0,1,1,3,1,1,0,15.0,332.0,259.7,26.7
29,60,58,11,3,2,1,0,0,1,1,1,56.7,110.0,104.9,18.8
188,28,51,5,1,1,3,0,0,1,1,2,339.90000000000003,50.9,95.3,7.0
3,70,70,4,1,0,0,1,0,2,1,1,6.9,124.0,125.0,7.699999999999999
121,42,10,17,3,3,2,2,1,1,3,1,221.3,79.10000000000001,18.0,32.6
61,29,62,32,1,3,2,1,0,0,1,3,111.3,56.7,113.60000000000001,56.1
11,37,52,20,3,3,0,0,2,0,2,0,22.3,71.10000000000001,91.60000000000001,36.0
61,4,6,13,0,0,0,3,3,1,0,1,106.8,6.2,10.8,26.900000000000002
68,48,60,162,1,0,1,1,2,2,0,3,121.9,84.4,109.5,290.1
41,7,16,58,2,2,0,2,1,0,1,3,75.8,15.6,27.8,104.4
62,6,32,36,1,1,1,1,3,0,2,0,110.10000000000001,12.3,57.1,66.3
60,24,5,68,3,1,3,1,3,2,1,3,109.5,42.7,12.5,120.9
19,36,127,140,3,3,3,2,3,3,2,3,35.7,66.3,231.1,252.0
56,44,51,45,3,1,3,3,0,3,2,2,105.3,77.7,94.3,83.5
43,57,42,33,2,2,1,0,1,2,2,1,79.4,103.60000000000001,75.10000000000001,58.4
8,56,68,107,1,1,2,1,3,2,0,2,12.9,100.3,125.4,192.1
25,14,14,4,2,1,1,3,1,0,0,2,47.0,26.7,26.7,9.7
6,30,55,46,3,2,1,3,2,3,0,1,13.3,54.0,100.5,86.3
34,36,9,92,2,1,2,2,2,0,1,0,62.2,66.3,18.2,168.6
49,59,54,58,3,2,1,0,2,2,0,2,90.7,107.2,98.7,102.4
156,68,66,1,3,3,1,2,0,2,1,3,285.3,124.9,119.3,1.7999999999999998
57,62,92,52,2,1,1,0,1,3,0,3,104.60000000000001,110.10000000000001,167.1,90.60000000000001
9,32,11,3,3,3,2,2,2,0,0,1,18.7,62.1,22.8,7.4
59,9,57,85,1,1,3,3,2,0,0,1,105.7,17.7,107.10000000000001,156.5
180,48,33,166,1,0,0,0,1,1,3,0,324.5,85.4,56.4,298.8
123,48,38,15,1,2,3,0,3,2,2,3,219.9,87.4,70.9,24.0
51,86,48,63,3,3,3,0,3,1,3,0,93.3,158.3,87.9,113.4
55,188,38,36,1,2,1,3,0,2,0,3,100.5,339.40000000000003,69.9,66.3
72,159,13,152,2,3,3,1,0,1,0,2,132.6,289.7,27.900000000000002,273.1
2,2,52,25,3,1,2,1,3,1,1,0,5.1,4.1,95.60000000000001,46.5
43,39,174,131,3,0,1,2,3,3,1,2,78.9,67.2,313.7,236.8
46,44,3,133,0,0,2,0,2,3,2,3,80.8,76.2,6.4,236.4
46,2,5,1,1,0,2,1,1,0,2,3,83.3,3.6,10.0,0.2999999999999998
39,18,18,55,3,2,1,0,0,0,1,3,74.7,35.4,32.9,96.0
127,174,16,77,3,3,3,3,2,1,1,2,231.1,316.7,32.3,141.1
54,55,22,102,2,2,3,3,3,0,0,3,97.2,102.0,44.1,185.1
19,68,52,46,1,2,0,0,3,0,3,2,32.7,125.4,90.60000000000001,80.8
19,71,120,84,2,3,3,3,0,1,2,3,37.2,131.3,218.5,152.70000000000002
35,17,42,19,2,0,0,1,3,0,0,3,63.0,30.6,75.60000000000001,32.7
63,45,47,147,2,1,2,3,0,1,0,3,116.4,81.5,87.60000000000001,266.1
6,34,13,56,0,0,1,0,2,1,1,1,8.8,60.2,23.900000000000002,99.8
200,95,66,57,2,1,1,3,3,3,0,2,360.0,169.5,120.3,105.10000000000001
20,30,44,26,2,0,0,0,0,1,0,2,39.0,53.0,79.2,44.800000000000004
173,118,0,12,3,2,0,0,3,2,1,2,312.90000000000003,213.4,0.0,19.6
34,57,1,65,2,1,3,3,3,3,0,3,61.2,101.10000000000001,6.3,118.5
31,33,4,122,2,3,3,1,3,2,3,3,55.800000000000004,61.9,8.7,218.1
63,65,75,132,1,3,0,2,2,1,2,0,112.9,120.5,133.0,240.6
50,22,58,64,1,2,3,1,2,2,0,2,89.5,40.6,108.9,114.7
48,35,171,45,3,0,1,3,3,3,1,2,87.9,60.0,308.3,83.5
32,45,22,55,3,0,3,3,1,2,3,3,61.1,79.0,41.1,100.5
62,51,51,34,0,0,2,2,3,0,1,2,108.60000000000001,91.8,93.8,62.2
50,2,13,54,1,2,3,3,2,0,2,1,89.5,6.6,25.900000000000002,100.7
200,38,9,3,3,2,1,2,2,2,1,3,362.5,69.4,16.7,5.4
29,22,59,23,0,0,1,0,3,2,2,1,49.2,37.6,105.7,40.4
31,9,61,45,0,0,1,2,1,3,1,2,54.800000000000004,13.2,110.3,82.0
67,65,53,71,3,0,3,0,0,0,0,3,125.10000000000001,117.0,99.9,124.8
185,28,16,49,3,3,0,0,0,0,0,0,337.5,54.9,28.8,88.2
70,30,70,51,3,1,2,3,2,3,0,0,128.5,52.5,129.0,96.3
57,26,64,68,0,0,3,1,0,2,0,1,102.60000000000001,44.800000000000004,119.7,122.9
49,18,17,119,1,2,2,1,3,2,3,3,86.7,33.4,30.6,212.70000000000002
59,13,55,65,2,3,0,2,1,1,2,3,108.2,26.900000000000002,97.0,117.0
4,88,170,46,0,2,1,0,2,0,1,1,5.2,161.4,306.5,81.8
46,32,31,64,2,3,1,3,2,3,2,1,83.8,59.1,55.300000000000004,118.7
21,1,113,68,3,0,2,2,2,0,0,0,40.300000000000004,1.8,206.4,125.4
11,49,3,172,2,1,2,2,0,2,1,0,22.8,87.7,7.4,312.6
3,67,51,59,3,1,3,1,0,3,3,3,9.9,119.10000000000001,93.3,104.7
57,51,48,8,3,2,2,1,2,1,1,1,105.10000000000001,93.8,88.4,14.9
48,59,36,59,3,2,2,3,0,1,2,1,90.9,108.2,65.8,109.7
2,52,60,0,0,0,1,1,1,3,2,0,2.6,90.60000000000001,107.5,0.0
41,52,50,99,0,1,1,0,1,3,3,3,72.8,92.10000000000001,88.5,175.20000000000002
47,13,9,126,1,1,0,3,0,1,3,0,86.10000000000001,23.900000000000002,13.2,231.3
168,2,18,46,0,2,2,0,0,0,0,0,302.40000000000003,6.6,35.4,82.8
3,97,20,31,3,2,1,2,2,0,1,2,7.9,177.6,36.5,56.800000000000004
7,84,55,39,2,2,1,0,1,0,2,3,14.6,154.20000000000002,98.5,67.2
20,187,36,12,0,0,3,3,2,1,2,1,34.0,335.6,67.3,25.1
30,4,22,54,0,1,0,1,1,3,2,2,53.0,5.699999999999999,37.6,96.7
51,46,130,46,2,3,2,2,2,3,3,2,92.8,84.3,234.0,83.8
53,17,0,55,1,1,3,0,1,2,3,1,95.9,30.1,0.0,98.0
65,3,20,104,3,2,3,2,3,1,3,2,118.5,7.4,37.5,188.20000000000002
29,59,68,7,2,3,2,2,0,2,1,2,55.2,108.7,124.4,13.6
178,11,63,30,0,2,1,3,2,2,1,3,318.40000000000003,20.8,113.9,55.5
59,128,4,70,2,1,2,2,2,0,0,0,107.2,231.9,10.2,129.0
70,12,63,171,3,3,2,3,0,3,2,3,130.5,23.1,114.4,309.3
55,53,18,49,3,3,1,0,0,0,0,3,103.5,99.9,33.9,85.2
124,88,63,16,2,3,1,2,3,2,3,2,223.20000000000002,160.9,111.9,29.8
148,109,2,57,0,3,1,2,2,3,3,1,264.40000000000003,197.70000000000002,2.0999999999999996,104.60000000000001
7,13,32,55,3,2,1,1,2,1,3,2,15.100000000000001,25.400000000000002,56.1,98.5
31,47,26,59,3,2,1,1,2,1,1,1,58.300000000000004,86.60000000000001,47.300000000000004,106.7
28,7,20,6,0,1,1,1,1,0,3,0,49.4,14.1,34.5,12.3
4,32,10,127,0,2,1,2,1,3,0,1,6.2,57.6,19.5,230.6
188,60,157,5,1,0,2,0,2,3,2,0,337.90000000000003,105.0,283.6,9.0
158,49,34,49,2,0,0,2,3,2,0,3,284.40000000000003,86.2,61.2,88.2
48,64,45,156,3,1,3,0,2,3,2,1,88.9,113.7,83.5,279.8
26,67,22,38,3,2,0,3,3,2,1,2,48.300000000000004,121.60000000000001,38.6,70.9
44,29,16,51,0,0,0,0,0,2,3,0,79.2,50.2,25.8,91.8
115,143,14,36,3,3,1,3,2,1,1,3,209.5,260.90000000000003,25.7,66.3
41,0,45,36,1,3,1,0,3,0,2,0,72.3,0.0,80.5,64.8
13,51,46,30,2,3,3,0,3,3,1,0,23.400000000000002,93.3,86.3,54.0
141,42,8,69,3,1,3,1,2,3,1,1,256.3,74.10000000000001,17.9,124.7
60,17,53,49,1,3,2,0,3,3,1,2,106.5,32.1,97.4,86.2
25,60,12,61,1,3,2,0,1,2,2,2,45.5,110.5,22.6,107.8
186,63,15,17,0,3,0,2,0,3,2,1,334.8,114.9,25.0,32.6
68,88,41,2,0,1,2,0,3,1,0,3,119.4,158.9,76.8,0.6000000000000001
26,31,40,26,3,0,0,3,2,2,0,1,49.300000000000004,53.800000000000004,72.0,50.300000000000004
63,46,10,8,1,0,0,3,3,2,1,2,111.9,80.8,17.0,16.9
61,160,9,183,0,0,1,0,1,0,3,0,108.8,288.0,14.7,329.40000000000003
14,13,19,50,2,3,2,0,1,3,2,3,27.2,24.900000000000002,35.2,87.0
137,13,51,52,1,1,2,0,1,0,0,3,247.1,24.900000000000002,94.8,90.60000000000001
56,33,137,1,0,0,2,2,1,1,0,3,99.8,58.4,249.6,1.7999999999999998
24,27,31,16,0,1,3,3,1,0,2,2,42.2,50.1,58.300000000000004,31.299999999999997
14,41,32,23,0,1,1,1,1,2,1,1,24.2,73.3,58.1,41.9
2,68,47,28,0,3,1,1,2,1,0,2,1.6,125.9,86.10000000000001,49.9
134,37,59,45,3,2,2,3,1,0,0,0,244.70000000000002,69.60000000000001,109.2,85.5
193,46,26,51,1,1,2,0,2,1,0,2,346.90000000000003,83.3,49.800000000000004,89.8
12,7,64,8,2,3,3,3,3,1,0,0,21.6,16.1,119.7,18.9
63,40,34,154,0,0,2,1,3,0,0,3,110.4,72.0,64.2,275.7
4,31,38,92,3,1,1,0,0,2,1,1,11.7,55.300000000000004,68.9,164.6
24,63,100,89,3,3,0,2,2,0,3,3,45.7,117.9,177.0,160.20000000000002
180,5,39,9,1,1,3,0,0,3,1,0,325.5,7.5,73.7,16.2
113,66,38,171,0,2,3,0,0,2,1,0,203.4,119.8,71.9,307.8
21,28,65,136,0,2,1,1,2,2,2,3,35.800000000000004,51.4,116.5,243.3
24,26,53,40,0,3,0,0,3,1,2,2,40.2,50.300000000000004,93.4,70.0
18,16,69,29,1,1,3,2,2,0,1,1,31.9,30.3,127.69999999999999,54.2
58,56,20,68,3,3,1,2,1,3,3,0,107.9,102.3,34.5,125.4
66,33,29,67,3,0,0,1,2,1,2,0,121.3,58.4,50.2,122.10000000000001
24,47,62,6,0,3,0,3,2,1,1,2,41.2,88.10000000000001,110.60000000000001,13.3
6,131,5,27,2,3,1,3,1,1,3,1,12.8,239.3,7.5,52.1
60,46,57,32,0,1,2,0,2,3,3,0,106.0,81.3,102.60000000000001,57.6
54,56,5,97,1,0,1,2,0,0,2,0,98.7,100.8,8.5,177.6
63,21,14,60,1,2,2,1,2,3,2,0,112.9,37.800000000000004,26.2,109.5
59,78,41,0,1,3,3,0,2,1,2,3,105.7,143.9,76.3,0.0
19,189,14,6,1,1,2,3,2,2,2,0,33.7,339.7,26.2,15.3
18,46,46,41,1,2,2,3,3,3,0,2,30.9,82.8,85.8,76.3
8,27,36,48,0,0,0,0,0,2,2,1,14.4,46.6,62.8,85.4
114,158,47,6,2,3,2,3,0,1,3,0,208.20000000000002,287.90000000000003,84.60000000000001,15.3
3,45,9,90,2,1,0,3,3,2,2,3,5.4,80.5,14.2,163.5
36,50,59,27,2,0,1,2,0,0,3,0,67.8,90.0,104.7,51.6
55,27,2,29,1,2,3,3,2,2,1,0,98.5,49.6,7.1,56.7
0,80,38,67,0,2,2,1,1,2,2,3,0.0,145.0,69.4,119.10000000000001
0,51,70,77,2,3,3,0,1,2,0,3,0.0,94.3,130.5,135.6
28,54,54,67,2,2,2,0,3,0,1,3,50.4,100.2,99.2,117.60000000000001
54,11,40,65,2,3,0,1,1,1,2,3,99.2,23.3,70.0,115.5
171,39,167,10,3,1,2,0,2,0,2,3,310.3,71.7,301.6,15.0
37,181,4,26,2,1,1,2,1,1,2,3,68.60000000000001,326.3,6.699999999999999,46.800000000000004
46,29,4,10,1,2,3,3,2,1,3,0,82.3,54.2,8.7,22.5
86,69,59,39,3,2,2,0,2,3,1,3,157.3,124.2,108.2,67.2
32,139,81,38,0,1,1,3,3,2,3,1,54.6,249.70000000000002,144.3,71.9
47,21,60,15,3,0,1,3,3,2,3,2,86.10000000000001,35.800000000000004,106.5,29.5
40,151,24,190,2,0,1,2,1,0,2,3,74.0,271.8,42.7,342.0
3,13,23,68,1,0,3,2,0,0,2,3,6.9,23.400000000000002,43.9,122.4
55,2,4,55,0,0,1,2,0,3,1,2,99.0,0.6000000000000001,7.699999999999999,100.0
6,60,49,54,3,1,1,3,2,2,0,2,13.3,107.5,89.7,99.7
38,26,72,149,2,2,0,3,3,2,1,0,68.4,47.800000000000004,128.6,272.7
134,152,37,5,0,3,1,3,3,3,2,1,238.20000000000002,275.1,66.10000000000001,12.5
175,29,161,34,1,3,3,2,2,1,3,0,314.5,55.7,291.3,64.2
57,41,80,52,1,0,1,2,0,1,2,0,104.10000000000001,72.8,143.5,96.60000000000001
61,13,101,200,3,2,3,0,2,2,0,2,112.3,24.400000000000002,186.3,358.0
42,31,11,69,0,2,2,3,1,3,2,1,74.60000000000001,55.800000000000004,20.8,127.69999999999999
39,33,155,29,0,3,3,1,2,3,3,2,68.2,60.9,280.5,51.7
27,57,26,45,1,1,2,2,2,1,0,1,48.1,103.10000000000001,49.800000000000004,83.0
55,93,46,2,0,1,1,2,3,3,2,3,96.0,165.9,82.3,3.5999999999999996
44,167,30,161,3,1,0,2,2,1,1,2,81.7,301.1,53.0,290.8
40,1,90,34,3,0,2,2,0,1,3,2,76.5,0.8,162.0,62.2
3,13,23,6,0,2,1,1,2,0,2,2,3.4000000000000004,26.400000000000002,40.9,10.3
76,14,69,17,0,1,1,2,2,0,2,3,134.8,26.7,123.7,30.6
182,89,51,9,3,2,3,2,0,1,0,3,332.1,162.20000000000002,96.3,16.2
27,3,21,198,1,3,0,0,1,3,2,2,49.1,6.9,35.800000000000004,354.40000000000003
155,64,62,32,1,0,2,2,2,3,1,0,278.5,112.2,113.60000000000001,60.6
11,60,32,89,3,1,3,2,1,3,1,3,23.3,106.5,61.1,160.20000000000002
57,6,105,103,3,1,1,1,3,1,2,2,104.10000000000001,11.3,188.5,184.9
6,103,91,106,1,2,0,3,3,2,2,0,9.3,186.4,161.8,195.3
61,35,57,22,0,3,3,3,3,2,3,1,106.8,65.5,104.10000000000001,43.1
26,7,151,61,1,0,3,2,0,3,1,1,48.300000000000004,9.6,275.3,111.8
139,66,56,47,1,1,1,3,2,1,0,2,249.70000000000002,119.3,102.3,87.10000000000001
3,54,3,66,3,2,3,1,3,0,3,3,6.9,100.2,6.9,117.3
13,83,50,60,2,0,0,2,2,2,3,1,24.400000000000002,147.4,87.0,110.0
47,3,116,19,0,1,0,3,3,1,3,3,81.60000000000001,5.9,205.8,35.7
27,30,200,92,0,0,1,3,0,0,0,3,48.6,54.0,361.5,167.1
14,13,70,16,2,2,0,3,0,0,0,3,28.2,26.400000000000002,126.0,30.299999999999997
33,22,20,2,1,1,3,1,0,2,0,0,60.9,39.1,40.5,5.1
193,103,23,59,1,1,3,1,1,2,1,0,347.90000000000003,184.9,44.9,107.7
39,54,2,48,0,0,0,2,0,2,0,3,70.2,95.2,3.6,86.4
6,40,66,16,0,0,3,0,0,1,0,2,10.8,71.0,123.3,26.8
47,10,50,180,0,1,1,2,1,0,2,0,83.60000000000001,19.5,89.5,327.0
12,149,196,56,1,2,0,3,1,2,0,3,22.1,269.2,352.8,102.3
47,110,63,56,1,0,3,0,3,1,1,3,83.10000000000001,197.0,116.9,97.8
120,6,55,51,3,1,0,2,3,0,3,2,217.5,12.3,96.0,92.8
45,69,6,1,1,1,3,2,0,1,2,3,82.5,124.7,13.3,1.7999999999999998
82,103,177,24,0,1,3,1,1,0,0,0,146.6,186.9,323.1,44.7
9,31,67,15,2,3,2,1,2,1,0,2,17.2,59.300000000000004,123.60000000000001,26.5
87,46,32,31,2,1,1,0,3,1,1,2,156.6,83.3,58.1,53.800000000000004
34,31,35,14,1,3,3,2,0,3,1,3,62.7,57.300000000000004,66.5,25.2
41,64,189,5,1,2,2,1,0,0,0,0,75.3,118.2,343.2,10.5
34,51,70,7,0,0,1,1,1,2,2,2,60.2,89.8,125.5,12.1
7,59,56,43,3,0,1,3,2,2,1,3,15.100000000000001,104.2,101.3,78.9
8,8,47,21,3,0,1,3,0,0,3,2,18.9,14.4,83.10000000000001,40.300000000000004
79,70,62,28,2,3,2,1,0,1,1,2,145.20000000000002,129.5,113.60000000000001,49.9
81,8,61,13,2,2,1,0,1,1,1,3,147.8,16.4,110.3,20.400000000000002
51,33,25,23,1,3,2,3,3,3,3,3,90.3,60.9,45.0,42.9
54,49,95,59,0,2,2,0,1,2,3,1,96.2,89.2,171.0,105.2
36,17,19,65,3,1,2,0,3,0,1,0,66.3,32.1,36.2,117.0
8,62,54,29,0,3,1,2,0,2,1,0,14.4,114.10000000000001,97.7,55.2
13,53,149,200,0,2,1,1,0,0,1,1,23.400000000000002,98.4,268.7,360.5
68,3,198,6,3,3,1,0,3,2,2,2,123.9,7.9,355.90000000000003,8.8
16,33,46,53,0,2,0,1,3,3,3,0,25.8,59.4,79.8,96.9
42,11,32,1,3,1,3,3,1,0,0,0,79.10000000000001,21.3,62.1,6.3
19,13,61,42,1,1,3,3,2,0,2,1,33.7,24.900000000000002,112.3,79.10000000000001
95,29,16,73,2,1,3,2,0,2,2,1,174.0,51.7,31.299999999999997,133.4
4,44,68,54,3,2,3,2,0,0,0,2,11.7,82.2,126.9,98.2
65,23,3,160,3,0,2,2,0,1,2,3,121.5,40.4,6.4,288.0
0,51,56,39,2,2,3,2,1,3,0,1,0.0,91.8,105.3,72.2
62,70,50,200,2,1,2,0,0,0,1,2,114.60000000000001,127.5,92.0,358.0
50,61,108,49,0,3,1,2,3,3,3,1,87.0,111.3,192.9,90.2
0,57,38,13,0,1,2,1,0,2,3,1,0.0,102.10000000000001,68.4,23.900000000000002
46,104,80,3,0,1,3,3,0,0,1,3,82.8,188.70000000000002,147.5,6.9
42,54,45,59,3,0,1,3,3,0,2,0,77.10000000000001,97.2,80.5,110.7
3,58,9,45,2,3,3,2,1,3,1,1,7.4,105.9,19.7,83.0
37,55,7,64,3,0,3,1,0,1,3,1,71.10000000000001,98.0,14.100000000000001,115.7
31,70,62,8,3,3,2,1,0,2,1,0,60.300000000000004,128.5,113.60000000000001,15.9
18,8,68,7,3,1,1,3,3,2,0,3,33.9,13.9,123.9,14.100000000000001
44,59,55,32,0,2,2,3,1,1,3,1,78.2,108.2,99.0,61.1
41,64,42,57,3,3,1,2,1,1,1,0,77.3,118.7,76.10000000000001,105.60000000000001
70,165,33,5,3,0,0,1,3,0,3,1,127.5,297.0,56.4,9.5
50,154,16,87,3,3,2,3,1,1,0,2,93.5,280.7,31.8,159.1
32,144,8,66,3,2,0,3,3,0,2,2,59.1,262.2,12.4,121.3
64,10,57,70,3,1,1,2,3,1,0,3,116.7,18.5,104.10000000000001,126.0
52,154,13,62,3,3,3,2,2,3,0,1,96.10000000000001,278.7,27.900000000000002,113.60000000000001
24,63,41,147,2,0,3,2,0,3,1,1,46.2,110.4,77.3,266.6
38,11,45,104,1,0,1,3,0,0,2,2,69.9,19.8,80.5,189.70000000000002
0,4,13,60,2,0,3,2,3,2,1,2,0.0,5.2,26.900000000000002,109.0
89,195,80,21,1,1,3,0,2,3,1,0,159.70000000000002,349.5,147.5,37.800000000000004
24,14,12,46,3,2,2,3,2,1,3,0,45.7,27.2,21.6,87.3
55,1,33,11,0,3,3,1,1,2,3,0,98.0,4.3,60.9,21.3
42,1,26,89,2,1,0,1,0,1,1,2,78.60000000000001,2.3,45.800000000000004,159.70000000000002
29,57,55,67,1,1,3,1,0,0,0,0,53.7,104.10000000000001,103.5,122.10000000000001
107,44,65,91,1,2,3,3,0,2,0,3,194.1,80.2,121.5,165.3
21,3,68,103,3,3,0,2,3,1,2,2,39.300000000000004,8.9,120.4,186.4
3,13,65,45,2,1,0,3,0,2,0,2,8.4,22.900000000000002,117.0,83.5
21,67,66,7,0,0,3,2,3,0,1,3,34.800000000000004,120.60000000000001,122.3,12.6
26,14,1,59,3,0,0,2,1,2,2,0,50.300000000000004,23.2,0.0,109.2
55,19,48,24,1,2,3,2,2,0,0,1,98.5,37.2,90.9,45.2
33,7,59,41,2,0,2,3,2,2,3,0,60.4,10.6,106.2,78.3
55,37,38,45,2,0,2,1,1,2,3,3,101.0,64.60000000000001,68.4,79.5
53,18,32,56,0,1,0,1,3,2,3,0,92.4,31.9,54.6,102.3
45,48,166,1,3,2,2,0,3,1,0,3,82.5,88.4,301.8,0.0
20,165,76,9,1,3,2,0,2,1,1,0,35.5,300.5,138.8,16.2
26,51,36,7,1,3,0,0,0,3,2,0,48.300000000000004,93.3,62.8,12.6
8,167,2,25,1,1,3,2,0,1,2,1,15.9,301.1,6.1,47.0
56,35,21,60,0,2,2,3,2,1,2,0,98.8,65.0,38.800000000000004,112.5
71,17,11,13,3,2,3,1,1,3,0,3,131.3,30.6,24.3,21.900000000000002
3,53,79,106,1,3,3,2,2,0,0,0,4.9,99.9,146.70000000000002,193.8
125,20,78,48,0,3,1,0,0,1,2,3,225.0,39.5,139.9,83.4
145,44,38,29,0,1,1,1,0,0,2,2,261.0,80.7,67.9,51.7
39,4,21,91,1,0,3,3,3,2,2,1,68.7,5.2,40.300000000000004,167.3
4,58,175,15,3,1,1,0,2,0,0,3,9.7,105.9,316.5,24.0
55,45,45,43,3,1,3,1,1,1,1,3,102.5,81.5,84.5,75.9
19,35,168,14,1,3,2,2,3,2,3,1,32.7,65.5,302.40000000000003,27.2
16,45,54,12,2,1,1,2,3,1,3,2,28.8,81.5,95.7,22.6
26,30,40,176,2,3,1,3,1,1,1,0,48.800000000000004,57.5,72.5,321.3
9,38,33,92,2,1,0,3,0,2,0,0,19.2,67.9,59.4,170.1
67,39,109,41,1,3,3,1,2,3,2,2,120.10000000000001,71.7,198.70000000000002,73.3
16,70,77,171,0,2,3,2,3,2,1,3,25.8,127.0,142.1,307.8
51,69,24,24,3,1,0,2,1,0,2,3,95.3,125.7,41.2,43.2
62,66,4,96,3,0,3,2,2,0,1,3,114.10000000000001,118.8,10.7,172.8
136,35,59,36,0,0,1,2,0,2,0,3,244.8,61.0,107.7,64.8
69,18,48,16,0,3,3,1,3,3,1,1,121.2,33.9,89.9,29.3
69,105,29,36,1,2,0,2,1,2,2,1,124.7,190.0,50.2,66.8
6,61,22,49,2,2,0,0,2,1,0,3,11.8,111.8,39.6,85.2
44,8,61,43,2,1,3,0,3,0,3,3,79.2,15.9,111.3,74.4
60,21,16,14,1,2,3,3,2,3,2,2,107.5,37.800000000000004,31.299999999999997,27.7
166,37,42,55,1,2,2,2,2,0,2,3,298.3,69.60000000000001,76.60000000000001,99.0
166,4,30,98,2,1,2,0,3,0,1,0,298.8,8.7,56.0,176.4
41,51,169,45,0,2,1,3,3,1,3,3,70.8,93.8,302.7,82.5
27,82,47,47,1,3,2,3,2,2,0,3,48.1,150.1,87.60000000000001,86.10000000000001
16,57,30,70,1,1,0,1,1,3,0,0,29.3,101.10000000000001,54.0,127.5
49,29,56,65,3,1,0,2,0,0,2,2,92.7,53.7,98.8,118.0
63,58,49,35,0,0,3,1,3,1,1,3,110.4,103.4,91.7,61.5
43,70,145,56,0,1,2,0,1,0,3,2,76.4,127.5,261.0,98.8
64,5,39,52,1,1,2,3,3,3,2,2,113.7,7.5,71.2,96.10000000000001
24,60,23,51,1,2,1,0,1,0,3,2,43.7,111.0,39.9,89.8
5,191,154,82,3,3,0,3,0,1,2,1,13.5,347.3,275.2,151.1
63,28,200,51,2,2,2,3,0,3,0,1,116.4,50.4,363.0,95.3
11,31,30,17,3,3,2,2,1,1,2,2,23.3,59.300000000000004,55.0,31.6
31,7,48,171,2,1,3,2,3,3,1,0,55.800000000000004,11.1,89.9,310.8
24,200,45,116,1,0,2,2,3,2,2,2,41.7,358.0,82.0,209.8
31,33,52,28,0,1,2,2,2,1,3,1,53.800000000000004,59.9,93.60000000000001,52.4
21,63,26,147,0,1,3,1,1,3,1,3,36.800000000000004,111.9,50.300000000000004,263.1
156,129,42,20,0,3,3,1,3,3,0,0,277.8,233.70000000000002,80.10000000000001,37.5
65,18,24,17,3,1,0,3,0,3,2,1,121.5,30.9,41.2,34.1
131,27,41,39,2,2,0,3,1,2,0,3,237.8,49.6,73.8,71.7
11,10,65,27,2,3,2,0,1,2,3,1,21.8,20.5,117.0,47.6
112,45,19,129,2,2,1,3,3,0,3,1,201.6,84.0,32.7,235.70000000000002
18,24,36,32,0,2,1,1,2,0,3,0,30.4,46.2,63.3,59.1
44,141,89,141,1,0,3,1,3,2,3,0,77.7,251.8,161.70000000000002,255.3
45,26,19,40,2,1,1,3,3,2,1,0,81.0,46.300000000000004,34.7,76.5
0,26,38,12,1,3,0,1,3,0,0,0,0.0,51.300000000000004,68.4,23.1
3,26,47,61,2,3,3,2,2,2,0,3,6.4,49.300000000000004,89.10000000000001,109.8
65,37,3,55,2,1,3,0,3,0,2,0,117.0,68.10000000000001,7.9,99.0
55,39,54,39,0,3,3,2,1,2,2,1,98.0,72.7,99.7,72.2
5,112,14,43,3,1,1,2,1,2,3,0,12.5,201.1,23.7,80.4
21,13,61,3,1,1,1,0,2,0,2,2,37.300000000000004,24.900000000000002,109.3,3.4000000000000004
28,59,39,70,3,0,1,3,2,1,2,2,52.9,105.2,69.7,128.5
16,36,33,175,0,2,2,0,2,0,3,2,26.8,67.8,59.4,313.0
27,29,50,58,0,2,2,2,2,0,3,0,46.6,55.2,90.0,107.4
23,45,70,166,3,0,2,3,3,1,1,3,42.9,80.0,128.0,300.3
55,47,32,6,2,1,2,2,2,1,2,0,100.0,85.10000000000001,58.6,13.8
69,16,44,38,2,0,0,2,0,1,0,0,127.2,27.8,79.2,71.4
25,25,30,27,3,1,0,1,0,1,3,2,49.5,45.5,51.0,48.1
182,55,47,4,1,0,1,3,3,2,2,2,326.1,97.0,84.10000000000001,9.7
176,66,1,63,0,1,1,0,3,0,0,0,313.8,120.3,3.3,113.4
48,53,160,13,0,2,1,1,3,1,1,0,83.4,97.4,288.5,24.900000000000002
61,9,0,22,3,0,0,3,2,1,2,0,112.3,15.2,0.0,44.1
23,30,59,53,1,3,0,2,1,1,0,0,41.9,57.5,106.2,98.4
23,61,60,37,1,3,2,1,2,3,3,2,40.9,111.3,108.0,66.10000000000001
86,33,19,90,0,0,2,1,1,0,3,2,153.8,59.4,34.2,161.5
53,55,65,39,3,2,0,0,1,1,0,2,98.9,101.0,117.0,68.2
125,40,188,192,1,1,2,1,0,1,3,0,226.5,72.5,338.40000000000003,347.1
31,45,24,183,3,0,1,2,2,1,3,2,58.300000000000004,80.0,41.7,330.40000000000003
20,61,47,10,2,1,3,3,2,3,0,1,37.0,108.3,89.10000000000001,21.5
58,63,92,65,3,2,0,1,3,2,3,0,105.9,114.4,162.6,118.5
26,22,9,41,1,0,0,3,2,0,1,2,46.300000000000004,39.6,15.2,76.3
45,41,12,8,1,1,0,1,0,2,0,1,82.5,73.3,21.6,14.9
8,17,59,3,3,0,2,1,2,1,3,0,16.9,29.6,106.2,6.9
33,13,178,143,0,0,0,3,3,0,1,0,56.4,23.400000000000002,319.40000000000003,261.90000000000003
40,45,45,17,1,0,1,3,3,2,3,0,70.5,79.0,79.5,35.1
91,6,49,52,3,2,2,0,1,2,1,1,167.3,11.8,90.2,92.60000000000001
5,30,29,69,0,0,2,3,2,0,3,3,7.0,54.0,52.2,125.69999999999999
68,36,65,53,1,2,2,0,3,3,2,0,120.9,64.8,118.0,95.4
153,63,45,10,2,3,2,1,2,2,0,2,276.40000000000003,115.9,84.0,17.5
7,57,62,37,3,2,3,2,1,2,1,0,16.1,103.60000000000001,115.10000000000001,69.60000000000001
177,54,51,27,0,1,0,3,1,2,1,1,317.6,96.7,90.8,52.1
52,7,7,49,0,2,2,0,0,3,1,1,93.60000000000001,12.6,14.6,87.2
13,123,9,53,0,1,2,0,0,0,3,1,23.400000000000002,222.9,16.2,94.4
2,69,20,7,3,0,2,3,3,1,3,1,5.1,123.2,36.0,16.1
45,1,55,29,0,3,0,1,3,0,3,1,78.0,6.3,96.0,52.7
53,28,69,59,0,3,2,2,0,2,2,2,95.4,52.9,125.2,107.2
18,23,62,59,2,2,3,0,0,2,3,1,35.4,42.4,113.10000000000001,105.2
58,51,53,107,1,2,1,0,3,1,0,3,102.9,93.8,96.9,189.6
24,117,96,4,0,2,1,3,1,0,3,3,42.2,213.6,171.3,8.7
26,37,125,6,0,1,2,3,2,2,3,1,44.800000000000004,66.10000000000001,225.0,14.3
28,131,68,69,2,1,1,1,2,1,3,2,51.4,236.3,120.9,123.7
105,167,103,59,0,1,1,2,0,2,0,1,189.0,300.1,186.9,108.2
9,40,13,63,0,3,3,2,1,0,2,1,15.2,76.5,25.900000000000002,115.4
62,0,44,28,3,2,2,1,1,1,2,0,115.10000000000001,0.0,80.2,51.9
39,95,93,8,1,3,1,1,3,0,2,2,68.7,175.5,166.9,13.9
11,135,50,176,3,1,0,2,1,2,1,2,23.3,242.5,89.0,317.8
33,62,45,62,2,3,0,0,3,2,0,0,59.4,114.10000000000001,81.0,111.60000000000001
49,58,15,37,0,0,0,0,3,3,3,3,85.2,101.4,24.0,63.60000000000001
108,38,96,147,1,2,3,1,2,3,0,0,193.9,68.4,177.3,266.1
43,52,41,79,3,3,3,2,1,1,0,0,80.9,97.10000000000001,78.3,145.20000000000002
57,158,196,69,2,1,3,2,3,1,0,1,102.60000000000001,284.90000000000003,357.3,126.2
177,9,190,56,0,0,1,0,0,0,0,2,318.6,16.2,343.5,98.8
54,69,197,168,2,1,2,2,3,0,1,1,97.2,125.7,356.6,304.40000000000003
15,32,42,11,0,1,0,2,2,1,2,1,25.0,58.1,73.60000000000001,21.8
11,12,138,17,0,1,0,3,0,3,2,1,19.8,20.1,246.4,34.1
25,23,21,61,3,3,1,0,0,1,1,2,49.5,44.9,38.300000000000004,107.8
7,74,51,50,2,1,0,1,1,3,3,3,14.6,131.70000000000002,88.8,88.5
56,27,76,23,2,3,3,0,1,3,0,0,102.8,50.1,141.3,41.4
20,23,50,44,1,3,3,2,1,2,3,2,36.5,43.9,91.5,80.2
1,10,55,1,3,3,2,2,2,0,3,1,4.3,22.5,99.0,3.8
63,40,163,62,2,2,3,1,2,3,2,0,114.4,72.0,295.90000000000003,113.10000000000001
15,18,68,61,0,2,3,2,3,2,1,2,24.0,33.4,125.9,110.8
10,23,8,46,1,1,1,2,2,2,0,1,17.5,40.9,15.9,84.8
70,39,51,18,3,1,0,1,0,2,2,1,130.5,69.7,89.8,32.9
179,87,92,70,2,2,2,2,1,1,1,2,324.2,158.6,167.6,127.0
89,35,7,47,3,2,3,1,0,3,3,1,164.70000000000002,63.0,14.100000000000001,85.10000000000001
23,36,68,21,2,0,1,2,1,2,0,2,43.4,62.8,123.9,38.800000000000004
16,52,12,42,3,2,3,2,1,2,3,0,32.3,94.60000000000001,23.1,78.60000000000001
55,45,36,27,3,2,3,0,3,3,2,0,100.5,81.0,67.3,48.6
38,47,16,46,3,2,3,2,3,2,3,3,69.9,85.60000000000001,30.299999999999997,82.8
14,17,17,62,2,2,2,0,2,0,3,1,26.2,33.6,30.6,110.60000000000001
57,66,66,10,3,3,1,0,1,3,0,0,106.10000000000001,120.3,120.3,18.0
48,53,116,32,1,3,2,2,0,0,0,3,87.9,99.9,211.8,57.6
54,58,0,57,1,1,2,2,2,3,0,3,96.7,102.9,0.0,102.60000000000001
60,127,25,136,2,2,2,1,1,3,3,1,110.0,228.6,45.0,245.3
6,25,35,50,3,3,3,0,0,3,2,1,15.3,46.5,65.5,89.0
52,72,115,66,3,2,3,3,2,3,1,3,96.10000000000001,129.6,210.5,120.3
29,22,64,34,1,3,2,2,2,2,1,3,51.7,42.1,117.2,61.2
2,23,40,15,3,1,2,1,3,3,2,0,5.1,39.9,73.0,28.5
31,68,13,146,0,0,3,1,3,0,0,3,52.800000000000004,122.4,27.900000000000002,261.3
68,25,152,2,1,3,3,0,0,0,3,2,123.9,49.5,275.1,1.6
51,57,57,15,1,1,2,2,2,2,3,0,91.3,102.10000000000001,102.60000000000001,30.0
157,130,23,104,0,0,2,3,3,3,0,3,279.6,231.0,44.4,188.70000000000002
45,147,167,116,1,2,2,2,3,0,1,2,79.5,267.6,302.6,209.8
22,29,49,6,2,2,0,3,2,1,3,0,40.6,54.2,85.2,15.3
6,29,59,33,3,1,0,1,3,3,0,0,12.3,50.7,106.2,60.9
57,175,28,65,3,3,3,3,0,2,3,1,107.10000000000001,317.5,51.9,120.5
35,131,0,67,3,3,1,1,2,0,3,3,65.5,240.3,0.0,119.10000000000001
49,134,67,29,2,3,2,2,3,2,1,0,88.2,243.70000000000002,122.60000000000001,55.2
61,174,67,21,0,2,3,3,2,2,3,3,107.8,314.2,122.10000000000001,39.300000000000004
23,20,4,2,1,0,3,3,2,1,1,3,40.9,35.0,10.7,5.1
54,15,12,49,1,1,3,2,2,1,1,0,96.7,27.5,25.1,91.2
75,167,180,3,0,3,1,2,1,3,3,3,134.0,302.1,322.5,5.4
69,11,44,174,0,0,1,1,0,0,2,3,124.2,19.8,78.7,311.7
64,35,163,41,2,2,2,2,0,0,2,2,118.2,66.0,294.40000000000003,74.8
9,57,24,35,2,3,1,3,3,0,3,3,16.2,107.10000000000001,41.7,64.5
105,10,5,112,3,2,0,2,1,2,2,2,192.5,19.0,7.0,202.6
1,120,60,46,1,3,2,1,2,2,3,0,1.2999999999999998,218.5,108.0,84.3
72,59,63,16,3,0,0,3,2,3,0,2,132.1,103.2,113.4,31.299999999999997
126,49,46,1,3,2,3,2,1,2,2,3,230.3,89.2,85.3,1.7999999999999998
43,59,127,34,3,0,3,3,1,0,2,2,80.9,106.2,231.1,63.7
12,5,11,25,0,2,3,1,3,1,3,1,18.6,11.0,21.3,45.5
96,16,173,39,1,1,2,2,0,1,3,0,174.3,29.3,311.40000000000003,73.2
52,137,89,57,2,2,2,0,3,1,2,0,93.60000000000001,248.6,161.20000000000002,102.60000000000001
112,48,5,189,0,0,0,1,3,0,0,2,198.6,86.4,9.0,339.7
43,4,58,31,2,0,2,1,0,1,1,0,80.4,6.2,106.4,57.300000000000004
56,49,63,19,0,3,0,3,0,1,3,2,100.8,91.7,110.4,36.7
11,6,2,10,3,3,1,3,2,1,1,3,22.3,14.3,4.1,19.5
68,18,25,8,3,3,1,0,0,2,0,1,126.9,34.9,46.5,13.4
65,154,43,59,3,0,2,1,1,0,3,3,120.5,277.2,77.4,104.7
149,36,60,42,2,1,1,0,0,0,3,2,271.2,66.3,106.5,73.60000000000001
43,59,2,68,0,0,0,0,3,2,1,1,74.4,104.2,2.6,121.4
63,4,175,19,1,2,0,0,1,0,2,0,113.9,10.2,313.0,34.2
53,12,186,149,3,2,2,3,3,0,3,2,96.9,24.6,334.8,270.7
6,69,43,46,3,2,0,1,0,0,0,2,15.3,127.2,77.4,82.3
58,32,7,136,3,3,0,1,0,2,2,1,108.9,60.1,10.6,245.3
61,23,149,5,3,1,0,1,1,0,3,3,113.3,42.9,265.2,7.5
28,69,52,19,0,3,3,0,0,3,0,2,50.4,125.69999999999999,98.10000000000001,32.2
89,64,8,135,3,0,3,0,2,0,1,1,162.70000000000002,115.2,17.9,242.0
138,177,27,112,2,2,3,2,3,3,0,0,248.4,318.6,53.1,204.6
198,85,31,60,3,0,1,2,3,3,0,3,357.90000000000003,150.0,57.300000000000004,108.0
17,80,4,22,2,0,0,3,2,0,3,1,31.6,144.0,4.2,43.1
16,38,4,42,3,0,0,2,0,1,0,0,33.3,67.4,7.2,78.60000000000001
28,121,144,28,2,2,0,1,0,1,1,1,53.4,219.8,258.2,50.9
138,53,90,93,3,0,2,2,0,0,2,0,252.9,95.4,163.0,170.4
10,10,48,141,2,2,0,3,0,2,1,3,21.0,19.0,85.4,255.3
52,37,59,139,0,2,1,2,1,2,2,1,92.60000000000001,67.60000000000001,105.7,252.20000000000002
39,53,18,26,1,0,2,0,0,3,1,0,71.7,92.4,34.4,46.800000000000004
63,111,21,66,3,2,3,3,3,0,2,1,114.9,202.8,40.300000000000004,122.3
7,15,53,32,3,2,3,1,1,1,0,2,16.1,29.0,99.9,57.1
20,32,25,40,3,3,3,3,1,2,2,1,39.5,60.1,47.5,75.5
57,128,26,65,1,3,1,1,1,2,1,1,103.10000000000001,232.9,47.300000000000004,117.5
27,69,44,52,1,0,2,2,3,3,0,1,47.1,121.2,82.2,95.60000000000001
9,191,160,40,0,2,3,3,3,1,3,2,13.2,345.8,289.5,74.5
57,16,59,66,1,2,0,1,2,3,1,2,102.10000000000001,28.8,105.2,118.3
185,67,47,20,3,2,1,0,1,2,1,0,336.5,121.60000000000001,85.10000000000001,36.0
146,10,105,62,3,2,1,1,3,0,3,3,264.3,21.0,187.5,110.10000000000001
49,33,48,0,0,2,0,2,0,2,3,0,88.2,60.4,83.4,0.0
110,68,47,64,0,0,2,3,3,2,1,0,195.0,120.4,86.60000000000001,119.7
66,70,10,53,3,1,1,3,1,2,0,1,122.3,125.5,19.5,98.9
53,111,60,48,2,0,1,2,2,3,2,3,96.4,196.8,107.5,86.4
155,200,12,21,1,0,2,3,0,3,0,1,280.5,357.0,24.6,41.300000000000004
1,44,6,7,0,0,0,1,3,0,2,3,0.0,79.2,8.8,11.1
86,57,65,11,1,0,0,2,2,3,3,3,154.3,99.60000000000001,114.0,19.8
107,20,48,43,1,0,1,3,2,1,2,1,192.1,35.0,85.9,80.9
119,93,68,80,2,3,3,1,3,2,0,3,214.20000000000002,169.9,126.9,142.5
35,6,69,46,3,2,3,1,1,1,1,3,66.5,12.8,127.69999999999999,81.3
12,20,69,129,1,2,2,2,1,3,0,1,22.1,36.0,127.2,234.20000000000002
69,70,16,45,2,2,0,3,2,2,0,2,125.2,127.0,28.8,83.5
199,43,7,15,1,3,2,2,2,3,3,1,357.7,78.9,12.6,29.0
61,42,174,31,1,3,2,2,3,3,1,0,108.3,77.10000000000001,315.2,58.800000000000004
63,46,17,50,0,0,3,3,1,3,0,1,112.4,79.8,35.1,93.5
132,53,30,33,2,0,2,1,3,2,2,3,237.6,93.4,55.0,57.9
48,52,158,17,2,3,2,2,2,0,1,1,87.4,98.10000000000001,286.40000000000003,32.6
95,3,25,106,1,1,1,0,1,3,1,1,171.5,3.9000000000000004,45.5,189.8
13,52,17,10,1,2,2,0,2,1,2,3,22.900000000000002,95.60000000000001,31.6,15.0
12,67,52,30,2,3,3,2,2,1,0,1,22.6,124.10000000000001,98.10000000000001,56.0
26,14,8,37,0,0,0,1,0,1,1,1,46.800000000000004,24.2,13.4,67.10000000000001
128,69,19,42,0,0,0,0,0,1,0,3,230.4,123.2,34.2,72.60000000000001
63,54,17,13,0,2,2,0,3,0,1,2,110.4,100.2,32.6,21.400000000000002
32,49,25,37,3,1,2,1,0,0,2,0,62.1,89.7,46.0,68.10000000000001
43,54,29,40,0,0,3,2,2,1,1,2,75.4,96.2,55.7,73.0
73,15,69,49,0,0,1,0,3,1,0,2,128.4,26.0,125.7,86.2
63,44,28,33,2,0,1,3,1,0,0,2,115.4,79.2,51.9,61.9
7,121,0,156,0,2,1,3,0,1,3,2,12.6,219.8,0.0,283.3
37,12,12,65,0,2,0,3,3,0,3,3,63.60000000000001,24.6,18.6,118.5
150,5,65,48,1,3,2,0,2,2,3,3,269.5,11.5,117.0,83.4
32,56,21,66,3,1,2,1,2,3,2,3,60.1,99.3,38.800000000000004,117.3
68,42,93,173,3,1,0,3,2,0,0,2,124.9,77.10000000000001,167.4,313.90000000000003
61,34,31,157,3,2,2,2,1,0,3,1,113.3,64.2,55.800000000000004,284.6
0,152,34,26,3,0,1,3,3,1,3,1,0.0,272.6,59.7,50.300000000000004
65,67,37,46,3,3,0,2,0,0,1,0,121.5,125.10000000000001,65.60000000000001,85.8
156,21,55,49,3,2,0,0,0,0,1,3,285.3,40.800000000000004,98.0,85.2
1,44,56,28,2,2,2,2,0,3,0,1,4.8,79.2,103.8,52.4
15,27,175,46,1,3,0,3,1,3,3,3,27.5,50.1,312.0,84.3
49,90,152,65,0,3,1,3,1,1,0,3,87.2,165.5,275.1,118.5
26,54,42,39,1,1,3,2,2,0,0,3,46.300000000000004,98.7,80.10000000000001,70.2
40,12,17,72,1,2,0,0,3,2,2,2,70.5,22.6,28.6,127.6
187,159,59,4,3,3,2,3,3,1,3,2,338.1,289.7,106.2,9.7
69,1,10,41,0,0,1,1,2,0,0,2,122.2,1.8,19.5,73.3
50,2,50,29,0,3,0,0,1,0,0,3,89.0,8.1,90.0,49.2
53,1,156,13,0,0,1,2,0,0,3,2,95.4,1.8,279.3,24.400000000000002
50,55,23,12,1,0,3,1,1,2,0,0,90.5,97.0,45.9,23.1
77,57,42,3,2,3,0,0,3,1,1,3,138.6,106.10000000000001,74.60000000000001,2.4000000000000004
102,111,47,137,3,0,2,1,2,2,2,0,186.1,197.8,85.60000000000001,248.1
0,33,60,49,1,3,2,3,2,2,1,1,0.0,61.9,110.0,91.7
7,82,51,69,0,3,3,2,0,1,1,1,12.6,151.1,95.3,126.2
24,102,180,69,0,3,0,2,1,1,3,1,42.2,187.1,321.0,126.2
154,151,22,90,1,1,2,1,0,0,1,2,278.7,273.3,41.6,161.5
19,6,14,3,3,1,3,1,1,1,2,0,37.7,11.3,27.7,6.9
53,10,27,38,2,1,0,0,3,2,3,2,95.4,17.5,45.6,66.4
5,27,141,30,0,0,0,0,3,1,3,1,6.0,47.6,250.8,53.0
49,112,190,27,0,1,2,0,1,2,0,2,87.2,201.1,345.0,46.6
50,43,60,101,1,1,1,3,0,1,0,2,91.5,77.9,109.5,184.3
25,21,66,28,1,3,1,2,0,3,2,2,46.5,39.300000000000004,118.3,51.4
41,50,117,54,0,0,0,1,1,3,1,0,72.8,87.0,209.6,98.7
67,40,10,9,1,1,3,1,2,3,0,2,120.10000000000001,70.5,22.5,15.7
156,194,23,176,0,3,2,2,1,1,3,0,279.8,352.7,41.4,319.8
67,49,68,71,2,3,2,1,3,1,0,1,120.60000000000001,91.7,125.4,128.3
39,14,33,20,3,1,3,0,3,3,1,3,71.7,23.7,62.9,33.0
24,99,174,26,1,1,3,1,2,0,3,3,42.7,179.70000000000002,314.7,45.300000000000004
24,40,23,35,3,3,0,1,0,3,3,0,47.7,73.5,38.4,64.5
4,38,55,102,3,0,3,3,3,2,0,0,8.7,66.4,103.5,188.1
45,135,21,178,2,0,2,2,3,1,3,1,81.0,242.0,37.800000000000004,322.40000000000003
6,28,45,196,3,0,1,1,0,0,1,0,15.3,50.4,81.5,354.3
27,33,190,40,3,1,1,1,2,2,0,2,51.1,58.9,343.5,71.5
27,14,27,4,0,2,1,1,1,1,0,0,47.6,27.2,50.1,8.7
51,49,22,58,1,1,2,0,3,0,3,1,90.3,89.7,39.6,103.4
59,108,178,23,3,2,2,3,0,3,0,2,110.7,194.4,323.40000000000003,43.9
7,40,27,74,3,2,0,1,1,0,1,2,16.1,75.0,47.6,132.70000000000002
65,69,17,47,0,0,3,3,2,0,0,2,115.0,124.2,35.1,87.10000000000001
182,39,160,90,0,2,2,3,2,2,2,2,325.6,71.2,289.0,164.5
53,22,106,83,0,1,1,3,0,2,3,3,95.4,39.1,189.3,150.9
186,48,130,42,3,3,1,2,3,3,2,1,336.3,87.9,233.5,77.60000000000001
26,16,158,44,1,3,3,1,1,0,1,2,47.300000000000004,33.3,287.90000000000003,78.7
79,7,55,18,0,0,1,0,3,2,2,1,139.20000000000002,10.6,98.5,31.4
69,79,16,18,2,3,3,1,0,2,0,2,127.2,144.70000000000002,33.3,31.9
57,95,56,37,2,2,1,0,0,3,3,3,105.60000000000001,171.0,99.3,63.60000000000001
41,11,48,73,2,3,1,0,3,0,1,1,73.8,24.3,86.9,130.4
120,52,45,18,2,0,0,1,3,3,3,3,216.0,90.60000000000001,78.0,30.9
51,72,42,17,0,2,1,2,2,2,3,0,89.8,130.6,74.10000000000001,33.6
51,68,7,9,0,2,3,1,0,0,3,1,91.8,125.4,14.100000000000001,16.7
52,49,8,175,0,2,3,1,3,3,1,1,90.60000000000001,88.2,17.9,315.5
62,58,1,47,0,0,2,3,2,2,0,0,109.60000000000001,102.4,4.8,89.10000000000001
60,28,55,41,0,2,0,3,2,3,0,2,106.0,50.4,99.0,76.3
56,1,0,191,3,3,2,2,3,3,2,3,102.3,3.3,0.0,343.8
61,26,136,173,2,0,3,2,3,3,2,1,109.8,43.800000000000004,247.3,313.40000000000003
62,61,40,155,0,3,3,2,1,0,0,0,110.60000000000001,114.3,76.5,282.0
11,7,52,170,2,1,1,0,2,0,2,2,20.8,14.1,93.10000000000001,304.0
29,28,9,11,2,2,1,3,3,1,0,2,52.2,52.4,17.7,22.3
29,28,44,69,1,0,2,2,2,2,2,2,51.7,48.4,80.2,125.2
32,59,10,8,3,2,3,3,1,2,0,2,61.1,107.2,22.5,16.9
24,118,7,10,2,2,1,0,3,0,0,2,43.2,215.4,14.1,16.0
38,34,69,25,3,1,3,3,1,0,3,0,71.9,62.7,125.69999999999999,49.5
53,45,41,137,2,3,0,2,0,2,2,2,98.4,83.5,71.8,247.6
22,53,28,11,0,1,1,2,3,0,1,1,36.6,96.9,50.9,21.8
43,1,122,28,1,3,2,1,3,3,2,2,75.9,3.3,220.6,49.9
122,106,5,7,1,0,3,0,1,2,2,2,220.1,188.8,11.5,10.6
68,195,35,6,2,3,2,1,0,2,1,1,125.4,353.5,65.0,11.3
82,9,5,70,1,2,3,0,3,2,3,1,146.1,17.2,10.5,125.0
14,128,34,66,3,3,0,3,0,1,0,2,29.7,233.9,61.2,121.3
11,27,48,28,0,1,0,1,1,0,2,1,18.8,50.1,84.4,50.9
151,197,56,14,2,3,1,0,3,3,0,0,271.8,356.1,102.3,25.2
4,111,65,33,0,0,1,2,3,1,2,2,4.2,198.8,116.5,60.4
12,50,45,44,1,1,1,0,0,3,1,3,23.1,88.5,81.5,76.2
46,54,60,49,3,3,1,3,2,3,0,0,85.3,98.7,109.5,92.7
50,28,62,9,2,0,2,0,2,3,0,0,91.0,47.4,114.60000000000001,16.2
89,57,2,130,3,0,3,0,1,2,2,1,163.70000000000002,100.60000000000001,6.1,233.0
50,143,113,197,3,0,0,2,3,1,0,3,91.5,256.40000000000003,203.4,354.6
44,118,5,0,0,0,2,2,2,1,3,2,77.2,211.4,9.0,0.0
4,43,63,197,3,1,0,0,0,0,1,0,11.7,78.9,112.4,354.6
149,146,50,0,3,0,3,2,0,1,0,2,272.7,261.8,94.5,0.0
23,31,68,37,3,1,2,1,1,0,2,3,44.9,57.300000000000004,123.4,65.10000000000001
34,26,43,43,3,0,1,3,1,0,0,3,64.7,46.800000000000004,78.9,78.9
3,32,163,36,1,0,1,2,1,0,3,2,5.9,57.6,291.90000000000003,65.8
21,131,120,46,3,0,0,1,2,3,1,2,40.300000000000004,232.8,215.0,82.3
32,55,47,45,3,2,3,2,1,1,2,3,61.1,101.0,87.10000000000001,81.0
44,68,39,22,3,0,0,0,0,3,0,3,83.7,119.4,70.2,36.6
19,51,3,39,1,1,2,2,2,1,0,1,33.7,92.3,8.4,72.2
58,5,63,45,0,3,2,2,1,1,3,2,103.4,12.5,113.4,82.0
59,24,38,5,0,1,2,0,3,0,2,1,103.2,44.7,69.4,8.0
133,70,129,59,2,3,3,3,2,0,0,2,240.4,130.5,236.70000000000002,108.7
74,51,38,31,0,0,3,0,0,2,2,3,133.20000000000002,89.8,70.9,52.800000000000004
48,26,16,38,1,1,3,3,1,2,3,3,86.9,46.300000000000004,30.299999999999997,69.9
31,13,25,148,0,2,3,0,0,3,2,2,55.800000000000004,23.400000000000002,47.5,264.40000000000003
146,65,24,164,0,0,3,3,2,1,1,3,260.8,116.0,46.7,296.7
17,190,4,43,3,3,1,3,3,2,3,0,32.1,344.5,5.699999999999999,81.9
153,56,30,20,2,2,0,2,3,0,3,2,275.40000000000003,103.8,51.0,37.0
14,59,11,138,2,3,0,1,1,3,0,2,27.2,107.7,19.8,247.9
14,190,132,28,3,2,1,0,1,1,3,3,28.7,344.0,236.1,47.4
33,81,121,150,3,3,2,2,2,1,1,2,61.9,149.3,219.8,271.0
63,57,140,58,0,1,3,0,1,2,2,0,112.4,102.10000000000001,254.5,104.4
16,56,53,107,2,0,2,0,3,0,1,0,28.8,100.8,97.4,192.6
0,16,107,49,0,2,2,1,2,0,3,1,0.0,31.8,192.6,88.7
135,56,13,39,1,0,0,0,3,3,0,3,241.5,97.8,23.400000000000002,67.2
52,47,26,98,0,3,3,0,0,0,0,3,93.60000000000001,89.10000000000001,51.300000000000004,173.4
32,74,53,66,3,3,3,2,0,0,3,0,62.1,137.70000000000002,96.9,121.8
196,3,156,120,0,3,3,2,0,2,1,0,352.8,7.9,284.3,219.0
160,50,177,140,0,1,1,2,3,0,2,3,285.0,91.5,318.1,252.0
13,8,40,97,2,1,3,2,2,1,1,0,24.400000000000002,14.9,75.5,177.6
127,47,177,52,0,0,0,2,1,1,1,1,227.6,83.60000000000001,317.6,95.60000000000001
32,7,83,18,2,3,0,1,3,0,2,2,57.6,17.1,147.4,31.9
162,11,49,29,3,1,3,3,3,2,3,2,293.1,19.3,89.7,54.7
153,36,50,173,2,0,3,3,1,3,1,2,277.40000000000003,61.8,93.5,313.90000000000003
21,16,15,62,3,0,2,2,2,0,0,1,40.300000000000004,28.8,30.0,113.60000000000001
11,67,34,35,1,2,1,0,1,1,0,1,20.3,122.60000000000001,62.7,62.0
22,126,2,49,1,0,0,2,0,2,3,2,41.1,224.8,0.6000000000000001,89.2
64,22,145,6,1,1,0,2,3,3,3,3,113.7,38.1,258.0,10.8
20,58,14,61,3,1,1,0,2,1,2,3,38.5,104.9,24.7,106.8
34,68,17,56,1,2,3,3,3,3,3,2,59.7,122.4,32.1,103.3
60,159,41,55,0,2,3,3,1,2,0,0,107.0,287.2,78.3,103.5
51,67,67,66,0,3,3,0,0,2,1,3,91.8,123.10000000000001,124.10000000000001,115.8
68,25,70,49,2,1,0,1,2,3,3,0,123.4,43.5,123.0,89.7
3,170,50,79,3,2,0,3,2,3,0,0,7.9,306.0,90.0,146.70000000000002
21,55,35,114,3,2,0,2,0,2,2,0,42.300000000000004,100.0,61.0,208.20000000000002
38,52,62,15,0,3,1,3,0,1,3,0,68.4,97.10000000000001,110.10000000000001,31.5
3,0,49,178,2,1,1,3,1,2,2,0,7.4,0.0,87.7,324.90000000000003
61,116,59,8,1,1,0,0,0,1,0,1,111.3,209.3,106.2,13.4
3,64,48,4,2,1,1,3,0,3,3,0,8.4,113.7,84.9,11.7
5,74,63,53,2,2,3,0,0,2,3,3,12.0,134.20000000000002,114.9,92.4
36,129,13,11,3,0,1,2,0,0,0,0,69.3,232.20000000000002,24.900000000000002,22.8
3,1,95,77,2,0,1,2,1,2,1,1,7.4,0.0,171.5,140.6
32,139,7,19,0,3,2,1,3,1,2,2,54.6,253.70000000000002,13.6,33.7
37,9,16,3,0,3,0,3,1,2,3,3,65.60000000000001,18.7,25.8,6.9
5,66,4,32,2,1,1,3,2,3,2,3,10.0,117.3,6.699999999999999,59.1
10,67,9,14,3,1,3,3,2,2,0,0,20.5,120.10000000000001,20.7,29.7
11,12,63,39,2,3,1,3,3,1,1,0,19.8,25.1,113.9,74.7
2,9,44,27,1,1,3,1,3,1,2,0,2.0999999999999996,16.7,81.7,50.1
13,111,187,53,3,2,2,2,2,2,1,1,25.900000000000002,200.8,338.6,97.4
22,29,39,56,0,0,1,0,2,2,1,0,37.6,50.2,70.7,100.8
167,2,52,191,2,2,0,2,0,3,2,0,303.6,3.5999999999999996,91.60000000000001,346.8
56,57,39,41,3,0,0,2,3,0,0,1,102.3,102.60000000000001,70.2,75.8
27,108,46,45,0,2,0,1,1,1,1,3,47.6,196.4,81.8,79.5
43,67,89,63,2,1,2,1,3,1,1,3,77.4,121.10000000000001,162.20000000000002,111.9
94,29,39,12,3,0,0,3,2,3,2,2,171.70000000000002,49.2,68.2,24.1
7,40,56,22,2,3,3,2,0,2,2,2,15.6,74.5,103.3,40.6
37,166,21,4,1,3,3,1,3,2,1,0,65.10000000000001,301.3,41.300000000000004,8.7
1,23,67,32,0,1,2,2,1,0,2,0,0.8,42.9,121.60000000000001,60.6
108,24,30,141,3,0,1,3,3,0,2,2,195.9,43.2,53.5,256.3
76,13,34,47,1,0,1,2,2,2,1,1,136.3,21.400000000000002,61.7,86.60000000000001
80,21,64,68,3,1,0,0,0,0,0,0,148.5,39.300000000000004,115.2,122.4
65,59,41,41,0,1,0,3,2,3,1,2,115.0,104.7,72.8,76.3
4,41,52,61,2,2,1,3,0,1,1,3,10.2,75.8,94.10000000000001,111.3
88,70,73,118,2,1,2,3,3,2,1,1,158.4,125.5,133.4,215.9
27,1,25,53,1,1,1,1,1,0,0,3,49.1,3.3,46.5,93.9
65,66,42,9,1,0,3,0,2,3,2,1,116.5,115.8,78.10000000000001,15.2
65,6,25,41,2,0,3,1,3,1,1,3,117.0,9.8,48.5,72.3
69,50,46,34,2,2,3,3,0,1,0,0,127.2,92.0,87.3,65.7
194,88,3,105,1,2,2,1,1,1,2,3,349.7,160.4,6.4,187.5
167,69,20,16,1,1,0,1,2,1,1,3,300.1,124.7,35.0,27.3
75,61,54,28,0,1,1,2,0,3,3,1,135.0,108.3,95.7,52.4
47,57,63,4,1,0,3,2,3,1,0,2,83.10000000000001,101.60000000000001,117.9,8.2
43,15,19,49,1,2,3,0,1,1,3,1,77.9,29.0,35.7,87.2
38,14,115,57,1,0,2,0,3,3,2,3,66.9,22.2,208.0,99.60000000000001
63,63,100,200,0,3,3,0,3,0,1,0,110.4,117.9,183.5,360.0
44,27,42,43,1,0,3,3,0,3,3,2,80.7,45.6,77.10000000000001,79.9
150,27,37,6,0,2,1,3,2,3,3,3,268.0,48.6,65.10000000000001,12.3
58,18,28,4,2,1,1,3,3,0,3,1,104.4,33.9,48.9,10.7
112,4,4,6,2,1,3,0,0,0,1,2,204.6,8.7,10.7,8.8
70,65,58,5,2,1,1,2,2,2,3,2,127.0,116.5,102.9,10.0
29,63,40,1,0,3,3,0,0,1,0,1,52.2,116.9,76.5,0.8
96,63,40,48,0,1,3,1,3,0,3,2,169.8,114.9,73.5,85.9
28,148,12,69,0,1,0,1,0,2,1,3,50.4,265.90000000000003,20.6,122.7
1,14,11,107,2,0,1,2,0,3,1,0,4.8,22.2,20.3,195.6
52,94,174,123,1,3,2,3,0,0,0,3,95.10000000000001,173.70000000000002,316.2,222.9
147,45,57,55,1,1,2,0,1,3,0,1,265.1,79.5,105.60000000000001,98.0
58,104,25,52,2,2,1,0,3,3,3,1,104.4,187.20000000000002,43.5,92.60000000000001
51,12,70,43,0,3,1,2,2,1,2,0,89.8,25.1,125.5,80.4
65,16,59,38,1,0,1,0,2,1,0,2,116.5,27.8,107.7,66.4
32,11,113,20,1,0,0,2,2,1,3,0,57.1,18.8,200.4,39.0
52,7,136,123,3,0,2,3,0,1,0,0,98.10000000000001,11.6,247.8,225.9
37,25,32,59,3,1,3,1,2,0,0,1,69.10000000000001,46.5,62.1,106.7
57,107,55,75,0,0,1,2,0,3,3,0,102.60000000000001,189.6,97.5,138.0
111,11,53,29,3,1,2,0,0,2,0,2,204.3,19.3,98.4,50.2
169,137,33,20,2,1,0,3,3,0,1,2,304.2,248.1,58.4,38.5
200,33,72,130,3,1,2,3,3,0,0,1,361.5,60.9,132.6,237.5
146,1,54,23,1,1,0,3,3,3,1,2,261.3,0.2999999999999998,96.2,43.9
34,18,39,70,0,1,2,2,1,0,3,1,60.2,33.9,70.2,128.0
45,42,52,102,0,0,0,3,0,2,2,3,81.0,73.60000000000001,91.60000000000001,185.1
10,168,16,48,2,1,0,3,1,2,3,0,20.0,301.90000000000003,25.8,90.9
24,75,2,35,0,0,2,3,1,1,1,0,42.2,134.0,5.6,67.5
76,60,51,57,1,0,3,0,0,0,3,3,138.3,108.0,93.3,99.60000000000001
3,70,62,43,0,3,0,3,3,0,2,2,2.4000000000000004,130.5,109.60000000000001,79.9
55,20,124,36,3,0,3,3,0,0,3,2,103.5,36.0,224.70000000000002,67.3
64,32,7,13,0,1,1,1,0,3,0,2,115.2,56.1,14.1,22.900000000000002
63,39,68,118,0,2,2,3,3,3,0,2,110.4,70.2,125.4,214.9
25,41,47,26,1,1,2,2,3,1,0,1,43.5,74.3,87.60000000000001,48.800000000000004
3,61,5,51,2,1,3,0,2,2,1,0,6.4,109.3,12.5,91.8
46,62,25,44,3,0,0,1,0,3,0,2,87.3,108.60000000000001,45.0,78.7
19,25,176,150,1,0,3,0,2,3,1,2,33.7,42.0,320.3,268.0
130,29,22,12,3,0,1,1,0,3,0,0,238.5,49.2,41.1,23.1
46,70,31,20,0,0,1,0,3,2,1,1,79.8,124.0,56.300000000000004,35.0
30,173,189,49,2,3,2,2,3,1,3,2,54.0,314.90000000000003,340.2,89.2
26,140,13,8,1,1,1,2,3,3,2,2,45.300000000000004,250.5,22.900000000000002,15.399999999999999
31,40,1,61,0,0,1,0,2,0,2,2,53.800000000000004,72.0,1.2999999999999998,107.8
21,173,17,159,3,3,3,2,0,0,0,2,42.300000000000004,315.90000000000003,35.1,287.2
189,97,41,8,0,3,3,1,3,0,0,1,337.2,179.1,78.3,14.9
66,58,67,3,2,3,2,0,2,2,1,3,119.8,106.9,122.60000000000001,2.4000000000000004
19,64,31,13,3,1,1,0,0,2,3,2,38.7,114.7,54.300000000000004,21.400000000000002
7,70,21,16,2,3,0,3,0,2,3,3,15.6,128.5,34.800000000000004,30.299999999999997
144,48,6,28,3,3,3,0,1,1,2,2,262.7,89.9,13.3,48.4
15,7,163,51,0,3,3,0,0,3,2,3,27.0,14.100000000000001,295.90000000000003,88.8
188,19,48,30,1,1,0,2,0,3,0,2,339.90000000000003,32.7,86.4,55.0
12,27,105,191,3,3,1,0,2,0,2,0,24.1,53.1,188.5,343.8
42,29,52,32,3,0,3,1,2,3,1,2,78.10000000000001,49.2,97.10000000000001,57.1
36,39,43,0,2,1,0,0,2,3,0,1,65.8,68.7,77.4,0.0
30,171,10,49,1,3,3,1,0,2,1,2,55.5,310.3,21.5,87.7
26,27,143,7,2,3,3,0,2,3,2,2,47.800000000000004,50.1,259.90000000000003,10.6
84,6,173,25,2,3,0,3,3,2,0,2,151.20000000000002,13.3,311.40000000000003,47.5
51,46,3,68,3,2,1,0,0,1,3,0,96.3,84.8,3.9000000000000004,122.4
106,56,44,50,1,0,3,0,3,2,1,0,189.3,98.8,82.7,90.0
176,47,61,112,0,2,1,1,3,1,1,1,313.8,86.60000000000001,110.3,202.1
36,55,57,14,1,0,2,3,1,1,2,3,65.3,98.0,103.60000000000001,26.7
123,66,30,128,1,0,3,2,1,1,3,1,221.9,117.8,55.5,232.4
35,53,63,8,2,3,3,1,3,0,1,1,63.0,99.9,116.9,14.9
9,1,47,22,1,1,3,3,0,3,1,0,17.7,0.2999999999999998,88.10000000000001,44.1
40,55,46,57,1,1,1,1,3,3,1,1,70.5,97.5,83.3,103.10000000000001
43,19,63,2,3,2,3,2,1,3,0,0,80.9,34.2,117.9,6.6
1,18,11,50,1,1,1,1,1,1,2,1,2.3,32.9,19.3,90.5
0,7,56,41,3,2,3,3,2,0,1,1,0.0,15.6,104.3,77.3
52,22,40,55,1,3,3,3,1,2,0,2,94.10000000000001,42.1,76.5,101.5
123,43,2,161,0,1,2,1,3,3,1,2,218.4,75.9,5.6,289.3
13,28,63,151,3,1,1,0,3,0,2,2,24.900000000000002,51.9,112.9,269.8
78,69,69,26,2,2,1,0,2,1,3,0,141.4,126.2,122.7,46.800000000000004
44,70,180,30,0,0,2,1,1,3,0,2,78.2,123.0,327.0,53.5
90,49,25,175,3,1,3,3,3,0,3,0,163.5,89.7,46.5,319.5
53,189,15,26,2,0,0,3,2,1,2,2,96.4,339.2,25.0,49.300000000000004
69,189,56,38,2,2,0,2,0,2,3,3,127.2,341.2,97.8,68.4
43,132,70,28,3,0,2,1,0,2,1,2,81.9,235.6,128.0,49.9
32,70,60,41,3,3,0,2,0,0,0,3,62.1,130.5,108.0,73.8
65,58,24,69,3,2,0,1,3,0,0,0,118.5,107.4,43.2,125.7
12,13,50,4,3,0,3,3,0,0,1,2,26.1,23.400000000000002,93.5,9.7
60,69,25,85,0,3,0,1,2,0,1,2,106.0,128.7,44.0,152.5
11,178,50,11,3,3,1,1,1,2,2,1,23.3,322.90000000000003,89.5,20.3
138,19,11,66,2,3,2,0,2,2,2,3,249.4,36.7,20.8,115.8
70,49,64,67,0,1,1,3,3,0,3,0,123.0,89.7,113.7,125.10000000000001
109,42,49,65,1,1,3,2,1,0,1,0,196.70000000000002,77.10000000000001,91.7,120.0
55,3,57,55,0,0,1,1,3,0,3,3,96.0,5.4,101.10000000000001,97.5
80,45,168,70,0,3,3,1,3,0,1,3,141.0,85.5,305.90000000000003,124.5
9,52,11,95,0,1,0,3,1,3,0,2,15.2,92.10000000000001,19.8,173.5
15,11,32,184,1,2,0,2,1,1,3,0,27.5,21.8,54.6,334.2
14,122,23,0,2,3,1,2,3,3,3,2,25.2,221.1,39.9,0.0
8,113,171,171,0,2,0,0,3,1,3,1,11.4,205.4,304.8,306.8
185,155,11,41,1,1,2,3,3,0,2,2,331.5,280.5,20.8,76.3
41,33,31,53,0,1,3,2,3,0,2,2,70.8,60.9,58.300000000000004,96.4
36,11,75,14,2,1,2,0,2,3,2,1,65.8,18.3,136.0,24.2
60,51,103,189,3,2,1,3,0,1,1,0,112.5,93.8,185.9,344.7
78,41,6,162,0,3,0,2,2,1,2,2,138.4,77.3,8.8,292.6
143,57,66,41,3,1,0,2,0,2,0,2,261.90000000000003,102.10000000000001,118.8,74.8
51,40,200,46,0,0,3,2,1,0,2,1,90.8,72.0,362.5,84.8
28,46,18,29,0,3,2,1,2,0,1,3,48.4,87.3,34.4,50.7
161,18,78,44,0,1,1,1,0,0,1,2,289.8,33.9,140.9,78.7
19,3,31,39,1,1,0,2,0,0,3,3,35.7,6.9,52.800000000000004,70.2
198,15,59,30,0,3,2,3,1,1,2,3,355.40000000000003,30.5,107.2,55.5
20,52,87,188,1,1,0,1,1,1,0,2,36.5,94.10000000000001,156.6,337.90000000000003
9,31,66,38,2,2,1,2,2,3,2,3,17.2,55.800000000000004,118.3,68.4
58,63,17,6,3,2,1,2,3,3,3,2,105.9,113.4,29.1,11.8
41,31,25,47,2,2,3,3,3,0,2,2,73.8,58.800000000000004,47.5,87.10000000000001
59,20,22,16,1,0,2,2,3,0,1,3,104.7,36.0,41.6,28.8
127,47,59,52,1,1,2,0,3,1,0,1,227.1,85.10000000000001,109.2,92.60000000000001
43,22,38,171,0,2,1,0,1,1,1,1,76.4,41.6,68.9,306.8
61,24,3,45,0,2,2,1,3,0,1,2,106.8,46.2,7.4,80.5
78,152,0,16,2,3,1,1,0,3,2,0,143.4,275.1,0.0,30.3
21,68,7,2,0,0,0,0,1,0,3,0,36.800000000000004,122.4,9.6,3.6
34,66,27,46,1,0,0,2,0,3,3,1,62.7,115.8,45.6,84.8
51,34,22,22,2,0,1,2,0,0,1,2,94.8,61.2,40.1,40.6
31,26,51,133,3,3,2,0,1,0,2,0,59.300000000000004,51.300000000000004,92.8,239.4
86,15,3,37,0,2,0,1,2,2,2,2,152.8,28.0,3.4000000000000004,66.10000000000001
17,122,64,60,0,3,2,3,2,2,0,1,28.6,222.1,118.2,111.5
6,25,200,56,1,1,1,3,1,1,1,3,11.3,45.5,360.5,102.3
144,61,7,42,3,1,0,2,3,3,1,3,260.7,108.3,11.6,75.60000000000001
34,23,38,140,0,3,2,3,2,2,3,2,59.2,43.9,68.4,254.5
44,33,52,67,0,1,3,1,0,0,3,2,79.2,60.9,95.10000000000001,120.10000000000001
57,37,163,140,1,0,1,3,3,2,2,1,101.10000000000001,64.60000000000001,292.90000000000003,255.5
21,164,34,66,2,3,3,0,1,3,1,3,39.800000000000004,296.7,64.7,115.8
6,70,26,107,0,3,2,1,3,2,3,3,7.800000000000001,128.5,46.800000000000004,191.1
140,92,30,28,0,2,1,1,0,0,3,0,252.0,168.6,52.5,51.9
59,25,38,35,3,3,0,1,3,1,1,3,107.7,48.5,67.4,61.5
147,35,1,38,2,2,1,1,0,2,2,1,267.6,64.0,1.2999999999999998,68.9
52,18,10,150,2,3,2,1,1,3,1,3,95.60000000000001,33.9,20.0,268.5
66,19,46,47,0,1,2,0,2,1,1,1,116.8,34.7,84.8,83.60000000000001
69,53,22,43,1,2,0,1,0,2,0,2,125.7,96.4,39.6,76.9
40,51,3,76,2,3,1,0,3,3,2,3,72.0,93.3,4.9,133.8
64,21,2,49,3,0,1,1,1,1,1,3,118.7,36.800000000000004,4.1,86.7
58,66,181,14,2,0,1,2,2,2,1,3,105.4,116.8,326.3,25.2
88,58,38,45,0,3,2,1,2,0,0,0,156.4,108.9,71.4,82.5
49,5,51,43,0,2,0,0,1,0,2,1,87.2,12.0,89.8,76.4
9,65,17,130,0,3,3,3,2,3,3,2,14.2,118.5,32.1,236.5
21,110,33,87,2,2,2,3,3,1,0,0,37.800000000000004,200.0,62.4,161.1
70,12,43,54,1,1,1,3,2,0,1,2,125.5,23.1,77.9,99.7
6,50,78,38,2,2,1,0,2,0,1,1,11.8,93.0,140.9,67.4
45,11,6,26,3,3,0,2,3,3,3,3,82.5,21.3,7.800000000000001,46.800000000000004
68,58,170,179,3,0,2,2,1,3,3,3,125.9,101.4,306.0,322.2
60,19,12,42,0,1,3,3,3,2,0,1,105.0,33.7,26.1,79.10000000000001
1,33,76,13,3,0,2,3,3,2,1,1,3.3,57.4,138.8,26.900000000000002
111,64,70,10,1,1,1,1,3,1,2,2,198.3,115.7,125.5,17.5
43,39,61,11,1,3,3,2,2,2,3,0,76.9,72.7,111.3,22.8
43,30,0,38,3,2,3,1,2,0,1,3,79.9,57.0,0.0,66.9
110,38,172,46,3,1,1,1,0,2,3,1,202.5,67.9,308.1,83.3
10,25,55,17,2,2,2,1,3,3,2,3,18.0,45.0,100.0,29.1
149,122,65,44,0,3,3,3,0,3,2,1,268.2,221.1,119.5,82.7
43,3,42,48,2,1,2,3,3,3,3,1,77.4,3.9000000000000004,75.60000000000001,89.9
41,56,5,30,0,2,1,0,3,1,3,1,70.8,102.8,7.5,53.0
135,18,12,40,1,0,2,1,0,3,3,3,244.5,29.4,21.6,70.5
44,44,14,3,2,3,2,2,3,3,3,1,79.2,80.7,25.2,7.4
19,67,62,143,2,3,1,2,1,1,3,2,36.2,124.10000000000001,110.10000000000001,258.40000000000003
53,67,53,29,2,0,2,1,0,3,3,3,98.4,117.60000000000001,95.4,50.7
61,62,43,12,1,2,3,2,1,1,0,2,110.3,113.60000000000001,81.9,22.6
59,56,191,150,3,2,1,2,3,0,1,2,107.7,103.8,344.3,271.0
24,176,55,48,2,2,0,0,3,3,2,2,43.2,316.8,97.0,84.4
179,39,59,36,2,0,1,2,2,2,1,1,323.2,68.2,106.7,66.8
152,53,166,200,1,1,1,3,2,0,3,2,273.1,96.9,297.3,362.5
200,9,116,64,0,1,0,1,2,1,1,0,358.0,16.7,207.8,116.7
195,22,58,68,0,3,0,3,0,2,2,2,351.0,42.1,102.4,124.9
86,38,22,146,0,1,2,1,2,0,0,2,152.8,69.9,42.6,262.3
19,32,54,68,2,3,2,3,0,2,1,3,37.2,60.1,99.2,123.9
53,15,2,23,2,0,2,1,3,0,2,0,95.4,27.0,4.6,42.9
38,17,60,30,3,1,0,2,0,3,2,3,72.9,29.1,106.0,54.0
52,195,83,44,1,2,3,1,0,1,1,3,95.10000000000001,353.0,152.9,77.7
18,34,66,65,1,1,2,1,0,3,3,0,33.9,59.7,118.8,118.5
41,49,63,189,1,2,2,2,2,3,0,0,73.3,88.2,116.4,343.2
38,148,60,25,3,2,3,0,3,3,3,0,69.9,266.40000000000003,109.5,45.0
41,28,70,32,2,1,0,3,3,2,2,3,73.8,49.9,124.0,59.1
20,58,57,8,1,0,3,0,0,0,2,1,37.5,104.4,105.10000000000001,13.4
84,36,45,62,2,3,3,2,2,2,0,1,152.20000000000002,67.3,85.5,113.60000000000001
32,50,54,65,2,2,3,3,3,2,1,3,57.6,91.0,100.7,118.5
6,72,16,7,1,2,0,3,2,3,2,1,10.3,129.6,26.8,16.1
31,159,37,159,0,0,2,1,2,3,2,1,53.800000000000004,283.2,67.60000000000001,286.7
52,38,43,50,1,2,2,3,0,0,1,2,95.10000000000001,71.4,79.4,92.5
93,50,36,27,3,3,0,0,3,1,1,1,168.9,93.5,63.8,47.6
11,51,1,43,1,0,3,3,2,1,0,3,19.3,90.8,6.3,78.9
29,55,10,39,3,1,3,0,3,2,3,2,53.7,98.5,19.5,68.2
15,170,152,9,2,0,0,0,2,0,3,1,28.0,306.0,270.6,15.2
56,68,32,22,3,1,2,0,0,0,2,2,105.3,123.9,58.6,37.6
9,51,28,17,2,3,1,3,0,0,1,3,19.2,96.3,50.9,32.1
172,119,64,40,1,2,3,2,1,0,3,1,310.1,217.20000000000002,116.7,74.0
42,16,53,55,3,3,1,3,3,2,1,2,77.10000000000001,31.299999999999997,95.9,101.5
107,70,57,18,0,0,3,0,1,0,3,0,191.6,126.0,104.10000000000001,32.4
37,35,69,5,3,0,0,1,2,2,0,0,69.10000000000001,61.0,124.2,10.5
48,11,45,56,3,0,0,3,3,3,0,0,87.9,16.8,81.0,105.3
176,7,43,12,0,2,0,0,2,3,0,2,314.8,12.6,77.4,19.6
19,28,98,67,3,0,1,2,3,2,3,1,35.7,48.4,174.9,122.60000000000001
125,16,58,101,3,1,2,3,1,0,0,0,228.5,30.3,107.4,186.3
4,30,95,109,1,1,1,2,1,2,3,1,7.699999999999999,53.5,169.5,198.20000000000002
4,100,49,4,1,3,1,2,1,2,0,3,7.699999999999999,182.5,89.7,7.199999999999999
62,61,0,55,1,1,2,3,1,3,3,1,112.10000000000001,108.3,0.0,102.5
68,50,6,110,3,1,0,1,0,2,2,3,126.9,89.5,8.8,196.5
51,32,11,55,0,3,0,3,0,2,1,1,91.8,60.1,18.8,102.5
16,18,197,40,1,0,2,3,0,1,1,3,30.3,31.4,356.6,73.5
73,5,76,13,3,2,0,3,3,1,1,3,132.9,11.0,135.8,24.900000000000002
46,55,53,27,0,3,0,0,2,0,2,3,80.8,103.5,93.4,45.6
46,54,37,20,0,1,0,0,1,2,3,2,81.8,96.7,63.60000000000001,34.0
53,52,61,34,1,2,2,1,1,1,2,0,95.9,95.60000000000001,110.8,62.7
35,28,15,32,3,3,2,3,1,1,3,3,66.5,53.9,27.0,59.1
17,60,10,59,1,3,1,0,3,3,2,1,29.1,109.5,17.5,105.2
20,68,68,15,1,3,2,2,1,1,3,0,36.5,125.9,122.4,30.0
61,55,0,13,2,3,0,3,1,2,2,1,111.8,101.5,0.0,26.900000000000002
24,2,56,34,2,1,3,0,3,2,0,2,43.2,3.0999999999999996,105.3,59.2
31,68,68,59,0,1,2,1,0,2,2,1,55.800000000000004,121.9,123.4,106.7
44,26,62,94,1,2,2,2,0,0,3,3,80.7,49.800000000000004,111.60000000000001,169.20000000000002
30,39,8,62,3,1,0,2,1,0,2,3,57.5,71.7,12.4,111.60000000000001
141,54,58,179,0,3,3,2,0,0,1,1,253.8,101.7,107.9,324.2
59,24,28,151,2,2,0,2,1,0,0,2,108.2,46.2,50.4,272.8
64,11,81,57,3,1,0,3,3,0,3,1,116.7,21.3,142.8,106.10000000000001
29,112,23,5,3,0,2,2,1,3,0,3,55.7,198.6,44.4,9.0
60,3,8,137,2,3,1,1,0,1,0,1,111.0,8.9,15.9,247.1
44,43,5,21,0,0,0,1,0,1,0,2,79.2,76.4,9.0,37.300000000000004
68,12,11,41,3,1,0,2,1,2,3,2,125.9,21.1,16.8,74.8
113,61,34,117,0,2,1,2,1,0,0,1,202.4,112.8,62.7,212.6
40,194,57,29,2,1,3,0,2,3,0,0,73.0,347.7,107.10000000000001,52.2
113,59,44,6,0,3,1,3,2,2,0,0,201.4,108.7,80.7,15.3
162,114,68,49,0,3,1,0,1,0,2,3,290.6,209.70000000000002,121.9,85.2
52,13,41,24,3,3,0,2,1,2,1,2,97.10000000000001,25.900000000000002,72.8,44.2
34,15,180,66,2,1,3,0,3,1,2,3,61.2,27.5,326.5,115.8
177,4,32,8,0,0,1,1,1,2,0,3,317.6,5.2,59.1,12.9
43,70,21,50,3,0,1,2,0,1,0,1,81.9,125.0,39.300000000000004,92.0
186,34,64,68,1,3,3,1,2,2,1,1,334.3,63.7,118.7,122.9
29,68,33,24,0,0,0,0,0,3,0,0,52.2,119.4,59.4,43.2
55,27,41,42,1,0,2,0,3,2,1,0,97.5,46.6,75.8,75.60000000000001
15,42,69,50,2,0,3,0,2,1,1,3,28.0,74.60000000000001,127.69999999999999,87.0
10,68,16,2,0,2,0,0,3,1,3,0,15.0,124.4,25.8,3.6
6,22,36,53,3,0,1,0,3,0,3,1,12.3,39.6,63.3,94.4
66,40,33,36,2,2,2,1,1,1,3,3,120.8,74.0,59.4,63.3
38,20,48,12,0,2,0,0,3,2,1,1,65.4,37.0,85.4,20.6
23,64,4,55,3,3,0,2,1,0,2,3,44.9,119.7,5.2,99.0
42,58,32,26,0,0,0,3,1,0,1,1,74.60000000000001,104.4,56.6,50.300000000000004
63,11,165,184,0,3,3,1,1,2,0,1,112.4,22.3,301.5,331.7
141,132,8,60,3,2,0,0,1,2,2,3,257.3,238.6,12.4,105.0
134,16,14,55,0,2,1,1,3,0,2,2,238.20000000000002,31.8,24.7,98.5
32,196,54,44,1,3,1,3,2,0,0,1,57.1,357.3,98.7,82.7
28,2,52,171,3,3,2,1,1,3,1,0,53.9,5.1,95.60000000000001,309.3
32,22,65,15,3,3,2,1,0,1,2,2,62.1,43.1,118.0,26.5
23,39,25,39,2,1,0,0,2,3,0,1,42.4,68.7,45.0,69.2
81,193,3,45,1,3,3,0,0,3,1,1,147.3,348.90000000000003,8.9,80.0
36,49,0,66,0,1,0,3,2,1,0,3,62.8,88.7,0.0,120.3
30,37,46,61,3,3,3,0,0,1,2,2,58.5,70.10000000000001,85.3,107.8
59,60,18,33,3,3,0,3,3,2,2,2,107.7,110.5,30.4,61.9
39,66,33,94,3,3,1,3,3,2,3,1,71.7,121.3,57.9,172.70000000000002
58,69,36,22,3,3,3,3,2,1,0,2,106.9,127.69999999999999,69.3,42.1
13,41,1,5,3,0,1,3,2,3,2,1,25.900000000000002,70.8,1.2999999999999998,12.5
60,1,96,10,0,2,2,3,0,2,1,1,108.0,2.8,174.8,21.5
69,47,24,70,1,1,2,1,3,0,2,0,122.7,86.10000000000001,44.2,127.5
66,18,42,33,2,3,1,0,0,3,2,2,121.8,33.9,75.10000000000001,57.4
65,152,85,9,1,0,2,0,2,1,2,2,116.5,272.6,154.0,14.2
60,19,27,87,2,2,2,2,2,2,1,1,109.0,35.2,50.6,158.6
167,167,87,29,3,3,2,1,3,1,3,3,302.1,304.1,156.6,50.7
28,4,66,25,1,0,3,3,3,2,0,1,48.9,5.2,123.3,48.5
58,57,7,2,2,1,3,2,2,0,1,3,105.4,104.10000000000001,16.1,3.5999999999999996
33,199,194,84,2,3,3,2,1,2,1,1,61.4,360.7,352.7,153.20000000000002
5,65,68,52,1,0,2,3,2,1,1,0,8.5,116.0,124.4,98.10000000000001
37,26,121,131,2,3,3,3,3,2,2,0,66.60000000000001,49.300000000000004,220.3,240.3
30,46,17,46,3,1,1,2,3,0,2,0,55.5,84.3,30.1,85.8
7,8,43,38,3,3,0,1,2,0,0,3,15.100000000000001,18.9,77.4,66.9
30,22,44,53,1,2,0,3,0,0,3,2,55.5,42.6,76.2,97.9
65,39,15,20,3,1,1,2,3,2,2,0,118.5,69.7,26.5,39.0
18,25,19,63,0,2,1,1,1,1,1,3,31.4,47.0,34.7,111.9
2,32,30,14,3,2,0,0,1,0,1,2,7.1,60.6,53.0,23.2
16,41,1,106,2,0,3,0,2,2,0,2,29.8,71.8,6.3,188.8
38,62,7,4,3,2,0,3,0,1,0,0,72.9,113.60000000000001,12.6,11.7
12,66,194,69,3,3,2,0,2,2,1,3,24.1,121.3,351.2,121.2
44,48,69,40,1,2,0,0,2,3,2,1,78.7,86.4,122.2,71.0
7,127,36,98,2,3,2,1,1,3,3,0,14.6,230.1,64.8,177.9
192,137,9,41,3,2,2,0,2,0,2,3,348.1,249.6,17.2,70.8
31,55,12,13,3,1,1,1,2,3,3,2,58.300000000000004,97.5,20.1,22.900000000000002
10,65,38,29,1,1,2,2,3,0,1,3,16.5,118.5,70.4,52.2
114,108,67,48,0,1,1,3,3,1,3,0,202.20000000000002,194.9,119.10000000000001,90.9
57,48,68,54,1,2,1,3,0,1,0,3,104.10000000000001,88.4,123.9,98.7
62,26,78,62,3,2,3,0,0,1,2,1,116.10000000000001,48.800000000000004,142.9,110.60000000000001
63,2,63,102,2,1,2,3,2,1,0,1,114.4,4.1,116.4,187.1
103,63,97,61,1,0,0,0,3,1,3,2,183.9,112.4,171.6,107.8
12,101,69,23,3,2,1,3,0,0,1,1,26.1,184.8,124.7,44.9
60,45,45,19,0,2,3,1,3,1,2,2,105.0,83.0,83.5,33.7
29,5,3,54,3,2,3,3,3,2,0,0,53.7,10.0,9.9,101.7
69,9,54,22,2,1,3,2,3,2,3,1,124.2,15.7,98.7,41.6
6,38,22,25,3,2,3,3,1,3,0,2,14.3,68.4,44.1,47.5
17,28,9,91,1,1,1,2,0,1,2,3,32.1,50.9,15.7,163.8
19,8,27,50,3,2,3,1,3,3,1,2,35.7,14.399999999999999,52.1,89.5
38,33,176,56,2,1,3,1,2,3,1,1,69.4,57.9,320.3,101.3
59,14,3,0,1,1,3,0,0,1,1,1,107.7,25.7,8.9,0.0
191,40,66,150,2,3,0,3,2,2,3,2,344.8,74.5,115.8,272.5
31,23,28,15,0,3,3,3,0,0,2,2,55.800000000000004,45.9,52.9,29.5
24,50,8,20,2,1,0,0,3,3,2,1,43.2,88.5,12.4,35.0
39,85,60,54,2,2,2,3,3,3,0,2,70.2,153.0,111.0,99.7
19,14,17,14,1,0,2,3,3,3,2,1,32.7,22.2,31.6,28.7
2,19,23,10,1,3,0,2,2,3,1,2,3.0999999999999996,35.7,40.4,19.0
41,22,23,163,0,0,2,3,2,3,0,3,71.8,36.6,44.4,294.90000000000003
63,56,22,168,3,2,1,0,3,0,3,2,114.9,103.8,38.1,300.40000000000003
64,29,7,58,3,1,1,2,1,3,1,3,118.7,50.7,13.1,104.4
58,38,35,170,0,3,1,1,3,1,1,3,101.4,71.9,63.5,304.5
29,15,48,33,3,2,3,2,3,2,1,2,53.7,28.0,89.9,60.4
18,195,70,194,1,0,2,0,2,0,2,0,31.9,351.0,127.0,349.2
9,27,69,9,0,1,0,2,2,3,0,2,14.2,47.1,124.2,17.2
164,39,48,40,2,0,1,1,0,3,1,1,298.2,67.2,86.9,72.5
173,8,5,65,1,1,1,3,0,1,1,0,312.90000000000003,14.9,9.5,121.5
47,21,69,8,1,1,1,1,3,0,0,0,83.10000000000001,39.300000000000004,125.7,15.9
11,125,66,36,1,2,3,0,0,2,3,1,21.3,226.0,120.3,63.8
14,60,56,44,3,0,2,3,1,3,1,3,28.7,105.0,102.8,80.7
41,47,38,23,1,3,1,3,2,3,0,1,73.3,86.10000000000001,69.9,44.9
4,63,51,7,0,1,2,2,0,1,3,0,7.2,113.9,91.8,15.6
68,11,61,38,1,0,3,0,0,0,2,3,123.9,19.8,112.3,65.4
33,156,68,50,2,3,0,1,1,0,0,3,61.4,285.3,122.4,88.5
117,23,14,6,0,3,0,2,1,2,0,0,209.6,43.9,25.2,13.8
54,37,102,51,1,0,1,0,3,0,3,2,95.7,66.60000000000001,182.1,89.8
73,61,12,31,2,1,1,2,1,1,2,3,133.4,110.3,21.1,55.800000000000004
66,36,46,38,3,2,2,2,2,1,1,3,121.3,66.8,84.8,68.4
68,49,44,7,3,3,3,3,3,2,3,1,123.9,90.7,80.7,16.1
33,61,15,63,3,3,3,1,2,0,2,2,61.9,114.3,29.5,112.9
28,48,5,28,1,0,3,0,2,2,1,1,49.9,84.4,12.5,49.4
40,56,9,64,1,3,3,1,2,2,0,3,71.5,103.3,20.7,113.7
66,62,46,33,2,1,1,0,0,2,2,0,121.8,111.10000000000001,82.3,59.4
38,46,51,152,2,3,2,0,0,2,2,0,71.4,85.3,92.8,273.6
13,165,65,5,1,3,3,2,1,3,3,0,23.900000000000002,298.5,118.5,12.0
196,195,173,25,2,1,3,0,1,1,1,3,354.8,351.5,314.90000000000003,42.0
152,41,9,130,1,0,2,0,0,2,1,1,275.1,71.8,18.2,233.0
68,29,50,35,2,2,0,2,3,1,2,1,122.4,54.2,88.0,65.0
97,53,184,187,1,0,1,3,0,0,3,0,176.1,95.4,329.7,341.1
93,22,136,43,0,1,3,3,3,0,3,1,164.4,41.1,246.3,80.9
48,11,1,37,0,2,0,2,1,3,1,0,85.4,19.8,0.8,69.60000000000001
161,47,53,31,0,0,3,1,3,0,2,2,286.8,84.60000000000001,97.9,55.300000000000004
89,67,64,46,2,3,0,2,0,0,2,3,163.20000000000002,125.10000000000001,113.2,82.8
11,34,7,52,0,1,2,3,3,1,3,0,16.8,61.7,12.6,98.10000000000001
123,51,53,13,1,0,2,2,3,3,3,1,219.9,88.8,95.4,25.400000000000002
77,61,8,52,1,2,1,1,3,1,0,1,137.1,111.8,15.9,94.10000000000001
63,65,41,60,0,3,0,2,1,3,2,0,112.4,118.5,71.8,111.0
35,49,27,22,3,2,2,2,0,3,0,0,67.5,88.2,51.6,42.6
61,167,39,46,1,0,1,1,0,0,1,1,111.3,300.6,70.7,83.3
119,41,69,9,1,1,2,0,1,1,1,3,214.70000000000002,74.3,126.2,13.2
114,14,2,31,3,2,1,0,0,2,3,2,209.70000000000002,26.2,2.0999999999999996,53.800000000000004
44,27,51,31,3,3,3,1,1,1,1,0,82.7,52.1,95.3,57.300000000000004
52,59,10,41,1,2,2,1,3,3,0,3,92.10000000000001,106.2,21.0,72.3
17,26,81,57,2,3,3,2,1,0,1,3,32.6,51.300000000000004,149.3,102.60000000000001
69,4,122,68,2,3,3,3,2,3,2,2,125.2,8.7,222.1,124.9
138,50,52,32,3,0,0,3,1,1,2,0,251.9,89.0,91.60000000000001,62.1
22,4,58,5,2,0,3,1,0,0,3,0,42.6,7.2,105.9,10.5
73,31,14,57,3,0,2,3,0,3,1,0,135.9,52.800000000000004,27.2,107.10000000000001
54,69,51,67,0,1,1,1,0,3,1,0,97.2,122.7,92.3,122.10000000000001
176,63,144,197,0,3,0,2,0,2,1,0,316.8,115.9,258.2,357.6
14,30,42,34,3,1,2,3,2,2,3,2,27.7,53.5,75.60000000000001,63.7
70,104,186,80,0,0,0,3,3,0,1,0,123.0,187.20000000000002,333.8,148.5
24,41,65,50,2,1,0,3,0,0,0,2,46.2,75.3,117.0,92.5
44,69,23,29,0,0,1,2,2,0,3,1,77.2,124.2,39.9,54.2
66,143,36,69,1,1,0,2,1,2,3,1,119.3,256.90000000000003,61.8,126.2
36,166,17,18,2,0,1,3,0,3,2,1,67.8,295.8,30.1,35.9
16,21,65,52,1,3,2,2,2,2,0,0,28.3,40.300000000000004,120.0,96.60000000000001
20,20,31,47,1,0,0,1,1,0,1,0,36.5,36.0,54.800000000000004,86.10000000000001
28,41,48,10,2,1,2,2,0,2,3,2,53.4,73.3,86.4,19.0
9,38,62,51,1,3,0,1,0,3,1,0,17.7,69.9,110.60000000000001,93.3
33,119,67,47,3,2,3,2,0,0,2,2,63.9,217.20000000000002,123.10000000000001,85.60000000000001
30,23,46,55,0,0,0,2,0,2,2,2,54.0,39.4,80.8,100.0
70,69,143,54,3,1,1,2,2,3,3,0,128.5,122.7,255.90000000000003,100.2
66,40,143,0,3,2,3,3,1,3,1,3,122.3,72.0,260.90000000000003,0.0
159,67,11,57,3,1,0,0,1,1,3,2,289.7,121.10000000000001,16.8,100.60000000000001
189,32,2,43,1,2,0,2,3,3,1,0,338.7,57.6,2.6,80.4
83,67,60,3,3,2,3,0,1,2,3,1,152.9,121.60000000000001,109.5,4.4
84,57,45,28,3,3,3,2,0,2,2,2,155.70000000000002,105.10000000000001,83.5,51.4
180,22,93,93,0,2,3,2,3,2,3,1,321.0,40.6,168.9,169.4
16,55,32,39,0,1,2,2,0,3,2,1,28.8,97.5,58.6,72.2
3,113,50,5,1,2,2,1,1,2,0,0,5.9,204.4,93.0,10.5
33,19,46,197,1,2,3,0,0,0,0,3,60.9,37.2,87.3,351.6
18,72,10,39,0,2,2,3,0,1,3,3,32.4,131.6,18.0,71.7
17,6,41,38,1,0,0,3,3,0,3,2,29.1,10.8,70.8,70.9
151,137,56,46,0,1,1,2,2,2,0,0,269.8,246.1,102.3,85.8
159,59,21,27,2,2,0,3,0,3,0,2,289.2,106.2,37.800000000000004,51.1
107,70,43,164,3,1,3,2,2,2,0,3,195.1,125.5,81.9,295.2
32,58,29,65,0,1,3,3,3,0,3,3,54.6,105.9,53.7,118.5
67,13,47,48,0,2,3,1,2,2,2,1,118.60000000000001,24.400000000000002,87.10000000000001,86.9
2,14,13,63,0,1,1,1,1,0,3,1,2.6,26.7,21.900000000000002,113.9
55,3,17,23,3,2,2,2,1,3,1,1,102.5,5.4,32.6,43.4
5,60,62,84,2,0,3,1,0,0,2,2,12.0,108.0,114.10000000000001,150.70000000000002
43,17,36,117,0,2,0,0,2,0,1,3,75.4,33.6,63.8,207.6
42,88,1,21,0,2,0,2,2,2,1,3,73.60000000000001,159.4,0.8,37.800000000000004
47,17,60,15,0,0,2,3,3,0,1,2,81.60000000000001,30.6,110.0,29.5
2,43,8,96,0,1,3,2,0,1,1,2,3.6,77.9,17.9,173.8
27,13,21,62,2,2,2,0,0,2,3,1,51.6,24.400000000000002,37.800000000000004,110.60000000000001
48,58,59,25,3,3,0,1,2,0,0,3,88.9,108.9,106.2,43.5
44,81,48,68,1,3,1,1,3,3,3,0,77.7,147.3,84.9,123.9
69,19,36,107,2,0,2,0,3,0,2,3,124.2,34.2,65.8,189.6
70,3,41,14,2,0,3,1,1,1,3,1,128.0,4.4,75.3,25.7
171,60,45,39,0,2,3,3,1,2,1,0,306.8,109.0,84.5,74.7
18,15,64,44,3,1,2,3,1,2,2,0,35.9,26.5,116.2,83.7
21,15,67,80,3,1,2,1,1,3,1,0,41.300000000000004,25.5,122.60000000000001,145.5
34,91,19,53,1,3,3,1,2,0,3,2,60.7,168.3,35.7,94.9
60,69,17,31,1,2,2,1,0,1,2,0,109.5,126.2,31.6,57.300000000000004
6,41,68,102,2,2,3,3,3,0,0,3,10.8,76.8,126.9,185.1
66,30,31,59,3,1,0,0,0,0,3,1,123.3,55.5,52.800000000000004,105.2
148,42,84,2,3,1,2,0,2,2,3,0,268.90000000000003,75.10000000000001,151.20000000000002,3.6
4,10,53,68,0,2,2,0,1,1,3,3,6.2,20.0,95.4,119.4
55,55,184,22,3,3,1,3,3,3,0,1,100.5,100.5,332.7,43.1
27,14,46,42,1,3,1,2,2,2,2,3,48.1,27.7,82.3,75.60000000000001
57,9,41,20,1,2,1,1,1,2,1,1,103.10000000000001,17.2,74.3,36.5
37,44,41,26,2,3,3,3,0,3,0,2,69.60000000000001,80.7,78.3,49.300000000000004
46,67,66,46,3,2,1,1,0,3,0,1,87.3,120.60000000000001,120.3,83.3
61,14,14,15,0,2,0,2,2,0,1,0,107.8,28.2,24.2,30.0
62,59,33,8,0,2,0,0,1,1,0,2,110.60000000000001,108.2,59.4,12.4
158,26,31,57,2,2,2,0,1,2,2,2,286.40000000000003,47.800000000000004,56.800000000000004,100.60000000000001
59,49,3,60,0,3,0,1,1,2,0,3,105.2,90.7,5.4,106.5
21,16,2,61,0,3,0,3,3,2,3,3,34.800000000000004,31.299999999999997,0.6000000000000001,111.3
46,10,56,46,3,1,1,2,3,3,0,2,84.3,16.5,102.3,83.8
21,14,7,30,3,2,0,2,3,2,2,2,39.300000000000004,26.2,10.6,55.0
173,33,22,120,2,3,2,0,2,0,2,2,312.40000000000003,63.9,40.6,214.0
28,46,60,107,0,0,3,1,3,0,3,3,47.4,82.8,109.5,191.1
64,19,58,69,3,2,3,1,2,2,1,3,117.7,35.2,107.9,122.7
4,44,30,0,2,2,1,3,3,3,0,2,7.199999999999999,79.2,55.5,0.0
50,31,148,16,1,0,2,0,3,3,1,2,88.5,52.800000000000004,268.40000000000003,26.8
31,62,76,33,0,1,2,0,1,3,2,3,54.800000000000004,110.10000000000001,137.8,56.4
52,70,168,191,2,1,2,2,0,0,1,3,96.60000000000001,127.5,304.40000000000003,343.8
15,28,39,145,1,0,1,2,1,2,3,0,27.5,48.4,68.7,264.0
33,51,46,18,3,1,1,0,2,3,0,3,61.9,90.3,84.3,29.4
199,24,73,19,2,2,3,0,3,1,2,0,358.2,45.2,133.9,34.2
168,27,112,121,1,1,0,0,0,1,1,2,303.90000000000003,49.1,200.6,215.8
62,33,6,0,3,2,0,2,3,1,0,3,113.10000000000001,61.4,10.8,0.0
63,57,22,186,3,1,2,2,2,0,0,1,115.9,104.10000000000001,42.6,336.8
111,1,26,19,0,3,1,0,0,2,2,3,199.8,4.3,46.300000000000004,31.200000000000003
25,21,186,38,1,3,0,2,1,1,2,2,45.5,41.300000000000004,332.8,69.4
4,61,36,33,2,2,2,1,0,1,0,0,10.2,111.8,67.8,60.9
26,5,70,23,2,3,1,3,2,3,1,1,47.800000000000004,10.5,126.5,44.9
25,31,63,61,1,0,1,2,3,1,3,1,43.5,54.800000000000004,111.9,111.8
65,185,3,13,0,2,3,1,1,2,0,2,116.0,334.0,9.9,22.900000000000002
41,3,124,50,0,3,3,2,2,0,3,0,71.8,9.9,224.70000000000002,93.0
148,143,8,60,0,3,3,1,1,2,0,1,265.40000000000003,259.90000000000003,18.9,108.5
57,64,57,35,1,1,0,3,0,1,0,2,104.10000000000001,115.7,102.60000000000001,65.5
42,11,35,11,0,0,0,1,1,3,1,2,74.60000000000001,16.8,62.0,19.3
15,52,156,53,2,2,2,1,1,1,2,0,29.0,95.60000000000001,281.8,96.9
61,18,105,11,3,0,1,3,0,2,3,1,114.3,30.4,187.5,23.3
193,105,106,66,3,2,0,2,0,0,1,2,351.90000000000003,192.0,189.8,119.8
12,63,33,28,2,2,1,1,1,3,2,3,23.6,113.4,58.9,48.9
50,154,5,45,3,3,3,1,0,1,3,3,94.5,280.7,10.5,79.5
70,168,134,163,2,2,2,1,1,3,0,2,128.0,302.40000000000003,244.20000000000002,292.90000000000003
5,36,126,57,1,0,3,1,3,0,3,2,7.5,64.8,228.3,102.10000000000001
64,60,46,2,0,0,3,1,2,3,1,1,113.2,105.0,86.3,4.1
88,148,166,24,2,1,3,0,0,2,1,0,161.4,265.90000000000003,302.3,43.2
14,15,24,37,1,1,1,2,2,2,2,1,24.7,26.5,42.7,68.60000000000001
37,14,23,57,3,3,2,3,2,3,0,0,69.10000000000001,26.7,44.4,107.10000000000001
40,58,9,2,1,3,1,1,2,0,1,0,71.5,108.9,16.7,5.1
0,24,32,66,1,3,1,1,0,1,2,1,0.0,46.7,57.1,119.3
15,81,40,189,2,2,1,3,0,1,0,3,30.0,147.8,73.5,341.7
13,56,57,74,3,0,3,0,0,0,2,1,27.900000000000002,100.8,105.10000000000001,132.20000000000002
0,48,11,63,3,0,0,2,0,0,2,2,0.0,86.4,17.8,114.4
38,29,31,141,0,2,3,1,1,2,1,1,67.4,53.2,59.300000000000004,254.3
33,143,36,47,3,1,3,0,3,1,0,1,60.9,257.90000000000003,69.3,83.60000000000001
20,51,138,63,3,1,1,2,3,2,1,2,37.5,91.3,248.9,114.4
0,63,11,10,3,0,1,3,1,1,1,0,0.0,112.4,20.3,22.5
21,32,30,50,2,3,0,3,3,1,3,3,37.800000000000004,61.1,51.0,91.5
81,69,1,53,1,0,2,3,0,2,1,3,147.3,122.2,3.8,96.9
124,24,53,44,2,0,0,1,2,2,3,3,224.20000000000002,41.2,92.4,77.7
74,62,69,181,0,1,3,0,1,2,1,2,132.20000000000002,111.10000000000001,127.69999999999999,323.8
27,30,61,67,1,3,0,3,2,1,0,0,48.1,57.5,109.8,125.10000000000001
143,31,60,22,3,3,0,1,0,0,1,2,261.90000000000003,60.300000000000004,107.0,39.1
19,4,66,32,0,1,2,1,2,0,3,0,32.2,8.7,118.8,59.1
134,39,174,44,2,2,3,1,1,3,1,0,243.20000000000002,70.2,316.7,80.7
55,59,13,57,0,0,0,0,2,1,3,0,97.0,105.2,20.400000000000002,102.60000000000001
26,39,30,34,3,1,1,3,1,3,0,2,50.300000000000004,68.7,55.5,63.7
35,63,38,58,0,2,2,1,0,1,2,2,63.0,115.4,69.4,103.9
50,62,166,22,2,3,0,2,3,1,0,0,90.0,115.10000000000001,298.8,42.6
197,80,21,53,2,2,3,2,1,3,0,1,356.6,144.0,42.300000000000004,97.4
34,42,61,41,3,1,1,1,2,0,3,1,63.7,77.10000000000001,108.3,74.3
62,42,49,119,1,3,0,2,2,1,1,0,111.10000000000001,79.10000000000001,87.2,217.20000000000002
40,42,139,45,3,1,1,2,1,3,1,3,75.5,74.10000000000001,250.70000000000002,81.0
63,60,41,157,0,3,1,3,2,2,1,1,111.4,110.5,74.3,286.1
64,46,62,2,3,2,0,0,3,3,3,0,116.7,82.8,108.60000000000001,3.6
61,124,129,26,1,2,0,3,0,0,1,0,111.3,226.20000000000002,231.20000000000002,51.300000000000004
48,27,25,47,2,3,2,2,0,0,0,0,89.4,53.1,48.0,87.60000000000001
58,37,39,18,3,3,2,1,1,1,1,3,107.9,70.10000000000001,72.2,30.9
40,13,67,147,1,3,0,1,3,1,0,2,70.5,26.900000000000002,120.60000000000001,264.1
162,147,39,47,3,3,2,2,3,0,2,2,293.1,269.1,71.2,85.60000000000001
61,122,126,47,3,3,1,2,0,0,0,0,114.3,224.1,228.3,87.60000000000001
21,20,46,9,3,3,0,2,1,3,3,0,41.300000000000004,37.5,79.8,19.2
37,5,45,76,1,3,3,1,0,3,3,1,68.10000000000001,10.5,82.5,137.3
121,53,24,47,2,0,1,0,0,0,2,1,220.8,95.4,42.7,83.60000000000001
90,168,2,39,2,2,3,3,1,0,3,2,164.0,305.40000000000003,5.1,72.7
30,2,173,19,3,0,2,0,0,3,2,0,58.5,0.6000000000000001,312.40000000000003,34.2
55,132,26,49,3,0,2,1,0,3,3,3,103.5,234.6,46.800000000000004,86.7
67,67,177,64,3,1,0,1,3,0,2,0,122.10000000000001,122.10000000000001,316.6,116.7
10,69,4,39,2,1,1,1,0,3,3,3,21.0,122.7,5.699999999999999,68.7
165,17,35,58,1,2,2,1,1,2,0,1,297.5,31.6,66.0,104.9
183,36,5,63,2,3,0,2,1,2,0,1,331.40000000000003,67.3,9.0,115.4
55,9,81,70,3,3,3,0,2,0,3,2,101.5,20.7,147.3,124.0
35,54,69,35,0,3,2,0,3,0,2,3,60.0,101.7,125.2,60.0
64,98,63,2,1,0,1,3,2,3,2,0,114.7,173.4,112.9,8.1
32,57,3,165,0,0,1,0,3,2,2,1,54.6,100.60000000000001,4.9,296.0
181,5,166,45,1,2,3,2,2,0,1,0,325.3,12.0,302.3,84.0
57,47,61,44,3,2,0,3,3,0,0,1,104.10000000000001,87.60000000000001,109.8,82.7
43,51,39,44,2,0,0,2,0,3,0,2,80.4,88.8,70.2,80.2
197,91,160,69,3,0,0,0,0,2,0,3,359.1,161.8,288.0,121.2
24,58,49,193,3,3,1,2,1,0,0,2,46.7,108.9,89.7,348.40000000000003
60,15,38,26,2,3,3,0,1,1,3,1,110.0,30.5,69.9,45.800000000000004
64,60,37,63,3,3,2,0,0,1,0,1,119.7,111.5,69.60000000000001,112.4
33,65,169,46,3,1,3,0,3,3,0,0,60.9,115.5,308.7,82.8
15,57,13,14,1,0,3,3,0,2,2,0,28.5,100.60000000000001,25.900000000000002,29.7
56,10,7,180,3,2,1,1,1,2,1,1,104.3,19.0,13.1,324.5
54,36,48,14,0,3,3,2,2,2,2,3,95.2,67.3,88.9,25.2
70,148,160,3,1,3,2,0,0,3,0,2,127.5,267.90000000000003,291.0,3.4000000000000004
49,102,56,0,1,2,3,0,3,2,0,2,86.7,184.6,105.3,0.0
190,46,158,51,2,0,1,3,1,3,3,0,344.0,79.8,282.90000000000003,96.3
67,174,130,34,0,0,1,0,0,3,3,3,120.60000000000001,310.2,232.5,58.2
27,2,196,7,0,3,0,3,2,0,0,3,46.6,8.1,352.8,14.100000000000001
48,52,179,40,1,0,3,2,2,0,1,1,85.9,93.60000000000001,325.7,74.0
62,70,104,6,0,2,2,2,0,1,0,3,111.60000000000001,128.0,190.20000000000002,10.8
71,62,65,8,1,1,3,0,3,1,1,2,126.30000000000001,112.10000000000001,120.5,12.4
50,42,107,5,1,0,1,3,0,0,0,3,91.5,75.60000000000001,194.1,10.5
57,64,26,31,1,1,3,1,1,0,2,2,103.10000000000001,116.7,49.300000000000004,55.300000000000004
3,7,19,39,1,1,0,3,1,3,2,2,5.9,11.1,32.2,72.7
54,60,24,51,1,3,3,0,2,3,2,2,96.7,109.5,45.7,89.8
36,42,81,56,0,1,2,3,3,0,2,3,61.8,77.10000000000001,146.8,102.3
34,51,37,64,0,1,2,1,0,2,0,1,61.2,91.3,69.60000000000001,115.7
70,24,51,16,0,0,1,3,0,2,2,1,126.0,41.2,91.3,32.3
0,51,50,191,2,2,1,0,1,1,3,2,0.0,93.8,88.5,341.8
166,30,30,42,1,2,3,3,0,1,2,3,300.3,56.0,56.5,77.10000000000001
187,0,63,13,1,2,0,1,1,2,2,1,337.1,0.0,111.4,23.900000000000002
196,96,59,90,2,0,2,1,1,0,2,0,354.8,172.8,107.2,163.5
69,68,22,6,0,0,3,3,1,1,1,0,123.2,121.4,43.1,15.3
63,47,51,7,2,3,2,2,0,2,1,3,116.4,87.10000000000001,93.8,12.6
55,115,60,81,1,1,3,1,2,0,3,2,98.5,208.5,109.5,145.3
34,34,110,4,2,2,1,1,3,0,2,2,61.2,64.2,197.5,6.699999999999999
53,29,21,17,3,3,0,1,1,0,1,0,98.9,56.7,36.800000000000004,32.1
34,26,69,9,2,0,3,1,2,3,1,0,62.2,43.800000000000004,127.69999999999999,17.7
14,55,44,1,1,0,1,2,0,1,2,2,26.7,98.0,78.7,2.8
68,63,28,15,1,1,3,1,2,2,2,3,121.9,112.9,52.9,25.5
71,63,24,53,2,3,2,3,0,2,1,0,130.8,115.9,45.2,99.9
65,137,28,94,0,0,2,3,1,2,1,3,116.0,244.6,52.4,170.70000000000002
169,36,46,62,3,2,3,0,2,3,1,3,306.7,64.8,86.3,108.60000000000001
42,181,184,56,1,0,0,0,1,2,1,1,76.10000000000001,323.8,330.2,99.8
38,22,155,50,1,2,0,2,1,2,1,1,68.9,40.6,278.0,92.0
57,7,5,45,2,3,1,1,0,2,0,1,105.60000000000001,15.100000000000001,10.5,81.5
3,12,35,6,3,2,1,3,2,1,0,2,7.9,23.6,64.5,13.3
6,20,68,24,2,3,0,3,2,2,1,2,11.8,38.5,121.4,45.7
108,15,115,67,0,3,0,2,0,3,3,2,194.4,28.5,204.0,121.60000000000001
47,183,82,58,3,2,0,3,1,3,1,2,88.10000000000001,329.40000000000003,146.6,106.9
31,2,32,67,1,2,3,3,1,1,0,1,56.300000000000004,5.6,62.1,124.10000000000001
49,134,46,44,2,3,3,3,0,1,3,2,91.2,244.70000000000002,84.3,81.7
36,14,24,65,0,0,0,2,0,1,2,0,64.8,24.2,41.2,120.0
23,20,7,44,1,2,0,3,1,0,0,2,41.9,39.0,12.6,81.7
20,177,182,66,2,0,2,0,2,1,0,1,37.0,317.6,330.6,117.8
66,30,39,9,0,2,2,1,2,2,1,0,116.8,55.0,72.2,17.7
67,37,22,30,0,2,0,3,0,3,0,2,120.60000000000001,66.60000000000001,39.6,56.5
26,65,51,38,2,2,3,0,0,2,2,3,49.800000000000004,118.0,94.3,65.4
112,15,68,192,0,0,2,1,1,1,2,0,200.6,26.0,123.4,347.1
19,51,131,197,1,0,1,2,2,3,1,3,33.7,88.8,236.3,354.6
42,22,22,28,2,2,2,1,2,2,0,2,76.60000000000001,40.6,42.6,49.9
23,34,180,1,1,2,2,1,2,1,2,0,40.9,63.2,325.0,3.3
77,42,144,50,0,0,0,1,0,2,0,0,138.6,73.60000000000001,259.2,91.5
23,38,68,2,3,1,3,3,2,0,1,2,43.9,69.9,125.9,6.1
19,45,151,9,2,3,2,1,1,3,0,0,36.2,82.5,274.8,17.7
70,90,60,42,0,1,2,2,3,2,2,3,123.0,161.5,109.0,75.60000000000001
18,15,15,20,3,2,1,2,0,0,3,2,36.9,30.0,25.5,37.0
12,17,78,101,0,3,1,0,3,3,3,2,18.6,32.1,138.9,179.8
20,15,37,58,2,3,2,0,1,1,1,1,38.0,30.5,68.60000000000001,103.4
132,146,69,40,3,3,3,2,1,0,3,2,241.1,267.3,125.69999999999999,73.0
7,29,166,34,1,3,1,1,2,3,3,3,12.1,53.7,297.3,59.7
6,42,27,176,2,1,0,3,1,0,1,2,12.8,77.10000000000001,47.6,319.3
15,35,27,3,1,1,1,1,1,0,0,2,27.5,64.5,50.1,4.9
42,37,172,18,3,1,3,1,2,2,2,2,78.10000000000001,66.10000000000001,312.1,31.9
22,188,87,22,1,1,3,0,0,0,1,1,41.1,339.90000000000003,160.1,38.6
5,7,64,32,1,0,1,0,0,0,2,3,10.5,12.6,114.7,54.6
54,69,32,59,2,3,2,0,2,1,0,3,98.2,127.69999999999999,60.6,103.2
62,35,70,66,3,2,3,3,2,1,0,2,114.10000000000001,65.0,130.5,121.3
30,26,104,155,3,1,0,2,2,3,1,1,56.5,45.300000000000004,186.20000000000002,281.0
158,28,118,38,0,1,3,1,1,1,1,2,283.40000000000003,50.9,215.9,67.9
52,165,108,150,0,0,3,0,3,2,2,1,90.60000000000001,295.0,196.9,269.0
51,60,0,37,3,2,3,3,3,0,1,2,93.3,111.0,0.0,69.10000000000001
30,51,65,3,3,3,2,2,1,3,2,1,57.5,93.3,118.0,7.4
59,21,63,21,2,2,0,2,2,2,2,1,107.2,38.800000000000004,111.4,39.800000000000004
67,84,69,5,0,3,0,1,3,3,0,1,117.60000000000001,152.70000000000002,124.2,9.5
28,29,41,73,0,0,3,2,2,0,0,1,48.4,52.2,78.3,133.4
192,90,10,32,3,1,0,3,1,1,0,3,349.1,162.5,18.0,59.1
68,53,144,6,1,0,3,0,3,2,2,2,120.9,93.4,261.7,8.8
35,25,13,28,0,3,0,2,3,0,0,3,60.0,49.5,23.400000000000002,50.4
41,13,12,66,3,3,1,2,3,0,2,3,75.3,27.900000000000002,21.1,118.8
57,44,12,140,3,1,3,1,1,3,3,0,106.10000000000001,77.7,23.1,253.5
104,118,43,38,1,0,2,3,1,3,2,3,187.70000000000002,209.4,78.4,69.9
20,0,150,51,2,0,0,1,1,0,1,0,38.0,0.0,269.0,93.3
6,119,130,43,3,1,3,0,1,3,3,2,14.3,212.70000000000002,235.5,75.4
58,21,31,5,0,0,0,2,3,3,3,2,101.4,34.800000000000004,52.800000000000004,10.0
16,69,9,15,0,3,3,1,0,3,1,0,28.8,125.69999999999999,19.7,28.5
180,2,50,45,1,2,0,2,2,0,2,2,323.5,6.6,88.0,82.0
63,9,60,4,1,2,2,2,0,2,2,2,114.9,17.2,109.0,8.2
151,43,128,22,3,1,0,2,3,1,1,0,273.3,77.9,229.4,42.6
73,51,14,176,1,2,1,2,3,0,3,3,129.9,94.8,23.7,316.8
44,173,46,47,0,2,0,0,1,1,2,0,78.2,313.40000000000003,80.8,84.60000000000001
56,4,188,63,2,3,2,3,1,1,3,2,102.8,10.7,338.40000000000003,115.9
59,124,22,102,2,3,0,1,2,1,1,0,107.2,226.70000000000002,38.6,185.1
8,26,60,46,0,3,0,0,3,1,2,1,11.4,50.300000000000004,106.0,81.8
39,72,51,196,2,0,3,1,3,2,1,0,70.2,127.6,95.3,354.3
7,28,68,125,2,0,1,2,3,3,3,0,12.6,47.4,120.9,228.0
19,26,180,46,2,3,0,3,2,2,0,2,35.2,49.300000000000004,324.0,85.3
55,9,16,128,2,1,2,3,3,1,3,0,99.0,16.7,28.8,234.9
68,58,25,70,3,0,1,3,3,1,3,0,123.9,103.4,43.5,130.5
39,64,46,89,2,0,2,3,3,3,1,2,70.2,112.2,84.8,162.70000000000002
61,27,0,180,1,3,2,2,0,1,0,3,111.3,52.1,0.0,324.0
11,27,60,44,1,0,3,3,3,3,1,0,18.3,45.6,111.5,83.7
63,63,49,48,2,2,2,3,0,3,1,3,116.4,113.4,90.2,87.9
108,35,183,65,1,3,3,1,3,3,2,1,192.9,64.5,331.90000000000003,117.5
31,13,60,62,3,2,2,0,3,3,3,2,57.300000000000004,23.400000000000002,108.0,109.60000000000001
51,30,53,3,3,3,3,0,3,0,1,2,93.3,58.5,98.9,3.4000000000000004
183,45,170,20,1,0,1,1,1,2,1,1,329.90000000000003,79.0,306.5,36.5
16,56,31,44,0,1,0,1,0,0,3,2,28.8,102.3,52.800000000000004,78.7
7,43,15,3,3,1,3,1,1,3,0,1,16.1,75.9,31.5,5.9
61,200,16,55,3,0,0,1,3,1,3,0,111.3,359.0,25.8,100.5
2,98,29,161,2,3,0,0,2,2,3,2,4.6,178.9,49.2,287.8
101,47,190,41,3,1,3,2,1,2,3,2,185.3,84.10000000000001,343.5,74.8
171,27,30,27,0,1,0,2,1,2,3,0,306.8,48.1,51.0,51.6
20,62,130,24,3,1,3,0,1,1,3,2,39.5,112.10000000000001,235.5,41.2
55,17,14,69,1,1,0,1,0,3,2,1,100.5,29.1,23.2,124.7
32,66,41,70,0,0,3,1,2,1,2,2,55.6,117.8,76.3,125.5
97,57,45,103,3,2,1,1,2,3,1,2,177.1,102.60000000000001,81.5,184.9
60,54,20,50,2,2,0,1,0,0,3,0,111.0,100.2,33.0,91.5
158,70,42,53,3,2,1,3,0,3,3,0,288.90000000000003,126.0,74.10000000000001,99.9
60,64,59,7,3,3,1,0,3,2,0,1,109.5,117.7,107.7,11.6
38,4,192,107,0,2,0,0,3,0,2,2,65.4,10.2,343.6,190.6
35,8,31,5,3,1,2,2,3,2,2,3,64.5,13.9,56.800000000000004,9.0
50,53,30,72,3,1,0,2,0,3,1,0,94.5,93.9,53.0,132.6
51,60,120,139,2,1,3,3,2,3,3,0,92.8,106.5,217.5,254.70000000000002
122,6,53,70,1,2,2,0,1,0,3,1,220.1,13.8,95.4,125.0
56,6,1,13,0,2,3,1,1,3,2,3,99.8,10.8,4.3,21.900000000000002
25,55,18,26,1,1,1,2,2,1,1,2,44.5,99.5,32.9,47.800000000000004
14,34,22,23,2,2,3,0,3,1,0,2,25.2,63.2,44.1,39.4
9,53,191,172,3,1,1,2,2,1,2,3,18.7,95.9,343.3,309.6
146,199,16,109,2,1,1,3,0,3,2,2,265.8,356.7,28.3,198.70000000000002
14,31,97,20,0,0,1,0,3,3,3,1,22.2,52.800000000000004,173.1,35.0
52,7,70,56,2,1,0,1,1,0,2,2,95.60000000000001,14.1,124.0,100.3
140,10,153,31,1,0,2,1,1,3,1,2,252.5,15.0,277.40000000000003,55.300000000000004
40,44,64,50,1,1,0,0,1,0,0,0,72.5,80.7,115.2,90.0
5,15,26,41,0,3,0,0,3,3,2,2,6.0,28.5,44.800000000000004,71.8
30,31,8,25,0,1,0,2,2,0,0,2,52.0,57.300000000000004,14.4,46.0
4,67,43,48,0,1,0,2,0,0,3,0,7.2,122.10000000000001,74.4,89.4
51,20,56,35,0,0,0,1,0,1,1,1,91.8,35.0,99.8,63.5
25,20,47,53,0,1,0,3,2,1,0,0,43.0,36.5,84.60000000000001,99.9
19,192,115,170,2,3,1,3,0,3,2,1,37.2,347.1,206.5,309.5
66,183,117,64,3,0,1,0,3,1,0,0,120.3,328.40000000000003,212.1,115.2
171,95,34,26,1,1,2,3,3,3,0,2,306.3,169.5,64.2,49.300000000000004
117,34,189,14,3,2,0,0,0,0,0,1,215.1,64.2,340.2,24.2
163,155,74,135,3,2,0,1,1,2,0,1,296.90000000000003,280.0,133.20000000000002,243.5
29,10,22,56,1,2,1,2,0,1,3,2,53.7,20.0,38.1,101.8
66,100,38,63,2,0,2,3,1,1,2,3,120.8,179.0,69.4,114.9
6,67,16,38,1,2,1,0,3,2,3,0,9.3,121.60000000000001,27.3,68.4
5,39,57,103,3,0,0,2,1,2,1,0,12.5,68.2,101.60000000000001,188.4
15,52,47,28,0,1,3,3,3,0,0,2,24.0,95.10000000000001,89.10000000000001,52.9
146,51,55,54,0,3,2,0,3,3,2,1,259.8,93.3,100.0,96.2
39,179,65,92,3,1,1,2,3,2,3,0,71.7,321.7,115.5,168.6
54,124,90,9,3,3,3,2,1,3,3,3,100.7,224.70000000000002,163.5,16.2
70,26,58,102,3,2,0,1,3,0,2,1,127.5,49.800000000000004,102.4,184.1
6,58,5,45,2,0,1,0,2,1,1,3,11.8,103.4,9.5,78.0
41,42,17,16,1,0,2,1,0,0,1,2,75.3,75.60000000000001,32.6,28.3
4,66,29,4,1,2,3,1,0,1,2,2,8.7,120.8,54.7,6.699999999999999
40,83,16,65,2,1,1,1,3,0,2,0,72.0,150.9,28.3,118.5
7,39,62,33,2,0,1,3,3,3,1,1,12.6,67.2,112.10000000000001,62.9
34,20,34,60,2,2,1,1,3,3,0,2,61.2,36.0,62.7,107.5
168,18,0,12,3,2,2,3,1,3,2,3,305.90000000000003,32.4,0.0,23.1
19,16,160,195,1,2,1,2,1,3,2,3,34.7,28.8,287.5,351.0
52,113,58,30,2,0,1,0,0,2,3,2,96.60000000000001,201.4,102.9,52.0
30,31,32,31,0,1,0,0,0,3,2,2,54.0,54.300000000000004,55.6,53.800000000000004
42,136,68,28,3,1,0,2,0,3,2,3,80.10000000000001,243.3,120.4,50.4
149,43,103,82,2,0,0,0,2,3,3,1,269.2,74.4,182.4,146.6
182,16,63,62,2,3,1,2,2,1,3,2,328.6,32.3,111.9,112.60000000000001
16,54,7,62,0,3,2,3,0,2,0,2,28.8,99.7,15.6,114.10000000000001
1,169,63,186,1,0,3,1,3,2,3,3,0.2999999999999998,302.2,114.9,333.3
3,33,75,178,2,1,1,1,2,3,1,2,6.4,57.9,135.5,319.90000000000003
89,160,61,15,0,0,3,2,2,0,3,1,158.20000000000002,288.0,111.3,29.0
62,41,6,40,2,0,0,2,0,3,3,3,114.60000000000001,70.8,7.800000000000001,72.0
36,66,48,152,2,1,1,3,1,1,2,1,66.8,119.3,85.9,277.1
42,61,27,16,3,1,1,0,3,0,3,3,77.10000000000001,111.3,47.1,25.8
50,142,142,67,2,3,3,2,2,1,0,0,91.0,259.1,260.1,123.60000000000001
47,30,10,7,0,3,2,0,2,3,0,3,82.60000000000001,55.5,21.0,9.6
58,60,58,52,1,0,2,2,1,0,3,0,104.9,108.0,104.4,96.60000000000001
49,188,62,9,0,1,2,3,3,0,2,3,85.2,339.90000000000003,112.60000000000001,17.7
135,2,44,8,1,1,3,2,2,1,0,2,242.5,4.1,83.7,15.399999999999999
70,63,23,49,1,1,1,2,3,1,1,2,124.5,113.9,41.9,89.2
65,23,13,46,0,3,1,3,3,3,2,0,114.0,42.9,22.900000000000002,87.3
35,56,0,26,3,1,1,1,2,0,0,2,65.5,102.3,0.0,46.300000000000004
31,10,10,31,2,3,2,3,3,0,3,2,55.800000000000004,22.5,18.0,58.300000000000004
58,75,156,55,3,3,0,3,0,1,1,2,108.9,138.5,279.8,101.5
21,59,23,180,2,3,2,0,3,3,3,3,37.800000000000004,107.7,41.4,321.0
23,2,139,51,1,0,0,0,3,3,0,0,39.9,0.6000000000000001,250.20000000000002,91.8
32,199,22,71,1,3,2,1,1,2,2,0,58.1,360.7,40.6,129.3
5,2,54,17,3,0,1,1,3,2,3,0,10.5,1.6,95.7,32.1
64,37,40,86,2,3,1,2,3,0,0,2,115.2,71.10000000000001,73.5,155.8
68,18,27,10,0,0,1,0,2,3,2,1,120.4,29.4,48.1,17.0
51,11,43,60,3,0,1,1,3,3,3,1,93.3,16.8,75.9,108.5
19,1,4,65,1,0,1,2,2,2,3,3,33.7,0.0,5.699999999999999,117.0
32,10,69,5,2,2,2,3,0,1,3,3,60.6,20.0,124.2,10.5
45,40,28,63,0,2,2,3,2,3,1,3,79.0,72.0,52.4,114.9
169,13,23,165,2,1,2,2,3,2,3,2,304.2,22.900000000000002,41.4,298.0
11,3,63,70,3,2,2,1,1,0,3,1,23.3,8.4,113.4,126.5
49,55,29,70,0,0,0,3,3,3,0,0,85.2,96.0,52.2,130.5
62,41,59,70,3,1,1,0,0,3,2,1,116.10000000000001,72.3,105.7,125.0
51,39,49,84,3,2,1,3,0,1,2,0,96.3,72.2,87.7,155.70000000000002
33,156,22,37,3,0,2,1,2,2,0,0,61.9,278.8,42.6,68.10000000000001
60,42,42,128,2,0,0,2,3,3,2,2,108.0,72.60000000000001,73.60000000000001,231.4
58,118,55,33,2,2,1,3,2,2,2,0,105.4,213.4,98.5,63.9
29,61,49,0,3,2,2,1,0,0,1,0,56.7,112.8,90.2,0.0
63,55,1,24,1,3,3,2,1,2,3,0,113.9,101.5,3.3,46.2
98,67,57,31,0,2,0,0,2,1,3,2,174.4,122.60000000000001,99.60000000000001,53.800000000000004
103,116,26,179,2,2,1,1,2,1,2,2,186.4,210.8,46.300000000000004,321.7
13,59,33,13,0,0,0,0,0,1,0,3,23.400000000000002,105.2,59.4,20.400000000000002
67,57,89,47,3,0,1,3,2,1,2,2,123.10000000000001,101.60000000000001,159.70000000000002,87.10000000000001
48,7,41,102,0,3,0,2,2,2,3,0,84.4,15.100000000000001,70.8,186.6
8,35,9,53,0,0,0,1,1,2,1,2,13.4,61.0,15.2,94.9
40,169,92,64,3,0,0,1,1,2,3,0,75.5,302.2,162.6,116.7
56,43,27,40,2,1,3,2,1,2,3,3,102.8,76.9,50.1,72.0
34,0,61,52,1,3,0,3,2,3,3,3,60.7,0.0,106.8,95.10000000000001
12,37,147,76,3,3,2,1,0,2,2,3,26.1,69.10000000000001,265.6,135.3
159,55,196,109,2,2,3,2,0,2,2,1,289.2,100.0,355.3,198.20000000000002
51,23,65,29,2,1,3,1,0,0,0,3,94.8,42.9,121.5,50.7
6,134,58,104,1,0,0,0,3,2,3,3,9.3,239.20000000000002,101.4,184.20000000000002
8,60,34,49,1,1,0,2,0,1,0,2,15.9,108.5,61.2,89.2
197,4,37,1,0,2,0,2,1,2,3,2,353.6,8.2,63.60000000000001,2.8
19,6,22,1,2,3,2,1,2,2,1,1,35.2,13.3,41.6,2.3
69,61,191,6,3,0,0,0,0,0,3,2,128.7,109.8,340.8,8.8
65,57,40,10,3,3,1,1,3,3,1,0,118.5,104.10000000000001,72.5,19.5
97,37,12,14,2,3,2,1,1,0,2,1,176.6,71.10000000000001,22.6,25.7
0,14,135,15,0,0,3,3,0,2,3,3,0.0,23.2,244.5,28.5
38,5,32,23,3,1,3,0,3,2,2,3,69.9,8.5,60.1,38.4
32,48,29,8,3,1,0,2,0,3,3,2,62.1,84.9,49.2,15.399999999999999
48,68,34,30,2,3,1,2,3,3,1,3,86.4,123.9,61.7,54.0
7,15,35,103,0,1,1,1,0,2,2,2,12.6,26.5,62.5,184.9
26,30,199,34,3,0,0,0,3,0,1,0,48.300000000000004,54.0,357.2,61.2
10,50,40,24,0,2,2,1,1,2,3,3,17.0,91.0,72.0,41.7
130,15,32,41,0,3,1,0,0,2,2,1,234.0,29.5,57.1,72.8
21,61,61,44,0,3,1,0,1,2,3,3,36.800000000000004,112.3,108.3,76.2
10,42,61,14,3,1,1,0,0,0,1,1,22.5,77.10000000000001,110.3,24.2
80,18,30,80,2,0,1,1,3,0,1,3,144.0,32.4,54.5,142.5
7,26,8,2,1,3,1,1,1,1,2,0,13.1,50.300000000000004,13.9,5.1
129,9,57,18,2,2,0,2,2,0,0,3,233.20000000000002,19.2,102.60000000000001,32.4
53,178,0,2,0,2,3,1,0,2,3,0,95.4,321.40000000000003,0.0,5.1
24,40,160,47,1,0,0,2,3,1,1,1,41.7,71.0,287.0,86.60000000000001
68,37,58,14,1,3,1,1,1,0,3,0,122.9,71.10000000000001,102.9,26.7
41,41,28,57,3,1,0,1,3,1,0,0,75.3,74.3,50.4,104.10000000000001
52,70,106,26,0,0,2,3,3,3,0,0,90.60000000000001,123.0,193.8,51.300000000000004
120,57,2,11,0,0,2,3,3,3,0,0,213.0,99.60000000000001,6.6,24.3
7,96,6,51,2,1,3,0,3,0,1,1,12.6,174.3,14.3,90.8
34,185,27,24,0,2,0,1,0,3,0,1,61.2,333.0,48.6,43.7
0,139,186,7,1,1,0,0,0,3,3,3,0.0,248.70000000000002,331.8,9.6
36,54,60,17,1,0,0,2,2,0,3,1,64.3,97.2,105.0,32.6
99,22,174,26,1,1,0,1,0,0,1,1,179.70000000000002,41.1,312.2,47.300000000000004
42,19,44,16,1,3,0,1,0,2,1,2,77.10000000000001,36.7,78.2,28.3
22,35,75,14,2,3,0,2,0,3,1,1,42.6,64.5,134.0,27.2
64,74,26,27,2,3,0,2,1,1,3,1,117.2,136.70000000000002,43.800000000000004,50.6
39,32,2,23,2,3,3,1,0,3,1,0,73.2,59.1,7.1,42.9
20,101,51,58,0,2,3,3,0,1,3,3,36.0,183.8,93.3,105.9
26,54,55,125,2,2,0,1,2,1,1,3,47.800000000000004,99.2,98.0,223.5
50,195,19,27,3,2,0,2,3,0,3,2,91.5,354.0,31.200000000000003,49.6
64,17,32,3,1,3,0,0,2,0,3,1,114.7,35.1,54.6,4.4
76,58,1,49,1,2,1,0,2,3,3,2,136.3,104.4,0.2999999999999998,86.2
38,35,42,15,3,3,1,3,2,0,1,0,70.9,67.5,76.10000000000001,31.5
61,38,39,60,2,1,3,0,2,1,3,3,110.8,68.9,71.7,105.0
47,29,66,70,0,2,1,0,0,0,1,3,84.60000000000001,55.2,119.3,123.0
68,4,60,177,0,0,0,0,1,0,1,2,121.4,7.2,107.0,316.6
83,170,54,34,1,0,0,1,3,2,1,1,147.9,304.0,96.2,61.7
24,174,10,60,2,3,0,3,1,2,2,1,45.2,315.7,16.0,111.5
27,70,30,30,3,0,1,3,0,0,3,3,53.1,126.0,52.5,55.5
30,106,55,53,3,0,0,2,2,0,0,0,56.5,190.8,99.0,98.4
25,6,111,43,0,1,1,0,3,1,2,3,42.0,11.3,199.3,74.4
23,116,61,4,1,2,1,0,0,2,0,1,42.9,209.8,111.3,6.2
169,45,71,59,0,1,2,1,2,1,0,3,302.2,81.5,130.8,104.7
25,13,42,25,3,1,1,1,3,3,2,2,46.5,21.900000000000002,75.10000000000001,44.5
20,9,33,171,2,0,3,0,0,0,3,1,39.0,16.2,60.9,306.8
49,136,15,43,2,0,1,3,3,1,0,1,88.2,243.8,28.5,80.9
53,44,175,58,2,1,1,1,1,3,1,0,97.4,77.7,315.5,105.9
163,67,61,187,3,1,0,2,3,2,3,0,294.90000000000003,120.10000000000001,106.8,339.6
57,10,45,87,2,1,1,3,2,2,3,0,103.60000000000001,17.5,79.5,161.1
38,70,43,27,3,1,1,0,2,2,3,2,70.9,125.5,75.9,46.6
106,35,65,128,2,2,3,2,2,0,3,3,191.8,66.0,118.5,230.4
181,2,10,65,2,2,1,0,2,1,0,2,326.8,5.6,19.5,115.0
43,111,25,21,0,2,0,3,1,0,0,1,76.4,202.8,45.0,41.300000000000004
15,67,104,69,3,1,3,1,3,0,0,0,28.5,122.10000000000001,191.70000000000002,125.7
22,15,39,56,2,3,2,2,2,2,0,1,40.6,29.5,73.2,102.8
93,157,98,27,3,2,1,2,0,1,0,1,171.9,284.6,177.9,50.6
68,14,151,38,2,2,3,3,2,2,0,1,123.4,26.2,276.3,71.9
48,131,45,55,2,3,0,0,0,3,3,2,89.4,237.3,78.0,97.0
2,63,48,46,2,3,1,2,1,1,2,0,5.6,116.9,85.9,85.8
1,41,38,195,2,1,3,2,2,2,1,2,2.8,73.3,71.9,352.0
72,29,30,61,0,1,3,0,2,3,2,3,127.6,50.7,56.5,106.8
28,36,54,89,1,0,3,1,1,1,2,2,50.9,63.8,99.7,159.70000000000002
36,187,39,45,1,0,3,0,3,0,0,0,63.3,336.6,74.7,81.0
17,34,144,89,0,0,2,0,2,0,2,1,28.6,61.2,260.2,159.20000000000002
17,186,61,33,2,1,3,3,0,0,0,0,33.6,336.3,114.3,63.9
106,52,59,25,3,3,1,1,3,1,1,0,192.3,97.10000000000001,106.7,46.5
16,52,26,24,1,0,2,2,1,1,2,1,29.3,92.60000000000001,47.800000000000004,45.2
17,4,14,74,1,0,0,0,2,1,0,1,30.1,6.2,25.2,132.20000000000002
9,31,81,56,1,3,3,0,0,1,1,3,17.7,59.300000000000004,149.3,97.8
36,1,3,67,2,0,1,2,2,0,3,1,65.8,1.8,3.9000000000000004,122.60000000000001
29,72,62,30,3,2,0,3,2,1,1,3,54.7,131.6,110.60000000000001,55.5
26,98,2,3,3,0,0,1,0,1,3,2,51.300000000000004,175.4,0.6000000000000001,4.9
82,39,21,60,2,1,0,1,3,0,2,3,147.6,71.7,35.800000000000004,106.5
20,31,47,64,3,0,2,2,1,1,3,0,39.5,54.800000000000004,84.60000000000001,118.2
8,160,14,194,2,0,1,1,0,0,3,0,17.4,288.0,23.7,350.7
68,50,8,21,3,3,0,2,0,0,0,1,126.9,94.5,14.4,39.800000000000004
24,10,45,7,1,2,3,3,2,3,2,0,42.7,18.0,83.5,17.1
42,43,43,137,1,1,1,2,3,3,3,2,74.10000000000001,75.9,75.9,247.6
32,24,19,18,2,0,2,0,2,0,0,1,58.6,43.2,37.2,31.4
5,0,55,38,3,3,2,3,0,2,0,3,13.5,0.0,102.0,69.9
62,35,19,66,3,2,2,1,0,2,3,3,116.10000000000001,64.0,34.2,117.3
152,21,47,53,2,1,2,1,1,3,0,1,275.6,36.300000000000004,87.60000000000001,95.9
41,33,197,192,3,1,0,2,0,2,1,0,78.3,58.9,353.6,348.6
21,37,39,43,1,1,1,2,0,2,1,3,39.300000000000004,66.10000000000001,70.7,77.4
61,54,56,11,1,2,2,3,0,0,1,0,111.3,100.2,102.8,24.3
49,105,47,48,1,3,0,3,0,2,1,1,89.7,191.5,83.60000000000001,89.9
18,3,43,62,2,2,1,2,2,2,1,2,33.4,6.4,77.9,112.60000000000001
16,70,0,39,2,1,2,1,3,0,2,1,28.8,127.5,0.0,70.7
45,17,32,13,1,1,3,0,1,0,3,1,81.5,32.1,59.1,22.400000000000002
69,152,17,95,3,1,3,2,0,3,0,2,128.7,272.1,35.1,172.0
56,145,54,169,2,2,3,2,2,2,3,0,101.8,262.0,98.7,307.2
60,69,10,43,1,1,3,3,0,2,1,0,109.5,123.7,21.5,81.9
23,19,57,47,3,0,3,3,0,2,1,1,45.9,32.2,106.10000000000001,88.10000000000001
41,50,43,19,2,3,1,1,2,0,2,1,74.8,94.5,76.9,34.7
6,23,28,51,2,0,1,1,0,1,2,2,13.8,40.4,49.9,91.3
68,1,21,44,0,0,3,2,1,2,0,0,121.4,0.0,42.300000000000004,82.2
52,0,65,91,3,2,2,3,2,2,1,0,96.10000000000001,0.0,119.0,168.3
45,4,132,121,2,1,1,2,1,2,1,0,83.0,6.699999999999999,238.1,220.8
16,106,62,37,3,1,3,3,2,3,0,0,31.299999999999997,189.3,116.10000000000001,71.10000000000001
69,138,76,8,1,1,3,0,2,0,2,0,123.7,249.9,139.3,14.4
13,32,51,36,1,2,0,1,2,0,1,1,22.900000000000002,60.6,90.8,65.3
3,62,197,14,1,1,2,3,0,1,2,3,6.9,112.10000000000001,355.6,26.7
5,64,62,21,3,1,2,1,0,3,3,3,13.5,113.7,111.60000000000001,36.300000000000004
64,32,51,31,2,3,2,3,3,2,3,2,115.2,60.1,91.8,58.300000000000004
70,182,11,53,3,2,2,0,1,3,0,3,129.5,327.6,22.8,92.4
193,51,8,81,2,3,0,2,0,3,1,2,350.40000000000003,93.3,13.4,146.8
3,55,47,39,2,0,2,1,2,1,0,0,6.4,98.0,87.60000000000001,71.7
83,5,29,30,0,2,3,1,1,1,1,3,148.4,11.0,55.7,52.5
26,68,0,63,0,0,3,0,1,1,0,3,45.800000000000004,121.4,0.0,110.4
23,71,2,2,0,1,2,0,1,0,0,1,40.4,129.3,6.6,2.6
70,159,58,38,0,0,0,3,0,2,2,2,126.0,284.2,102.4,70.9
36,86,57,171,2,1,3,2,3,1,0,2,64.8,155.3,107.10000000000001,308.8
29,22,63,5,0,2,2,1,2,2,2,3,50.2,40.6,114.4,7.5
22,63,57,100,3,0,3,3,0,3,3,3,44.1,110.4,104.10000000000001,181.5
26,64,67,36,1,0,0,1,1,1,3,3,47.300000000000004,114.2,117.60000000000001,63.3
27,36,60,115,0,1,3,2,3,1,3,2,45.6,65.3,109.5,208.0
54,165,4,51,2,2,0,1,1,2,0,0,99.2,298.0,7.2,93.3
58,67,0,34,1,3,2,1,3,1,0,2,102.9,124.10000000000001,0.0,60.7
0,15,33,22,0,0,3,1,2,0,1,2,0.0,27.0,62.9,39.1
52,34,64,5,2,2,3,1,0,2,3,2,96.60000000000001,62.2,116.7,8.5
18,54,38,117,1,0,2,0,0,0,3,2,33.9,97.2,68.4,208.6
15,130,18,70,1,0,3,3,0,3,2,1,28.5,231.0,34.9,129.5
0,35,17,120,3,1,0,1,2,3,0,0,0.0,61.5,30.6,217.5
65,2,43,44,3,2,0,1,0,3,3,0,121.5,3.5999999999999996,74.4,80.7
39,63,53,26,3,0,1,0,2,2,2,1,72.7,111.4,94.9,45.800000000000004
122,58,2,176,3,3,0,0,2,2,1,2,222.1,106.9,2.6,314.8
96,42,9,68,1,0,0,0,3,0,3,3,171.3,75.60000000000001,13.2,119.4
44,65,59,33,3,3,3,0,2,3,0,1,81.7,118.5,110.7,58.4
43,49,67,141,0,2,1,3,1,3,3,2,76.4,88.2,119.10000000000001,256.3
61,17,53,58,0,1,1,1,2,1,1,2,107.8,31.1,95.9,103.9
138,170,42,42,0,0,3,0,0,0,2,3,248.4,306.0,78.10000000000001,72.60000000000001
39,13,105,138,3,2,3,3,2,3,2,1,72.7,23.400000000000002,191.5,251.9
7,94,192,68,3,1,1,3,3,0,2,0,14.100000000000001,170.70000000000002,345.1,126.9
27,19,79,34,3,2,1,1,1,2,1,1,52.1,35.2,142.70000000000002,61.7
48,65,29,15,1,2,2,3,3,0,0,3,84.9,120.0,55.2,28.5
171,183,56,4,3,2,2,1,1,0,0,3,311.3,332.40000000000003,103.8,5.699999999999999
57,7,68,25,1,3,0,1,2,3,2,3,102.10000000000001,14.100000000000001,120.4,43.5
131,78,140,23,3,1,2,1,1,2,0,3,239.3,139.9,255.0,39.9
32,52,138,30,0,0,3,3,0,1,3,1,57.6,92.60000000000001,249.9,57.5
13,41,31,166,0,3,1,0,2,3,1,1,21.400000000000002,75.3,56.300000000000004,297.8
53,99,138,78,3,2,3,0,2,1,2,2,97.9,180.20000000000002,250.9,138.4
30,57,13,54,3,0,3,2,1,2,1,2,57.5,100.60000000000001,26.900000000000002,98.2
40,69,26,49,2,2,2,0,3,1,3,0,72.0,126.2,46.800000000000004,88.2
65,39,49,23,1,1,2,2,0,3,3,1,118.5,68.7,88.2,43.4
21,42,14,25,3,3,1,3,3,2,0,0,39.300000000000004,78.10000000000001,26.7,49.5
52,49,17,68,1,1,0,0,3,1,3,3,92.10000000000001,88.7,27.6,119.4
76,51,38,61,2,0,0,3,2,1,3,3,137.8,90.8,65.4,111.3
24,96,58,88,1,3,3,1,2,2,0,3,42.7,175.3,108.9,156.9
27,10,53,26,2,3,2,0,3,2,2,3,48.6,20.5,96.4,43.800000000000004
124,19,21,38,1,2,1,2,3,3,2,0,221.70000000000002,34.2,37.300000000000004,71.4
136,40,39,48,3,1,0,1,3,0,2,2,246.3,73.5,68.2,85.9
61,68,120,59,3,3,2,1,2,1,2,2,112.3,125.9,217.0,105.7
40,192,99,5,1,1,0,3,0,3,3,3,73.5,344.1,175.20000000000002,10.5
164,54,53,66,0,2,3,1,0,1,3,1,295.2,99.2,96.9,119.3
28,39,8,161,2,1,1,3,2,3,2,2,51.4,68.7,13.9,292.3
194,49,64,0,1,3,0,0,0,1,3,2,350.7,91.7,112.2,0.0
37,47,46,31,3,0,0,2,1,0,3,3,70.10000000000001,84.60000000000001,79.8,55.800000000000004
98,32,29,59,0,2,1,2,1,0,0,0,175.4,60.6,53.7,109.2
8,23,49,8,2,3,1,3,2,2,1,3,15.399999999999999,43.9,88.7,15.899999999999999
22,6,70,36,2,0,1,0,1,2,3,3,41.6,8.8,124.5,61.8
45,5,40,67,3,0,0,2,1,0,1,0,84.5,9.0,71.0,123.60000000000001
44,56,69,21,1,3,3,2,2,1,0,3,78.7,104.3,128.7,37.800000000000004
44,10,22,47,2,3,3,2,2,1,3,0,80.2,21.5,41.1,87.60000000000001
50,181,8,59,3,0,2,1,2,2,2,3,92.5,323.8,15.399999999999999,104.7
57,24,68,15,3,2,2,1,0,0,3,0,107.10000000000001,46.2,122.4,28.5
44,24,1,64,0,1,3,0,0,3,1,2,79.2,41.7,5.3,113.2
23,5,3,128,2,3,1,0,1,2,1,2,43.4,11.5,5.9,228.4
56,51,57,61,1,2,1,1,2,0,2,1,100.3,94.8,102.10000000000001,110.3
32,8,114,35,2,1,0,3,3,0,0,1,57.6,15.9,205.20000000000002,66.5
10,29,45,61,2,1,3,1,3,2,1,0,18.0,51.7,84.5,111.3
38,16,66,33,1,2,2,2,2,0,3,0,67.9,31.8,118.8,62.4
5,46,65,6,0,1,2,3,2,2,2,2,7.0,82.3,118.0,13.3
47,6,52,54,3,1,3,0,1,1,2,2,88.10000000000001,11.3,96.10000000000001,95.2
60,32,75,41,2,0,1,2,3,2,1,3,108.0,55.6,135.5,73.8
37,58,4,12,2,3,1,3,1,2,3,3,68.60000000000001,106.9,5.699999999999999,23.1
4,56,5,13,1,3,3,1,2,3,0,3,6.699999999999999,102.3,13.5,21.900000000000002
63,3,53,11,0,2,0,2,3,0,1,1,110.4,8.4,94.4,21.8
26,36,62,0,2,1,2,1,1,1,0,1,48.800000000000004,65.3,114.60000000000001,0.0
27,50,66,17,1,0,3,3,2,1,0,3,48.1,89.0,123.3,32.1
151,44,120,62,1,0,0,1,1,0,0,3,272.3,79.2,216.0,110.10000000000001
20,47,158,57,3,3,2,2,3,3,0,1,37.5,86.10000000000001,287.40000000000003,104.60000000000001
12,9,57,46,2,2,2,3,1,0,3,0,23.6,19.2,102.60000000000001,87.3
105,52,34,186,0,1,2,0,2,2,3,2,187.0,93.10000000000001,61.2,332.8
132,193,62,61,3,3,2,2,3,3,1,2,239.1,348.90000000000003,113.60000000000001,110.8
14,68,61,7,3,1,1,2,3,1,0,3,26.7,122.9,111.3,12.6
43,43,16,7,1,0,0,2,0,3,0,2,78.9,74.4,28.8,13.6
14,4,200,60,1,2,1,1,0,2,0,2,26.7,8.2,361.5,107.5
11,12,32,55,3,2,2,0,1,0,0,2,23.3,24.6,60.6,97.0
12,171,58,104,3,3,3,1,1,1,1,2,25.1,311.3,107.9,186.70000000000002
56,30,56,47,3,0,3,3,2,1,3,0,103.3,53.0,102.3,89.10000000000001
60,49,171,64,0,3,1,3,3,1,2,3,105.0,91.7,307.3,116.7
15,31,187,46,1,0,3,0,0,1,3,0,28.5,54.800000000000004,338.1,82.8
50,58,54,63,2,2,0,0,2,1,1,1,91.0,106.4,96.2,112.4
14,22,10,189,3,1,0,3,2,2,3,0,27.7,39.1,15.0,344.7
132,0,6,50,1,2,2,1,3,1,0,0,236.1,0.0,13.8,91.5
6,0,57,11,2,2,0,0,2,2,2,2,11.8,0.0,100.60000000000001,17.8
158,21,68,42,0,2,3,1,2,2,1,3,282.40000000000003,38.800000000000004,125.9,74.10000000000001
55,52,194,147,0,2,1,2,1,0,3,0,98.0,96.60000000000001,347.7,267.6
60,149,167,60,2,0,2,3,2,1,1,0,109.0,267.2,302.6,112.5
197,81,3,94,3,0,2,2,1,1,3,3,358.1,144.8,5.4,169.20000000000002
60,143,48,65,3,3,3,1,3,2,3,3,109.5,259.90000000000003,87.9,115.5
12,133,71,6,0,2,1,2,3,2,2,0,18.6,240.4,127.30000000000001,13.8
63,38,20,32,0,3,0,2,0,2,0,3,113.4,70.9,36.0,57.6
40,98,107,19,1,1,3,3,3,3,1,0,70.5,174.9,196.1,38.7
184,200,66,55,0,2,3,1,3,1,3,0,328.2,362.0,120.3,100.5
23,46,27,197,1,1,1,0,1,3,2,3,41.9,81.3,48.1,351.6
19,54,25,25,2,2,3,3,1,1,0,3,36.2,99.2,49.5,46.5
150,22,92,60,2,1,3,1,3,2,0,3,270.0,39.1,170.1,106.5
61,49,58,73,0,2,2,1,0,2,3,2,109.8,89.2,104.4,130.9
146,32,16,10,1,1,1,3,1,3,1,0,263.3,56.1,29.3,22.5
11,67,89,39,1,3,2,0,3,0,2,3,18.3,125.10000000000001,161.20000000000002,67.2
61,117,30,1,2,1,2,2,2,2,0,0,110.8,210.1,57.0,4.8
64,27,29,55,0,3,2,1,3,0,3,0,112.2,53.1,52.2,100.5
1,64,48,61,2,0,1,3,3,1,2,1,1.7999999999999998,114.2,85.9,113.3
34,38,32,16,0,2,1,0,3,2,2,3,58.2,69.4,57.1,25.8
62,186,60,0,3,0,0,2,0,1,2,2,116.10000000000001,333.8,106.0,0.0
6,103,141,63,2,2,0,0,1,3,2,0,12.8,185.4,251.8,113.4
28,28,51,50,1,3,1,0,1,1,2,1,50.9,53.9,91.3,89.0
158,100,2,2,2,2,2,2,2,0,2,0,285.40000000000003,183.0,4.6,6.6
49,70,111,28,2,2,0,1,0,3,2,1,91.2,126.0,197.8,50.9
47,140,24,43,0,3,3,2,0,3,2,0,84.60000000000001,253.5,45.7,80.4
55,43,11,36,1,3,2,3,2,0,0,0,98.5,81.9,22.8,69.3
60,6,68,80,1,0,2,3,1,0,0,3,108.5,10.8,125.4,145.5
79,60,63,5,0,1,1,0,0,1,3,1,142.20000000000002,108.5,111.9,8.0
21,83,147,181,1,1,0,2,2,2,1,0,37.300000000000004,148.9,263.6,328.8
64,58,2,32,3,0,1,2,2,0,1,0,117.7,104.4,4.1,60.6
25,54,181,41,0,1,2,3,3,1,1,2,42.0,97.7,327.8,76.3
51,13,125,53,3,1,1,3,0,3,1,1,96.3,21.900000000000002,225.5,98.9
153,53,51,57,0,1,3,0,2,1,2,0,273.40000000000003,95.9,94.3,102.60000000000001
116,34,186,134,2,0,2,0,3,1,1,1,208.8,60.2,336.8,240.20000000000002
36,174,26,97,3,0,1,0,0,0,0,2,69.3,313.2,48.300000000000004,172.6
2,14,65,33,1,2,3,3,0,0,2,0,5.1,28.2,119.5,63.9
31,48,66,48,3,3,3,2,2,2,3,1,58.300000000000004,88.9,120.3,88.4
18,64,153,35,0,1,1,0,0,0,1,1,32.4,116.7,275.90000000000003,62.0
2,124,22,61,2,3,1,0,2,1,0,2,4.6,226.70000000000002,41.1,107.8
36,64,10,15,1,2,2,3,2,3,0,2,64.3,115.2,21.0,29.5
18,34,37,8,1,2,0,2,1,0,3,0,32.9,64.2,63.60000000000001,17.4
14,175,48,63,0,2,3,1,2,2,3,3,23.2,316.0,87.9,111.9
148,35,14,47,1,2,2,1,1,2,3,2,266.90000000000003,64.0,25.2,84.10000000000001
33,67,55,60,0,2,2,2,3,3,3,2,56.4,120.60000000000001,99.0,109.0
70,24,118,37,3,1,3,0,0,0,1,3,130.5,44.7,215.9,63.60000000000001
68,32,144,105,2,1,0,3,1,2,2,2,124.4,57.1,257.2,191.5
43,15,35,130,1,0,0,1,0,3,2,1,78.9,24.0,61.0,234.5
24,60,23,65,2,3,2,3,1,1,0,2,45.2,111.5,44.4,119.5
56,29,156,33,0,2,2,0,0,3,2,3,100.8,52.2,281.8,56.4
67,170,66,9,2,2,0,1,0,3,1,3,123.60000000000001,306.0,117.8,14.7
10,67,142,42,2,3,1,2,3,2,2,1,18.0,123.10000000000001,255.10000000000002,77.60000000000001
32,62,70,47,0,0,2,0,2,2,2,0,55.6,109.60000000000001,127.0,84.60000000000001
38,6,37,37,0,0,0,1,0,1,0,0,68.4,9.8,66.60000000000001,68.10000000000001
66,47,60,89,3,0,3,3,1,1,0,3,122.3,83.60000000000001,112.5,161.70000000000002
147,31,46,101,1,1,3,0,2,2,1,0,264.1,55.300000000000004,86.3,181.8
64,51,39,21,2,1,3,2,3,1,1,3,115.2,92.3,73.7,37.800000000000004
7,185,19,2,3,3,0,0,0,2,2,3,17.1,335.5,32.2,0.6000000000000001
17,18,14,65,3,1,2,0,0,3,0,2,35.1,30.9,28.2,115.0
20,30,196,185,0,1,2,2,0,2,2,1,36.0,53.5,353.8,335.0
65,4,48,97,2,1,1,2,2,2,2,2,118.0,6.699999999999999,85.9,175.6
111,164,118,1,0,3,2,1,0,1,0,3,199.8,298.7,215.4,0.2999999999999998
173,7,44,100,3,3,0,3,3,0,3,3,312.90000000000003,17.1,76.2,181.5
45,56,13,59,2,1,0,2,2,2,1,2,82.0,100.3,22.400000000000002,107.2
41,86,17,196,0,1,1,1,0,1,1,1,73.8,155.3,31.1,353.3
38,196,68,26,3,1,2,3,3,2,1,3,69.9,352.3,124.4,48.300000000000004
27,37,14,29,1,2,3,3,2,0,2,2,48.1,69.60000000000001,27.7,54.7
61,55,140,37,3,1,0,1,3,2,0,0,111.3,98.5,252.0,68.10000000000001
97,54,69,32,2,2,0,1,2,2,0,3,175.6,98.2,124.2,56.1
35,59,42,51,2,1,3,3,0,3,3,2,66.0,104.7,77.10000000000001,94.3
67,22,3,104,1,2,0,3,2,1,0,1,120.10000000000001,41.6,5.4,190.70000000000002
174,19,43,42,3,3,2,1,0,0,2,3,317.7,38.7,78.4,74.10000000000001
17,31,115,52,3,1,2,0,1,0,1,0,34.1,57.300000000000004,209.0,93.60000000000001
47,6,13,40,1,1,1,2,3,1,2,2,83.10000000000001,11.3,22.900000000000002,73.0
32,36,26,58,3,1,0,0,2,2,3,2,60.1,64.3,43.800000000000004,102.4
19,52,80,55,2,2,0,1,0,1,1,3,37.2,95.60000000000001,143.0,97.5
153,138,191,149,3,0,3,1,2,0,3,0,277.90000000000003,248.4,345.3,269.7
81,59,63,45,2,2,1,1,1,1,2,0,147.8,108.2,112.9,82.5
129,13,83,132,3,0,2,0,1,2,3,0,235.70000000000002,21.400000000000002,149.4,237.6
56,49,18,65,1,3,2,3,1,2,1,3,101.3,90.7,34.4,118.5
32,4,67,60,0,0,2,2,2,2,1,1,55.6,5.2,122.60000000000001,110.0
48,176,41,32,3,1,3,0,3,0,3,1,87.9,318.3,75.3,56.6
126,18,60,52,0,3,1,2,1,0,0,2,225.8,36.9,109.5,94.60000000000001
30,32,22,131,0,2,0,2,3,2,2,2,51.0,58.6,37.6,236.8
12,16,164,38,3,3,3,0,3,2,3,1,23.1,31.299999999999997,296.7,67.4
57,35,74,6,0,0,3,1,1,1,3,0,101.60000000000001,62.0,134.70000000000002,12.3
134,54,103,19,0,3,3,2,0,2,0,2,241.20000000000002,99.7,189.9,35.2
2,54,66,3,1,1,3,0,2,0,2,2,3.0999999999999996,98.7,121.3,3.4000000000000004
63,56,53,3,3,2,1,0,1,0,1,3,116.9,103.8,95.9,2.4000000000000004
28,34,15,60,2,2,3,0,1,0,3,2,52.4,64.2,28.5,106.0
23,26,115,57,0,3,0,1,1,0,3,0,40.4,51.300000000000004,204.0,104.10000000000001
193,48,66,33,0,3,3,1,2,1,2,0,345.40000000000003,89.9,121.3,60.9
35,167,12,27,1,3,1,2,3,1,1,2,61.5,304.1,22.1,49.6
65,1,80,6,2,1,2,2,0,2,3,0,120.0,1.2999999999999998,144.0,13.8
19,98,45,58,1,3,3,2,0,3,1,0,35.7,177.9,84.5,107.4
91,44,165,89,2,2,2,2,1,2,0,0,165.8,80.2,300.0,163.20000000000002
128,62,54,172,2,3,1,0,3,0,1,0,230.4,116.10000000000001,97.7,309.6
51,47,18,31,1,1,3,3,2,0,3,3,91.3,86.10000000000001,33.9,57.300000000000004
25,26,38,20,2,3,1,2,0,3,3,2,48.0,48.300000000000004,66.9,37.0
107,42,33,190,0,1,3,3,2,0,2,3,190.6,77.10000000000001,61.9,343.5
35,1,11,11,3,0,3,1,0,2,2,1,67.5,0.0,22.3,20.3
31,131,68,29,1,2,2,1,0,3,2,1,57.300000000000004,235.8,123.4,52.7
6,0,2,178,0,1,3,1,2,2,3,1,8.8,0.0,5.1,320.90000000000003
17,1,69,31,1,1,2,1,2,0,3,3,30.1,3.3,124.2,54.300000000000004
24,49,1,77,1,0,3,0,3,2,1,1,41.7,86.2,5.3,137.6
51,15,26,113,0,1,1,3,1,3,1,2,90.8,25.5,47.300000000000004,205.9
50,5,52,4,0,1,2,3,1,3,1,2,89.0,7.5,95.60000000000001,9.7
8,191,24,22,0,0,2,1,3,0,1,0,11.4,343.8,45.2,41.1
44,64,51,25,0,1,0,3,2,3,3,0,77.2,113.7,88.8,49.5
54,103,27,147,1,2,3,1,1,1,1,1,97.7,187.4,52.1,265.1
39,47,57,53,3,2,0,2,3,3,3,0,71.7,84.60000000000001,99.60000000000001,98.4
7,31,90,19,1,1,2,1,2,3,2,3,12.1,54.300000000000004,163.0,32.7
12,32,38,48,1,0,2,3,3,3,0,0,20.1,54.6,71.4,90.9
74,69,127,13,1,0,0,0,3,3,2,2,131.70000000000002,121.2,226.6,21.400000000000002
62,13,70,30,3,3,2,0,0,2,2,0,116.10000000000001,25.900000000000002,127.0,54.0
21,187,77,160,0,3,2,1,0,3,1,1,37.800000000000004,338.1,140.6,288.5
57,32,55,48,0,2,3,1,1,1,3,0,101.60000000000001,59.6,100.5,87.9
46,2,62,47,3,2,1,3,2,0,1,2,85.3,6.6,112.10000000000001,87.10000000000001
6,33,46,49,2,2,1,1,1,2,3,3,12.8,60.4,81.3,86.7
15,69,41,49,3,0,0,2,2,2,3,2,29.5,122.2,70.8,89.2
58,17,18,55,1,2,1,1,3,2,2,3,102.9,31.6,31.9,97.5
20,124,0,70,0,3,3,3,1,1,3,3,35.0,226.70000000000002,0.0,127.5
44,35,15,0,1,0,0,2,2,1,0,0,78.7,62.0,27.0,0.0
52,61,43,158,2,0,0,0,1,0,1,2,95.60000000000001,109.8,76.4,282.40000000000003
32,31,10,29,2,3,2,2,0,3,3,1,60.6,57.300000000000004,18.0,54.2
66,65,6,64,2,2,3,3,0,0,3,1,121.8,120.0,12.3,118.7
32,26,118,13,3,1,3,2,1,3,1,3,61.1,45.300000000000004,215.9,23.400000000000002
139,11,100,64,3,0,2,2,0,2,2,2,254.70000000000002,17.8,181.0,116.2
118,60,197,54,0,1,0,1,2,2,2,3,210.4,107.5,352.6,95.7
118,52,43,21,1,1,3,2,3,3,0,0,210.9,92.10000000000001,81.9,40.800000000000004
115,139,5,46,3,1,3,3,2,3,3,2,209.5,248.70000000000002,10.5,85.3
141,66,57,68,2,3,2,0,2,0,1,2,254.8,123.3,104.60000000000001,120.4
36,88,41,29,2,2,1,2,2,2,3,3,65.8,159.4,72.3,52.2
68,64,29,161,3,0,0,3,0,1,2,1,126.9,114.2,50.2,293.3
5,55,51,16,0,3,1,1,2,0,0,3,7.0,103.5,93.3,27.3
194,60,64,156,1,0,0,1,1,1,3,3,349.7,107.0,112.2,279.3
55,3,44,65,1,0,3,1,1,1,0,3,99.5,4.4,83.7,115.5
0,69,22,149,2,3,0,0,0,0,0,1,0.0,128.7,39.6,267.2
21,4,35,15,3,1,1,2,3,1,0,3,39.300000000000004,7.699999999999999,64.5,27.0
42,18,56,62,2,2,1,2,0,3,1,2,78.60000000000001,32.4,101.3,112.60000000000001
6,66,180,60,1,1,2,0,2,3,2,3,10.3,117.3,325.0,105.0
52,69,69,15,2,0,1,0,3,1,1,2,93.60000000000001,123.2,124.7,25.0
132,42,1,64,3,0,0,3,0,3,3,3,242.1,72.60000000000001,0.0,116.7
69,22,4,108,3,0,2,0,2,0,2,1,126.69999999999999,39.6,8.2,193.4
25,44,68,50,3,2,0,0,0,1,3,1,49.5,81.2,119.4,89.0
4,86,27,25,3,1,3,0,1,0,1,0,10.7,156.3,52.1,45.0
33,13,11,141,2,2,0,3,2,3,0,1,60.4,23.400000000000002,19.8,257.3
44,1,5,141,3,3,2,3,0,2,0,0,83.7,4.3,12.0,258.3
189,30,180,57,2,0,0,0,2,3,2,0,341.2,51.0,322.0,102.60000000000001
45,50,128,19,0,2,1,2,0,1,3,2,81.0,92.0,228.9,35.2
129,49,90,38,1,3,0,2,0,2,2,2,233.70000000000002,90.7,160.0,69.4
8,83,54,39,1,3,2,2,3,0,1,2,12.9,153.9,99.2,71.2
7,55,56,160,2,3,0,1,3,2,0,2,12.6,101.5,100.8,287.5
43,34,55,73,1,3,1,0,2,0,0,0,76.9,65.7,100.5,131.4
121,66,1,21,2,3,3,1,2,2,3,0,218.8,121.3,3.3,39.300000000000004
152,3,2,5,2,0,3,1,1,1,0,0,275.6,4.4,8.1,10.5
105,114,18,63,1,1,1,1,2,1,2,0,188.5,205.70000000000002,31.9,114.9
19,30,23,10,3,1,3,3,1,1,3,3,37.7,54.5,42.9,19.5
2,88,18,39,2,0,1,0,0,1,1,3,6.6,157.4,32.9,67.2
4,197,41,56,3,0,0,2,3,0,1,0,8.7,354.6,72.8,103.8
46,130,70,71,1,2,1,2,0,3,3,1,84.3,234.0,124.5,129.8
28,102,45,45,1,1,3,1,1,2,3,1,50.9,183.1,82.5,81.5
7,31,26,65,3,0,0,2,1,0,3,0,16.1,55.800000000000004,43.800000000000004,120.0
7,135,49,1,1,3,2,1,3,0,3,3,11.1,247.5,88.2,0.2999999999999998
47,2,185,3,0,0,0,0,1,1,1,2,83.60000000000001,2.6,332.0,3.4000000000000004
38,36,160,70,0,2,1,0,1,1,3,3,67.4,66.8,286.5,123.0
117,150,27,199,3,3,2,3,2,0,3,1,213.1,274.5,48.6,361.7
129,76,52,9,2,1,2,1,0,0,0,2,235.20000000000002,138.3,96.60000000000001,15.7
46,20,44,45,3,1,3,3,2,2,2,1,85.3,35.5,81.7,84.5
117,14,56,48,0,0,2,3,0,1,0,2,210.6,24.2,103.8,88.9
128,8,17,35,3,0,0,0,2,0,0,0,232.9,14.4,30.6,63.0
59,177,5,34,2,1,0,1,1,0,1,2,108.2,320.1,8.0,60.7
39,69,18,23,3,0,3,2,0,0,2,1,74.7,124.2,34.9,43.4
37,9,23,18,1,3,1,2,0,1,0,2,68.10000000000001,19.7,42.9,33.4
57,32,123,64,1,2,3,2,3,0,0,3,101.10000000000001,60.6,225.9,115.2
104,4,44,151,1,2,3,3,2,1,1,3,186.70000000000002,9.2,82.7,273.3
64,52,133,36,0,1,2,2,2,3,1,1,113.2,92.10000000000001,241.4,66.8
38,96,23,168,2,0,1,0,2,2,0,1,69.4,170.8,42.9,301.40000000000003
47,64,55,21,1,2,3,0,2,1,0,3,84.10000000000001,117.2,103.5,34.800000000000004
40,10,10,44,1,2,0,1,1,0,0,0,72.5,21.0,18.0,80.7
23,56,29,170,3,1,3,2,1,1,0,3,44.9,101.3,56.7,306.0
62,40,5,61,1,0,0,2,2,2,2,0,111.10000000000001,70.0,7.0,112.8
135,10,70,6,0,2,1,0,2,2,3,1,241.0,19.0,124.5,9.8
56,2,171,26,3,2,3,2,0,1,2,2,105.3,5.6,310.3,47.800000000000004
53,13,47,66,3,2,1,0,1,0,0,1,98.9,26.400000000000002,86.10000000000001,117.8
2,98,9,106,3,0,0,2,1,3,3,3,7.1,173.4,13.2,190.8
66,6,62,87,3,2,2,0,2,0,1,2,121.3,13.8,113.60000000000001,154.6
68,16,60,113,1,3,2,2,0,3,3,1,123.9,30.299999999999997,108.0,205.4
30,40,69,44,2,2,0,2,2,2,3,0,55.0,73.0,121.2,82.2
166,0,199,30,1,0,3,2,3,3,1,3,297.3,0.0,361.7,54.0
22,30,13,0,1,3,1,0,0,0,1,0,41.1,58.5,23.900000000000002,0.0
27,98,18,57,3,3,0,3,3,2,1,2,50.1,178.9,31.4,105.10000000000001
5,54,18,139,0,2,3,3,1,3,0,3,8.0,97.2,36.9,251.70000000000002
37,65,57,66,0,2,1,0,2,3,3,0,64.60000000000001,117.0,101.10000000000001,118.8
6,25,56,12,2,1,0,3,1,2,3,3,12.8,44.5,97.8,23.1
46,30,43,11,0,1,0,0,1,2,2,3,81.8,53.5,75.4,16.8
48,69,37,8,2,1,2,3,1,0,3,0,88.4,125.7,66.60000000000001,18.9
29,8,12,2,3,0,3,0,3,1,1,3,53.7,13.4,25.1,0.6000000000000001
69,7,36,29,0,3,2,2,0,2,0,0,124.2,15.100000000000001,67.8,55.2
59,14,45,45,3,2,0,2,2,0,1,3,108.7,28.2,80.0,81.0
17,54,23,116,2,0,1,3,0,3,3,2,33.6,94.2,39.9,211.3
141,19,56,61,2,2,0,0,3,2,2,1,253.8,35.2,98.8,108.8
3,43,50,6,0,0,2,2,3,2,3,0,2.4000000000000004,75.4,90.0,13.8
122,69,11,57,0,0,0,1,1,3,2,2,218.6,121.2,17.8,102.10000000000001
5,6,163,25,3,3,1,0,3,3,2,1,10.5,12.3,292.90000000000003,44.0
20,94,85,57,0,3,1,3,0,1,2,1,36.0,172.70000000000002,152.5,106.10000000000001
24,69,62,17,1,3,0,0,3,3,0,2,41.7,125.69999999999999,111.60000000000001,28.6
3,28,7,155,0,0,0,2,3,3,3,1,2.4000000000000004,47.4,9.6,281.0
55,38,68,53,0,3,2,2,0,0,1,3,99.0,72.9,124.4,95.4
90,188,70,25,1,0,2,1,1,1,3,0,162.5,337.40000000000003,126.0,46.5
50,2,38,35,2,2,2,3,1,2,1,1,92.0,4.6,70.4,66.5
69,68,37,82,0,1,1,2,1,2,3,2,123.2,121.9,65.10000000000001,148.6
59,9,2,198,0,3,3,2,0,0,2,2,106.2,20.7,6.1,357.40000000000003
23,3,156,51,3,0,0,1,0,3,1,3,45.9,2.4000000000000004,279.8,90.3
5,66,56,31,0,1,2,0,3,1,0,2,6.0,119.3,103.8,53.800000000000004
149,57,66,56,0,2,0,2,2,1,0,3,266.2,104.60000000000001,118.8,100.8
2,24,65,54,3,3,3,3,0,3,0,3,8.1,44.7,121.5,98.7
55,60,69,28,2,0,3,0,0,3,2,0,102.0,105.0,126.69999999999999,50.4
107,51,37,41,3,2,0,2,2,1,2,1,195.1,93.8,64.60000000000001,75.8
58,52,143,66,0,1,3,3,1,2,2,0,103.4,93.10000000000001,259.90000000000003,123.3
19,7,62,17,0,0,1,2,2,2,2,1,32.2,10.6,111.10000000000001,32.6
62,32,65,2,3,1,1,0,3,1,2,2,113.10000000000001,58.1,116.5,1.6
8,138,100,60,3,0,0,0,1,3,0,0,17.9,245.4,180.0,108.0
67,136,27,172,1,1,0,0,2,2,0,1,120.10000000000001,244.3,48.6,308.6
43,10,60,109,2,3,0,2,2,2,0,2,78.4,20.5,108.0,197.20000000000002
42,139,56,22,2,0,2,2,2,3,0,1,76.60000000000001,247.20000000000002,103.8,41.6
36,43,66,12,3,2,1,0,1,3,3,3,68.3,77.4,117.3,18.6
191,22,113,12,2,0,2,0,0,2,2,0,346.8,37.6,204.4,21.6
37,42,8,173,0,1,3,1,0,2,0,0,66.60000000000001,75.10000000000001,18.9,312.90000000000003
43,35,72,68,2,2,1,0,0,1,0,1,80.4,65.0,131.1,121.4
9,44,174,14,1,2,0,2,3,2,1,1,14.7,80.2,312.2,27.2
59,136,48,67,3,3,0,2,1,1,0,1,109.7,248.3,86.4,122.60000000000001
191,62,1,70,2,3,3,0,1,1,2,0,345.8,115.10000000000001,4.3,126.0
68,84,58,111,2,0,1,1,0,1,1,2,125.4,150.20000000000002,104.9,199.3
65,69,150,55,0,1,2,0,2,1,0,1,115.0,124.7,273.0,98.0
61,10,28,48,3,0,2,1,3,3,3,0,111.3,15.0,50.4,87.9
31,62,3,148,1,1,1,3,2,2,0,2,55.300000000000004,111.10000000000001,6.9,268.90000000000003
33,5,60,66,0,1,1,0,0,2,1,2,59.4,8.5,108.5,116.8
67,43,59,58,2,2,0,1,2,3,3,2,121.60000000000001,77.4,103.2,103.9
176,33,46,41,1,0,2,0,0,0,2,1,318.3,59.4,83.8,72.8
131,58,29,164,2,2,0,3,2,1,0,2,236.8,106.4,52.2,297.7
0,8,66,140,1,1,1,3,2,0,1,0,0.0,15.9,119.3,256.5
14,68,38,94,2,3,1,1,1,0,3,0,27.2,126.9,66.9,170.70000000000002
58,29,7,192,1,2,0,3,0,1,2,1,105.9,54.2,10.6,349.1
57,21,10,46,0,3,1,2,0,3,0,0,102.60000000000001,39.300000000000004,19.5,85.8
10,37,1,147,2,2,1,0,3,0,1,3,18.0,69.60000000000001,2.3,261.6
46,6,39,60,0,1,2,1,0,2,0,2,82.8,10.3,73.2,107.5
0,61,3,16,1,1,0,3,2,2,2,0,0.0,109.3,3.4000000000000004,33.3
42,59,58,57,3,3,1,1,1,2,1,1,79.10000000000001,108.7,104.9,103.10000000000001
16,24,183,2,1,2,3,3,2,3,3,0,28.3,43.2,330.90000000000003,8.1
65,29,20,7,1,1,3,3,0,1,3,0,118.5,52.7,37.5,17.1
42,54,19,16,1,3,1,1,0,1,2,2,77.10000000000001,100.7,33.7,28.3
17,66,4,193,1,0,1,3,2,1,0,1,30.1,117.8,8.7,350.90000000000003
40,51,54,44,1,3,1,3,3,2,2,3,70.5,94.3,96.7,80.7
97,89,200,63,3,2,2,3,3,2,1,0,176.1,161.20000000000002,362.0,117.9
50,0,5,3,0,1,3,3,3,1,3,2,87.0,0.0,10.5,7.9
124,36,43,93,1,0,0,3,1,2,0,3,223.70000000000002,62.8,77.4,168.9
46,40,38,14,1,3,2,2,1,3,1,3,83.3,73.5,70.4,25.2
99,5,104,95,1,3,0,0,3,2,1,1,176.70000000000002,11.5,186.20000000000002,170.0
15,159,42,31,2,3,3,0,0,1,1,0,30.0,289.7,79.10000000000001,55.800000000000004
59,77,18,131,0,0,2,0,0,1,0,0,106.2,137.6,35.4,235.8
24,32,50,63,3,2,1,3,3,0,0,1,44.7,60.6,91.5,116.9
97,70,69,115,2,1,2,3,3,3,2,3,174.6,124.5,125.2,208.5
26,32,13,12,2,1,2,0,2,3,1,2,47.800000000000004,56.1,25.400000000000002,19.6
177,136,6,153,0,3,2,3,1,3,1,0,317.6,246.3,12.8,279.90000000000003
51,200,46,15,0,0,1,2,1,1,1,0,90.8,359.0,83.3,30.0
164,17,57,69,0,1,3,1,0,0,1,2,295.2,32.1,106.10000000000001,123.7
67,43,43,3,1,3,0,1,2,3,0,0,120.10000000000001,78.9,77.4,6.9
97,83,10,25,2,3,1,2,1,0,1,3,176.6,153.9,18.5,45.0
79,67,26,69,0,2,2,0,0,2,1,0,142.20000000000002,121.60000000000001,48.800000000000004,124.2
63,14,123,45,3,0,0,3,3,1,2,2,114.9,24.2,219.4,83.5
69,14,19,41,1,1,2,0,2,1,3,1,123.7,25.7,34.2,72.8
39,20,99,1,0,3,3,1,2,1,0,0,68.2,39.5,182.70000000000002,3.3
31,1,58,154,2,3,0,1,2,1,0,2,56.800000000000004,5.3,104.4,276.7
31,41,140,7,0,2,1,2,2,3,0,2,53.800000000000004,73.8,253.5,13.6
13,10,12,7,3,3,2,2,1,0,1,1,26.900000000000002,22.5,23.6,14.6
24,16,16,13,3,3,2,2,1,2,2,2,46.7,31.299999999999997,29.8,24.400000000000002
21,57,72,40,3,2,0,0,3,0,1,1,39.300000000000004,105.60000000000001,128.6,71.0
6,24,79,106,1,3,1,0,3,0,0,0,9.3,47.7,143.70000000000002,190.8
125,58,52,65,3,3,1,1,2,0,0,2,227.5,108.9,95.10000000000001,116.5
21,66,9,23,1,3,1,3,1,1,0,1,38.300000000000004,122.3,17.7,44.9
53,48,22,51,0,2,2,0,2,3,0,2,93.4,86.4,42.6,89.8
69,48,20,59,0,0,2,1,3,3,2,0,121.2,83.4,37.0,107.7
18,80,35,70,3,2,2,3,0,0,0,3,36.9,147.0,66.0,127.5
5,42,66,166,1,0,2,3,1,2,0,3,9.5,73.60000000000001,121.8,300.3
86,53,19,21,0,3,0,1,3,0,2,2,151.8,99.9,32.2,37.300000000000004
164,161,31,32,3,1,0,0,3,3,2,0,296.7,288.3,53.800000000000004,57.6
86,36,48,9,3,2,2,1,2,1,3,0,157.3,66.8,86.4,17.7
51,9,24,22,0,0,0,3,2,1,3,1,89.8,15.2,40.2,43.1
35,137,1,67,3,2,1,3,2,3,1,0,65.5,246.6,2.3,125.10000000000001
93,14,67,56,1,1,0,2,0,0,2,1,168.9,26.7,118.60000000000001,102.8
21,14,17,14,3,3,3,2,1,1,0,3,41.300000000000004,28.7,35.1,25.2
45,65,51,26,2,0,0,3,3,1,1,1,81.0,116.0,90.8,50.300000000000004
20,32,24,66,1,3,2,3,2,1,1,2,35.5,61.1,45.2,121.3
64,65,62,5,2,0,3,2,1,2,1,1,117.2,115.0,115.10000000000001,11.0
173,55,63,49,0,3,2,1,2,2,1,3,309.40000000000003,101.5,115.4,86.7
21,35,12,8,2,0,0,2,0,1,0,0,40.800000000000004,62.0,21.6,17.4
72,33,133,34,2,2,0,3,3,3,3,2,129.6,59.4,236.4,63.7
64,33,29,30,2,1,0,2,2,2,2,2,116.2,58.9,50.2,55.0
24,81,11,49,1,3,1,2,0,0,3,3,44.7,150.3,18.3,88.2
67,36,34,25,1,3,3,2,1,1,3,1,121.10000000000001,68.3,62.7,47.0
95,54,15,55,1,1,2,3,3,0,2,3,169.5,98.7,28.0,100.5
62,12,186,7,2,0,0,3,0,3,2,3,114.60000000000001,18.6,332.8,14.100000000000001
66,38,165,3,3,3,3,3,1,3,3,3,122.3,69.9,298.5,6.9
25,178,85,8,0,2,0,3,2,3,2,2,43.0,320.40000000000003,151.0,16.9
141,35,53,47,0,1,2,0,2,0,2,1,251.8,64.5,96.4,83.60000000000001
20,50,51,65,3,2,1,1,0,2,0,1,40.5,91.0,93.3,117.5
104,28,12,9,2,3,1,1,1,2,1,2,189.20000000000002,52.9,22.1,15.7
71,130,106,44,3,1,2,1,2,0,0,1,130.3,235.5,193.8,79.7
14,29,28,156,3,0,0,1,1,0,0,1,28.7,52.2,50.4,281.3
154,68,1,10,0,2,1,2,3,3,3,3,274.2,122.4,0.2999999999999998,18.0
41,20,116,97,2,2,2,3,3,3,1,3,73.8,36.0,210.8,176.1
57,36,106,32,3,0,1,1,0,3,2,1,107.10000000000001,61.8,190.3,58.1
53,37,39,43,0,2,0,0,3,2,2,1,92.4,67.60000000000001,68.2,76.4
16,23,67,173,1,0,0,2,1,0,2,2,29.3,41.4,118.60000000000001,312.40000000000003
66,50,54,10,2,1,1,1,1,2,3,0,120.8,89.5,95.7,19.5
21,5,32,68,0,1,0,0,2,2,2,1,35.800000000000004,8.5,55.6,121.4
133,3,31,27,2,0,3,0,1,2,0,3,241.4,3.4000000000000004,60.300000000000004,45.6
92,52,161,4,3,3,0,1,3,3,2,3,167.1,95.10000000000001,287.8,5.699999999999999
12,69,39,48,2,2,1,0,2,3,1,2,22.6,124.2,70.7,84.4
58,53,56,34,2,3,3,2,3,2,2,2,104.4,97.9,103.3,62.2
67,24,8,91,3,2,3,3,2,2,1,0,123.10000000000001,44.2,17.9,168.3
1,52,190,63,0,1,3,1,3,1,1,3,0.0,94.10000000000001,345.5,111.9
68,31,53,27,1,1,0,1,3,2,0,3,120.9,55.300000000000004,95.4,47.1
138,68,40,27,1,0,2,1,0,1,3,0,249.9,121.4,72.0,50.1
25,20,63,51,3,2,1,1,2,1,1,0,47.5,38.0,113.9,93.3
80,1,0,70,2,1,3,3,3,3,1,3,144.0,0.2999999999999998,0.0,127.5
70,58,24,51,3,0,2,3,1,0,0,3,129.5,104.4,46.2,93.3
21,48,194,192,2,3,2,0,0,0,1,3,40.800000000000004,90.9,351.2,342.6
140,168,38,25,2,1,3,2,2,2,0,2,253.0,301.90000000000003,72.9,46.0
25,126,33,2,1,2,2,1,2,3,1,0,44.5,226.8,61.4,5.1
69,55,41,41,3,3,0,2,3,3,3,0,125.69999999999999,100.5,70.8,76.8
196,63,7,70,0,1,1,0,3,0,1,3,349.8,114.9,13.1,123.0
98,17,45,1,2,0,3,0,3,1,0,1,176.4,29.6,85.5,0.8
16,55,4,66,3,2,3,1,0,1,2,3,33.3,101.0,9.7,117.3
58,64,47,4,0,2,3,1,1,0,1,3,103.4,118.2,88.10000000000001,5.699999999999999
88,32,35,144,3,2,3,2,3,1,2,3,159.9,59.6,65.5,259.2
58,0,185,7,1,3,1,2,2,3,3,0,103.9,0.0,331.5,15.6
30,25,178,170,2,0,2,3,1,0,2,0,56.0,45.0,321.40000000000003,310.5
28,49,21,113,3,1,2,3,2,2,1,3,52.9,87.7,39.800000000000004,204.9
14,29,4,10,0,1,2,1,3,1,2,0,22.2,52.7,8.2,19.5
49,6,62,61,1,0,1,0,2,1,1,2,87.7,9.8,112.10000000000001,107.8
25,60,200,3,1,2,2,2,3,0,2,0,43.5,111.0,361.0,8.4
78,45,184,11,2,0,1,1,2,3,3,0,141.4,78.0,329.7,21.3
54,0,188,43,3,2,3,0,2,3,3,0,99.7,0.0,339.90000000000003,77.4
20,40,27,27,3,0,2,2,1,1,2,0,39.5,71.0,49.6,51.6
96,20,103,3,1,1,2,1,2,3,3,3,172.3,34.5,185.4,3.9000000000000004
38,2,45,23,1,0,1,0,2,0,0,3,67.9,3.6,82.5,38.4
28,54,15,18,1,1,2,3,0,3,3,2,51.9,95.7,27.0,34.9
20,151,130,0,1,3,3,0,2,3,1,0,35.5,273.3,237.5,0.0
19,29,61,27,0,3,3,2,0,0,2,2,34.2,56.7,112.3,49.6
18,144,43,12,1,0,0,1,0,0,0,0,33.9,259.2,77.4,23.1
55,142,46,29,0,3,2,0,2,1,2,3,97.0,259.1,83.8,49.2
11,29,57,82,3,1,0,0,3,2,2,2,21.3,51.7,100.60000000000001,145.6
60,30,13,57,1,3,3,2,1,3,0,2,108.5,55.5,27.900000000000002,103.60000000000001
39,60,111,4,1,0,3,3,2,3,3,0,69.7,105.0,201.3,11.7
39,115,105,146,3,3,0,3,0,0,0,0,74.7,211.5,189.0,267.3
94,31,32,49,0,2,0,2,2,3,1,3,167.20000000000002,55.800000000000004,56.6,88.2
35,13,152,51,3,1,1,3,3,2,1,2,64.5,22.900000000000002,274.1,94.3
17,52,182,19,3,0,3,2,1,2,1,2,34.1,91.60000000000001,331.1,35.2
49,41,130,160,3,1,3,2,1,1,3,2,91.7,74.3,235.5,289.0
31,43,152,7,0,1,1,2,2,1,3,2,53.800000000000004,77.9,272.1,13.6
12,121,119,23,0,0,3,2,0,3,1,0,21.6,214.8,217.70000000000002,44.4
57,69,39,44,2,3,2,3,2,2,0,1,103.60000000000001,126.69999999999999,73.2,82.7
32,34,4,34,3,3,1,1,3,1,0,1,59.1,64.7,8.7,61.7
128,61,55,191,3,1,0,0,1,3,2,3,233.9,108.3,97.0,340.8
1,46,196,175,1,3,2,1,0,3,1,1,3.3,84.3,354.8,315.5
24,1,7,3,0,2,2,1,3,1,3,3,40.2,3.8,12.6,3.9000000000000004
62,50,67,24,1,0,2,0,2,2,3,0,111.10000000000001,88.0,120.60000000000001,43.2
53,185,21,70,3,1,3,1,0,1,2,1,99.9,333.5,40.300000000000004,126.5
53,31,52,46,1,1,2,3,2,3,3,3,94.9,54.300000000000004,93.60000000000001,84.3
21,47,34,29,1,0,1,2,3,1,0,2,36.300000000000004,83.60000000000001,62.7,53.2
182,25,67,30,1,3,2,2,3,0,1,3,326.1,49.5,122.60000000000001,54.0
48,39,78,32,2,2,1,2,2,0,1,0,87.4,73.2,140.9,60.6
61,44,60,5,1,2,3,1,0,1,1,2,111.3,81.2,111.5,8.5
61,54,49,65,2,1,1,3,0,1,0,2,112.8,97.7,89.7,119.5
8,42,64,42,0,2,3,3,3,2,1,3,11.4,76.60000000000001,118.7,77.10000000000001
41,46,122,83,1,1,1,3,1,2,1,3,74.3,82.3,220.1,150.9
178,109,46,42,2,1,2,2,3,1,2,3,320.40000000000003,196.70000000000002,83.8,75.60000000000001
50,42,70,94,3,1,3,2,1,1,3,2,93.5,76.10000000000001,127.5,170.20000000000002
65,2,59,3,2,0,2,2,2,3,2,0,118.0,0.6000000000000001,107.2,8.4
21,59,9,32,3,0,1,2,1,3,1,3,41.300000000000004,103.2,16.7,57.6
49,27,18,64,1,2,2,2,0,2,0,3,89.7,49.6,35.4,115.2
57,32,36,13,1,0,3,2,3,2,1,1,101.10000000000001,55.6,68.3,25.400000000000002
25,120,44,40,2,1,1,0,2,3,2,3,46.0,214.5,78.7,69.0
28,134,20,13,1,1,3,0,2,0,3,2,49.9,242.70000000000002,37.5,21.400000000000002
56,144,46,13,2,1,2,3,3,1,3,0,100.8,259.7,82.8,27.900000000000002
70,44,6,29,0,0,1,3,1,3,1,1,125.0,76.2,11.3,55.7
156,63,42,6,2,0,3,2,0,3,0,0,283.8,110.4,80.10000000000001,13.8
47,64,34,55,0,3,0,1,1,0,1,0,83.60000000000001,119.7,60.2,100.5
34,14,61,166,3,0,1,3,0,2,1,1,65.7,23.2,110.3,302.3
12,25,38,37,2,2,0,2,0,1,0,1,24.6,47.0,68.4,68.60000000000001
190,64,170,41,0,2,1,3,3,3,0,3,339.0,115.2,307.5,75.3
34,18,4,9,2,0,3,3,1,3,3,3,63.2,29.4,8.7,17.7
31,48,62,30,1,3,2,3,2,1,3,3,55.300000000000004,89.9,111.60000000000001,55.5
11,69,39,145,1,1,1,3,2,0,2,0,19.3,125.7,69.7,265.5
13,58,40,62,3,0,1,3,2,2,1,0,25.900000000000002,102.4,72.5,116.10000000000001
169,45,141,16,0,2,1,1,3,0,0,0,301.2,84.0,255.3,30.3
32,25,11,60,1,0,3,2,0,0,2,2,59.1,45.0,22.3,109.0
51,51,66,47,0,3,1,0,1,1,1,0,90.8,95.3,119.3,84.60000000000001
56,8,52,36,3,2,2,0,1,0,1,0,104.3,17.4,95.60000000000001,64.8
6,60,40,20,0,1,1,0,2,0,0,1,8.8,109.5,73.5,35.0
25,3,39,126,1,2,2,1,2,2,1,0,44.5,6.4,72.2,228.3
123,54,22,37,0,3,0,0,1,0,1,3,220.4,101.7,38.6,63.60000000000001
43,95,187,49,1,3,3,3,0,2,0,2,78.9,173.5,341.1,90.7
9,61,40,2,0,3,2,1,0,1,0,2,16.2,113.3,75.0,3.0999999999999996
116,15,8,91,1,0,0,1,3,3,0,0,207.3,24.0,14.4,165.3
67,20,2,70,1,2,2,0,2,3,1,1,120.10000000000001,36.0,5.6,125.0
30,2,55,12,2,0,3,2,2,1,2,1,55.0,2.6,101.5,23.6
49,45,67,36,3,2,3,3,2,2,3,1,90.7,82.0,122.10000000000001,68.3
3,55,2,0,2,3,3,3,2,3,2,0,6.4,100.5,6.1,0.0
6,16,47,151,1,2,0,2,1,0,3,1,11.3,31.8,81.60000000000001,273.8
30,113,10,68,0,3,0,0,1,3,1,3,53.0,204.9,17.0,119.4
37,28,51,12,2,1,2,2,2,0,0,2,67.60000000000001,51.9,94.8,22.6
21,51,136,8,2,1,0,0,2,3,0,2,38.800000000000004,90.3,244.8,12.4
145,176,16,24,1,0,3,1,1,0,3,1,261.5,316.8,30.299999999999997,43.7
2,43,47,20,0,3,3,1,3,0,1,3,0.6000000000000001,81.9,88.10000000000001,34.5
36,42,182,51,3,3,2,2,0,2,3,2,69.3,78.10000000000001,327.6,92.8
29,169,5,21,3,1,2,2,1,1,3,3,55.7,304.7,9.0,37.800000000000004
11,6,62,50,3,3,3,1,3,3,0,3,21.3,12.3,116.10000000000001,88.5
75,8,4,49,3,0,3,0,2,0,1,3,137.5,14.4,10.7,85.2
8,65,43,69,1,0,0,0,3,3,3,2,12.9,114.0,74.4,122.2
185,35,40,63,2,3,2,2,1,0,3,1,335.0,67.5,72.0,115.4
8,18,8,87,2,1,1,2,3,3,2,2,14.399999999999999,30.9,13.9,157.6
51,51,2,47,2,1,2,1,3,1,3,3,91.8,92.3,3.5999999999999996,83.10000000000001
40,141,66,4,3,3,1,3,2,1,3,2,74.5,257.3,117.3,9.7
100,115,122,37,3,3,2,0,2,0,1,1,182.5,211.5,221.6,65.60000000000001
7,2,39,61,3,3,1,2,0,0,2,0,17.1,8.1,69.7,112.8
14,67,10,12,1,3,0,2,0,3,3,3,26.7,122.10000000000001,15.0,21.6
5,116,42,11,2,1,1,2,2,2,1,0,10.0,208.3,76.10000000000001,22.8
77,5,16,130,2,1,1,2,2,2,2,3,139.6,8.5,28.3,234.0
47,6,70,63,0,0,2,0,2,1,3,0,82.60000000000001,9.8,126.0,113.4
63,41,21,16,3,2,0,1,1,2,0,3,116.9,74.8,37.800000000000004,27.3
162,49,68,18,2,0,1,2,1,3,1,3,293.6,85.2,122.9,32.4
19,33,141,46,0,0,1,0,3,1,2,2,31.200000000000003,58.4,253.3,80.8
37,116,53,43,1,2,0,0,1,1,2,2,67.10000000000001,210.8,93.4,75.4
26,53,161,75,3,0,3,2,2,3,3,2,49.300000000000004,92.4,291.3,136.0
3,64,9,47,2,2,0,1,2,1,2,3,6.4,117.2,14.2,83.10000000000001
38,45,19,70,2,3,2,3,0,0,3,3,71.4,85.5,34.2,127.5
148,50,81,50,0,0,3,3,0,1,0,0,266.40000000000003,89.0,150.3,94.5
60,55,18,20,3,0,0,0,3,2,0,1,109.5,97.0,32.4,35.0
46,178,55,48,2,1,1,0,0,2,1,3,85.8,319.90000000000003,99.5,83.4
2,36,7,30,3,3,2,0,2,0,3,3,6.1,69.3,12.6,51.0
4,137,163,14,1,3,2,0,0,3,1,2,8.7,248.1,295.40000000000003,23.2
7,41,185,3,2,2,3,0,3,1,3,1,12.6,75.8,334.5,4.4
1,31,8,11,0,3,0,1,0,3,3,1,1.8,57.300000000000004,11.4,20.3
16,134,27,56,1,1,1,2,0,2,3,0,30.3,240.70000000000002,47.1,103.8
55,57,23,92,3,2,1,0,0,0,2,0,103.5,105.60000000000001,40.9,165.6
44,60,104,5,2,2,2,0,3,2,3,3,79.2,109.0,187.20000000000002,6.0
32,67,2,55,0,3,2,2,0,3,0,0,57.6,122.10000000000001,6.6,102.0
47,44,16,52,2,3,2,1,0,2,2,2,87.60000000000001,81.7,29.8,93.10000000000001
184,53,26,61,3,2,0,2,1,3,1,2,334.7,95.4,45.800000000000004,110.8
64,60,10,30,0,2,2,1,3,0,2,0,112.2,111.0,19.0,55.5
9,43,36,31,3,1,2,1,2,3,3,3,18.7,75.9,64.8,54.300000000000004
179,42,159,56,2,3,0,1,1,2,0,1,324.2,78.10000000000001,286.2,101.3
53,44,111,0,3,2,0,1,0,0,0,2,99.9,82.2,199.8,0.0
54,28,49,25,2,2,0,1,0,1,3,1,100.2,52.4,85.2,45.5
49,66,41,15,2,0,1,3,1,3,1,0,90.2,115.8,74.3,31.5
37,69,43,105,2,1,1,1,3,0,2,3,66.60000000000001,125.7,76.9,187.5
122,150,44,66,3,1,0,2,0,0,2,1,224.1,271.5,77.2,120.8
4,62,129,164,3,1,0,0,0,1,2,0,11.7,112.10000000000001,230.20000000000002,295.2
195,51,51,92,1,3,1,3,3,2,2,3,349.5,94.3,91.3,167.1
24,42,154,24,1,0,3,0,3,0,2,2,41.7,75.60000000000001,279.7,41.2
58,150,6,186,2,2,2,2,0,1,0,2,107.4,272.0,13.8,335.8
24,65,102,52,3,3,3,3,1,0,2,1,46.7,121.5,186.1,97.10000000000001
96,57,139,58,0,0,2,3,2,2,3,2,170.8,100.60000000000001,250.20000000000002,106.9
64,50,8,5,2,2,0,0,0,2,1,1,118.2,91.0,13.4,8.0
28,160,46,31,2,2,3,3,1,0,0,3,52.4,291.0,87.3,57.300000000000004
70,62,101,37,1,0,0,2,0,1,0,1,127.5,110.60000000000001,181.8,68.60000000000001
63,10,29,36,1,2,1,0,2,3,2,2,112.9,18.0,51.7,62.8
7,52,97,3,0,1,0,0,3,3,0,0,9.6,92.10000000000001,174.6,5.4
56,11,64,54,2,3,1,3,1,1,3,0,102.8,23.3,113.7,101.7
46,28,49,85,3,3,3,1,3,1,1,1,84.3,53.9,91.7,153.5
163,24,6,57,1,0,0,0,2,0,3,1,292.90000000000003,43.2,7.800000000000001,101.60000000000001
111,158,77,27,2,1,2,2,2,3,3,2,200.8,282.90000000000003,138.6,49.6
66,44,38,59,2,2,3,3,0,1,3,0,121.8,81.2,69.9,110.7
14,136,156,64,3,2,2,3,1,3,2,1,28.7,244.8,281.8,118.7
64,12,134,23,2,3,2,3,2,3,1,1,116.2,23.1,243.20000000000002,44.9
62,11,63,59,2,0,0,1,3,3,3,3,111.60000000000001,16.8,110.4,104.7
177,162,76,188,3,2,3,0,0,1,3,0,323.1,293.6,138.3,338.40000000000003
48,46,34,6,0,0,3,3,1,3,0,2,85.4,79.8,65.7,13.3
56,6,159,68,2,1,3,0,1,2,0,2,102.8,10.3,290.7,120.4
47,109,20,182,3,3,1,0,1,1,1,1,88.10000000000001,199.70000000000002,36.5,326.6
24,0,11,19,2,1,0,3,2,2,1,1,44.2,0.0,18.8,37.7
28,67,45,33,3,1,1,3,2,2,3,3,52.9,120.10000000000001,79.5,60.9
77,0,111,50,3,2,3,2,2,2,2,2,141.1,0.0,202.3,91.0
78,39,49,50,3,3,1,2,3,0,1,2,141.9,74.7,88.7,91.0
64,3,165,100,1,3,0,2,1,1,3,1,115.7,8.9,294.0,182.0
52,50,8,39,1,3,0,3,0,3,1,3,95.10000000000001,91.5,13.4,71.7
35,165,62,12,2,1,3,1,0,0,2,1,66.0,298.5,114.10000000000001,22.1
54,178,38,35,2,1,1,0,0,1,0,0,100.2,320.90000000000003,69.9,63.0
32,40,186,54,2,2,3,0,1,1,3,3,59.6,74.0,336.3,94.2
53,0,84,5,3,0,3,3,2,1,1,0,97.9,0.0,154.70000000000002,13.5
61,41,12,68,3,0,0,3,0,3,1,2,114.3,70.8,20.6,124.9
33,179,64,20,2,2,0,3,3,2,0,1,59.4,323.2,115.2,39.5
36,17,37,51,3,0,0,2,0,2,2,2,69.3,28.6,64.60000000000001,92.8
93,71,32,6,2,3,1,1,2,2,0,2,168.4,130.3,59.1,10.3
1,48,47,175,2,0,3,1,2,3,2,1,2.8,83.4,87.10000000000001,315.5
39,9,18,96,0,3,2,3,0,0,0,0,70.2,20.7,35.4,177.3
69,42,40,58,0,2,2,0,2,2,2,1,122.2,76.60000000000001,73.0,103.4
2,79,178,151,3,0,2,3,2,3,3,0,6.1,139.20000000000002,320.40000000000003,276.3
36,19,26,53,2,1,3,1,1,0,2,2,66.8,35.7,49.300000000000004,94.9
165,147,27,14,0,1,2,3,1,1,0,3,296.0,265.1,51.6,26.7
28,42,13,7,2,2,1,3,2,0,2,1,51.4,78.60000000000001,22.900000000000002,16.1
47,59,22,58,0,3,3,3,2,2,1,0,82.60000000000001,108.7,43.1,108.9
62,2,43,0,0,1,2,1,1,3,2,2,110.60000000000001,2.0999999999999996,78.4,0.0
18,47,166,55,3,2,1,3,0,2,3,0,36.9,85.60000000000001,297.3,103.5
142,94,22,52,1,0,2,1,1,1,1,1,256.1,168.20000000000002,41.6,94.10000000000001
14,48,44,18,0,0,2,1,1,3,2,3,24.2,83.4,80.2,30.9
106,6,4,70,2,2,1,0,3,2,1,0,190.8,11.8,7.699999999999999,126.0
29,47,61,47,0,2,0,2,2,0,0,0,50.2,87.60000000000001,109.8,87.60000000000001
70,0,48,21,2,2,3,3,3,3,0,2,126.0,0.0,90.9,40.300000000000004
30,4,68,50,1,3,0,3,2,3,0,0,53.5,8.7,122.4,94.5
2,8,50,6,3,0,1,2,0,2,3,1,8.1,12.4,88.5,12.8
44,68,52,4,0,3,1,0,0,0,2,3,79.2,126.9,93.10000000000001,4.2
7,54,23,33,3,3,1,1,2,1,2,3,15.100000000000001,100.7,40.9,57.9
42,60,82,174,1,1,3,3,0,0,2,2,77.10000000000001,109.5,150.1,315.7
5,5,37,56,0,3,3,1,1,1,3,0,8.0,12.5,68.10000000000001,102.3
36,37,37,41,2,2,3,3,0,3,0,2,67.8,66.60000000000001,71.10000000000001,76.3
155,33,28,49,1,1,2,3,0,1,3,0,280.5,59.9,50.4,92.7
68,40,137,200,0,2,0,2,3,3,3,2,119.4,72.0,243.6,361.0
55,103,17,92,3,2,2,1,2,0,0,0,101.5,188.4,33.6,167.1
13,56,66,49,0,1,1,3,0,2,3,3,23.400000000000002,100.3,117.3,89.7
36,6,47,34,2,0,2,3,2,0,0,3,65.8,10.8,87.60000000000001,62.7
146,2,24,19,2,3,3,3,1,0,3,1,264.8,8.1,44.7,37.7
12,42,40,69,3,0,3,3,0,2,0,0,26.1,73.60000000000001,76.5,128.7
61,17,2,195,0,3,3,3,0,2,3,3,109.8,33.1,5.1,352.5
149,152,9,16,0,1,0,3,2,3,3,3,266.2,272.1,13.2,30.299999999999997
88,11,55,49,3,3,3,3,0,0,0,3,162.9,24.3,103.5,89.7
59,11,34,32,2,2,3,1,3,3,0,3,106.2,19.8,65.7,56.1
4,68,89,56,0,1,1,3,3,0,0,2,4.2,123.9,161.70000000000002,103.3
46,26,18,40,0,0,0,0,3,3,0,0,79.8,43.800000000000004,32.4,72.0
0,25,6,10,2,3,0,1,0,1,2,3,0.0,48.5,8.8,16.5
28,43,4,0,0,0,1,0,3,2,1,0,47.4,75.4,7.699999999999999,0.0
31,36,41,70,2,0,2,1,2,1,1,3,56.800000000000004,63.8,75.8,124.5
11,29,50,43,1,1,2,1,1,1,2,2,20.3,52.7,91.0,76.9
65,93,53,16,3,0,3,3,3,3,2,2,118.5,164.4,97.9,31.299999999999997
99,25,62,39,2,2,2,0,2,2,2,2,179.20000000000002,46.0,112.60000000000001,68.2
6,6,26,62,1,2,3,2,0,2,3,0,12.3,11.8,48.300000000000004,114.60000000000001
66,17,15,3,1,2,3,3,0,1,2,1,120.3,32.6,29.5,8.9
109,12,61,12,1,3,3,2,2,0,0,0,195.70000000000002,26.1,114.3,24.6
58,179,40,50,3,1,2,2,3,0,2,1,105.9,323.7,73.0,92.0
143,43,34,200,1,2,2,2,0,0,2,3,258.90000000000003,80.4,62.2,360.0
17,66,57,5,2,2,2,3,0,2,0,2,33.6,119.8,105.60000000000001,11.5
12,3,28,2,2,1,0,2,1,3,0,1,23.6,3.9000000000000004,50.4,5.6
3,91,20,38,3,2,0,2,0,1,2,2,9.9,165.8,34.0,69.4
188,98,84,12,1,0,0,3,1,3,0,2,338.90000000000003,173.4,151.20000000000002,24.1
39,29,67,65,0,2,1,2,3,3,0,2,67.2,52.2,122.10000000000001,118.0
7,56,20,16,3,0,0,0,2,1,0,2,15.100000000000001,99.8,36.0,26.8
18,53,39,196,2,3,2,1,2,0,1,3,33.4,99.9,72.2,351.3
42,39,17,70,1,3,0,0,3,0,1,3,74.10000000000001,74.7,29.6,123.0
12,7,59,109,3,2,0,0,2,2,2,0,24.1,13.6,104.2,196.20000000000002
49,14,41,175,2,3,1,3,3,0,2,2,88.2,29.7,73.3,317.5
178,34,179,38,0,3,0,3,3,2,3,2,317.40000000000003,63.7,319.2,70.9
179,68,4,26,2,3,3,1,0,1,0,2,325.2,125.9,11.7,46.300000000000004
48,190,85,45,1,3,3,3,2,3,0,3,85.9,343.5,157.5,82.5
68,151,160,63,3,1,2,0,0,1,1,3,126.9,272.3,290.0,110.4
4,30,23,17,0,0,2,3,3,3,0,1,4.2,51.0,44.4,34.1
67,16,143,13,1,2,0,3,1,0,2,3,121.10000000000001,31.8,255.40000000000003,24.900000000000002
47,115,69,49,3,1,3,3,0,1,2,1,89.10000000000001,207.5,126.69999999999999,91.7
162,63,28,57,0,1,1,0,0,0,3,3,291.6,114.9,48.9,99.60000000000001
71,17,107,160,0,1,0,1,1,0,3,3,126.8,32.1,189.6,286.5
30,32,11,164,3,0,3,3,0,0,2,1,58.5,57.6,22.3,298.7
57,20,48,70,0,2,3,3,2,0,3,1,100.60000000000001,39.0,87.9,129.5
10,40,42,49,0,1,0,0,3,0,3,3,15.0,73.5,72.60000000000001,85.2
47,67,162,74,2,1,2,2,0,3,2,2,87.60000000000001,119.10000000000001,292.6,134.20000000000002
32,10,175,9,3,3,3,2,0,2,3,2,62.1,20.5,316.5,17.2
44,62,61,55,3,3,0,3,1,0,0,2,82.7,116.10000000000001,109.8,101.5
62,9,13,168,0,1,1,3,1,0,2,2,110.60000000000001,17.7,22.900000000000002,304.90000000000003
0,121,153,34,3,3,0,2,0,3,3,3,0.0,219.3,272.40000000000003,61.2
35,21,23,35,3,1,3,0,0,1,3,2,67.5,38.300000000000004,42.9,61.0
121,27,1,101,0,1,0,0,1,3,3,1,216.8,47.1,0.0,180.8
68,6,191,173,0,2,1,2,1,3,2,2,121.4,10.8,343.3,312.40000000000003
64,17,47,47,3,0,1,0,0,3,1,2,119.7,27.6,85.10000000000001,82.60000000000001
53,30,13,149,0,1,3,2,0,3,2,0,95.4,52.5,25.900000000000002,271.2
148,58,49,27,0,2,2,3,3,3,1,1,263.40000000000003,104.4,90.2,52.1
40,16,36,4,0,0,3,2,1,2,0,3,71.0,26.8,69.3,7.199999999999999
58,48,113,57,0,2,2,0,2,3,2,2,102.4,86.4,204.4,100.60000000000001
30,21,156,51,0,0,0,2,0,1,2,0,54.0,36.800000000000004,278.8,94.8
44,37,1,1,0,0,3,2,3,2,0,1,76.2,64.60000000000001,6.3,3.8
61,1,48,1,1,0,3,0,0,3,2,2,111.3,0.0,88.9,0.0
69,42,15,40,1,2,1,1,3,2,0,3,122.7,76.60000000000001,28.5,70.5
130,118,46,41,0,1,3,1,2,3,0,2,232.0,210.9,87.3,73.3
18,66,42,26,1,0,3,1,1,3,3,3,32.9,115.8,77.10000000000001,45.300000000000004
5,66,68,53,0,0,1,3,2,3,2,3,7.0,115.8,121.9,96.9
0,68,36,174,0,2,1,3,0,1,3,2,0.0,124.4,63.3,315.7
147,91,51,86,2,2,3,0,0,0,0,1,267.6,166.8,96.3,153.8
49,47,128,32,1,1,3,1,3,2,3,0,86.7,84.10000000000001,231.9,59.1
27,52,8,26,3,0,0,1,1,2,2,1,52.1,91.60000000000001,12.4,47.300000000000004
168,62,111,66,2,1,3,3,1,2,0,3,304.40000000000003,111.10000000000001,204.3,120.3
7,36,51,141,1,1,0,1,2,1,1,0,12.1,65.3,90.8,255.3
26,3,40,60,3,2,0,0,3,1,3,1,48.300000000000004,7.4,69.0,107.0
1,10,33,12,1,2,1,2,0,2,1,3,3.3,19.0,59.9,21.6
26,57,131,2,1,0,0,3,3,2,2,2,45.300000000000004,100.60000000000001,233.8,6.1
101,122,12,26,1,2,3,0,1,2,3,1,182.3,220.6,23.1,45.800000000000004
8,45,58,46,2,3,3,1,1,3,1,0,16.4,82.5,107.9,84.3
0,46,66,160,0,0,0,0,3,1,0,1,0.0,81.8,118.8,287.0
40,54,60,64,3,3,0,2,2,2,1,3,74.5,99.7,107.0,115.2
6,59,15,14,0,1,3,1,1,3,0,0,9.8,104.7,31.5,26.7
41,21,69,68,0,3,1,1,2,1,3,1,71.8,41.300000000000004,122.7,122.9
31,50,63,41,2,1,1,3,0,0,1,0,58.800000000000004,91.5,113.9,78.3
32,36,4,35,1,3,2,3,3,2,2,3,56.1,67.3,8.2,64.5
44,26,62,70,1,0,1,2,3,0,1,2,77.7,46.800000000000004,112.10000000000001,127.0
74,7,55,51,1,0,3,3,0,3,1,1,134.70000000000002,9.6,102.5,95.3
164,54,3,21,0,2,0,0,2,0,0,0,293.2,100.2,5.4,37.800000000000004
150,54,35,63,2,1,2,0,1,0,3,0,272.0,98.7,63.0,113.4
74,30,46,21,1,2,0,3,2,2,1,0,132.70000000000002,55.0,81.8,42.300000000000004
17,49,43,20,1,1,3,3,0,0,3,1,32.1,89.7,78.9,39.5
184,154,102,48,2,0,3,0,1,1,1,3,333.2,276.2,187.1,83.4
57,96,46,7,2,0,0,0,3,0,1,1,102.60000000000001,172.8,81.8,11.6
66,68,65,46,2,2,2,2,1,0,2,3,120.8,125.4,118.0,82.8
95,11,45,12,3,1,1,3,2,1,3,0,173.5,20.3,79.5,26.1
37,10,8,56,3,1,2,0,0,1,1,2,71.10000000000001,18.5,16.4,98.8
186,35,185,96,1,1,1,1,2,0,2,1,334.3,64.5,332.5,173.3
64,44,32,68,0,2,1,3,2,3,1,3,113.2,79.2,58.1,123.9
62,56,66,18,0,0,3,1,3,3,0,1,108.60000000000001,97.8,123.3,32.9
120,12,52,23,3,0,1,1,1,2,0,3,219.5,19.6,95.10000000000001,39.9
62,58,57,192,2,3,0,3,0,2,0,2,114.60000000000001,106.9,102.60000000000001,348.1
116,2,65,61,1,2,1,1,0,2,3,1,210.3,4.6,115.5,110.3
58,10,105,25,2,0,3,3,3,2,2,2,104.4,16.0,191.5,47.5
19,36,43,45,2,3,3,1,2,0,2,2,35.2,69.3,79.9,80.5
6,62,197,156,2,1,3,3,3,1,3,0,10.8,112.10000000000001,356.1,285.3
6,50,18,23,2,0,1,1,0,3,0,3,13.8,87.0,33.9,39.9
42,25,198,63,2,3,3,3,0,2,1,3,78.60000000000001,47.5,359.90000000000003,114.9
61,27,62,64,3,1,2,1,1,2,0,2,113.3,48.1,114.60000000000001,114.7
69,6,81,42,0,0,1,1,1,1,3,2,123.2,9.8,144.3,75.10000000000001
24,45,50,8,3,1,3,1,2,0,3,0,45.7,82.5,91.5,15.9
127,29,10,10,1,1,0,0,0,1,1,1,230.1,52.7,17.0,17.0
20,126,150,69,2,0,2,0,3,0,2,0,36.0,226.8,271.0,124.2
81,40,63,42,2,2,2,0,3,1,3,0,145.8,74.0,113.4,75.60000000000001
62,61,175,44,1,0,3,0,3,2,2,2,110.10000000000001,107.8,317.5,77.2
160,60,7,50,3,0,2,2,2,0,3,3,290.5,108.0,12.6,90.0
22,141,51,50,0,2,2,2,3,0,1,0,36.6,256.8,93.8,93.0
158,19,64,0,1,3,2,0,2,0,3,2,283.90000000000003,38.7,115.2,0.0
16,55,30,15,2,2,1,1,2,3,0,3,29.8,99.0,55.5,25.5
64,10,123,33,0,2,0,3,3,0,2,0,112.2,21.0,219.4,63.9
148,21,88,36,0,0,3,2,0,3,0,2,266.40000000000003,34.800000000000004,162.9,65.8
22,38,62,97,0,2,3,1,2,1,0,0,37.6,70.4,116.10000000000001,176.1
39,56,52,48,1,3,1,3,2,1,1,0,69.7,104.3,94.10000000000001,90.9
139,65,16,1,0,2,1,1,3,3,2,2,247.20000000000002,117.0,28.3,1.2999999999999998
45,33,8,21,3,2,1,3,3,0,1,2,82.5,62.4,14.9,40.300000000000004
68,165,63,13,1,3,0,1,0,0,2,3,123.9,301.5,111.4,21.900000000000002
43,56,193,0,2,3,3,0,3,1,0,3,77.4,104.3,351.90000000000003,0.0
58,52,32,107,3,0,1,0,3,1,3,0,105.9,92.60000000000001,56.1,192.6
53,117,39,30,0,0,1,1,3,3,2,2,92.4,207.6,69.7,53.5
22,57,61,46,0,1,3,0,1,0,3,3,38.6,104.10000000000001,111.3,79.8
2,12,4,177,3,1,0,3,3,0,2,2,5.1,23.1,5.2,321.1
24,200,63,184,0,1,3,1,3,3,0,1,40.2,358.5,117.9,331.7
18,46,50,25,1,2,0,0,2,1,2,2,31.9,84.8,88.0,43.0
4,62,70,67,2,3,0,0,2,3,0,1,8.2,113.10000000000001,126.0,119.60000000000001
13,5,149,67,2,3,2,1,0,1,1,3,26.400000000000002,12.5,270.2,119.10000000000001
15,64,44,19,1,1,1,0,1,2,3,1,27.5,114.7,77.7,33.2
62,65,104,60,0,1,1,1,0,1,2,3,111.60000000000001,117.5,186.70000000000002,106.5
34,0,49,46,3,0,3,0,1,2,0,3,64.7,0.0,92.7,79.8
133,69,33,69,1,0,2,1,0,3,0,3,240.9,121.2,62.4,122.7
194,25,64,157,0,2,2,0,1,0,1,1,348.2,48.0,117.2,281.6
24,31,14,125,1,0,1,0,3,2,1,2,41.7,53.800000000000004,25.7,223.0
4,65,31,17,2,2,0,0,1,2,1,2,9.2,118.0,54.800000000000004,28.6
4,24,45,144,1,0,3,3,2,3,0,2,6.699999999999999,40.2,85.5,261.7
92,29,17,101,0,2,1,1,0,3,3,2,165.6,52.2,29.1,181.3
46,64,161,37,3,2,3,2,3,1,0,2,84.3,117.2,294.3,67.60000000000001
48,35,39,49,0,1,3,0,3,1,2,0,83.4,63.5,72.7,88.2
60,55,43,149,1,1,0,1,0,1,2,0,109.5,99.5,75.4,269.7
55,189,38,55,0,2,0,0,2,3,1,0,97.0,340.2,67.4,99.0
4,22,23,37,2,2,1,3,3,2,0,3,7.199999999999999,40.6,42.9,68.10000000000001
41,48,57,33,3,0,0,1,0,0,0,2,78.3,86.4,102.60000000000001,58.9
20,25,115,21,3,3,2,1,1,0,0,1,39.5,49.5,210.0,38.300000000000004
44,181,53,8,0,1,2,0,0,1,3,1,79.2,326.3,95.4,13.4
41,27,55,70,3,2,2,2,3,0,1,2,75.3,51.6,101.0,127.0
32,19,11,54,0,3,3,3,3,2,1,0,54.6,36.7,23.3,101.7
70,178,47,52,3,1,1,0,2,2,0,1,128.5,319.90000000000003,86.10000000000001,92.60000000000001
58,74,79,69,0,3,3,3,2,2,0,1,102.4,135.70000000000002,146.70000000000002,127.69999999999999
167,22,1,73,1,1,1,2,2,2,3,0,300.1,39.1,0.2999999999999998,134.4
3,26,67,112,2,3,0,0,2,2,0,0,6.4,49.300000000000004,120.60000000000001,201.6
7,70,193,61,2,1,1,0,2,0,3,2,13.6,127.5,345.90000000000003,107.8
0,53,30,10,3,2,2,1,1,0,3,0,0.0,98.4,54.0,19.5
31,45,41,53,3,1,2,3,2,2,1,2,58.300000000000004,80.5,75.8,97.9
58,10,41,34,1,1,3,1,1,3,0,0,104.9,16.5,78.3,62.7
69,111,40,43,3,1,1,1,2,3,0,2,126.69999999999999,198.3,73.5,76.9
3,48,33,34,3,1,2,3,1,2,0,3,8.9,85.9,62.4,62.7
17,55,45,38,1,2,1,2,1,1,3,1,31.1,101.0,79.5,70.4
127,51,175,149,0,1,0,3,1,0,2,1,227.6,93.3,313.0,271.7
35,40,105,193,1,3,0,2,3,2,1,1,61.5,74.5,188.0,349.40000000000003
46,15,56,43,0,1,2,3,1,0,2,0,81.8,28.5,101.8,81.9
47,51,33,8,2,3,1,2,2,1,1,3,85.60000000000001,95.3,59.9,14.399999999999999
14,111,6,48,1,1,3,2,0,0,1,3,26.7,201.3,14.3,86.4
58,84,120,54,0,2,0,3,3,3,1,3,101.4,151.20000000000002,215.0,98.7
44,3,20,16,0,1,3,2,1,2,2,1,78.2,4.9,38.5,30.8
67,68,67,165,3,0,1,1,0,3,1,2,125.10000000000001,119.4,121.10000000000001,296.5
54,137,41,3,2,1,1,0,0,0,2,3,100.2,248.1,73.3,2.4000000000000004
14,150,22,55,2,2,3,2,1,3,2,1,27.2,270.0,42.1,101.0
5,70,4,36,3,2,0,3,2,1,2,1,11.5,128.0,5.2,68.3
13,62,34,166,2,0,3,1,0,2,3,1,26.400000000000002,109.60000000000001,62.7,299.3
50,28,6,7,2,3,0,1,0,2,2,0,93.0,52.9,8.8,14.1
12,47,150,65,1,3,2,2,3,3,0,1,20.1,86.10000000000001,273.0,119.0
184,36,5,34,3,3,1,3,2,2,3,2,333.7,67.3,7.5,63.7
19,21,24,119,0,2,2,1,3,1,2,0,31.200000000000003,39.800000000000004,44.2,215.70000000000002
5,19,3,18,2,2,0,3,1,1,1,1,11.0,36.2,4.4,35.9
39,190,84,99,2,1,0,0,2,3,2,1,71.2,340.5,149.20000000000002,177.20000000000002
36,61,69,8,1,1,1,0,0,0,1,2,66.3,111.3,124.7,12.4
16,3,60,189,0,2,0,0,3,3,1,0,25.8,5.4,107.0,340.2
20,68,53,85,2,2,2,0,3,3,2,2,36.0,122.4,96.4,151.0
29,44,58,30,3,0,0,1,3,0,2,0,53.7,79.2,102.4,55.5
39,162,37,78,1,1,2,1,0,0,3,1,71.7,293.1,66.60000000000001,140.9
34,128,121,27,0,2,1,1,2,0,0,3,59.2,233.4,219.3,47.1
59,31,192,196,2,2,3,0,2,3,3,3,107.2,55.800000000000004,347.1,349.8
56,5,161,30,3,0,3,3,2,1,2,2,103.3,8.0,292.3,56.5
56,59,58,122,0,2,0,1,0,0,1,0,100.8,109.2,103.4,221.1
50,62,51,24,0,1,2,0,0,0,2,1,90.0,113.10000000000001,92.8,42.2
164,39,38,20,3,0,1,0,2,0,3,1,297.7,70.2,66.9,35.0
81,73,129,30,0,0,2,1,3,0,1,0,142.8,131.4,234.20000000000002,55.5
134,171,37,56,3,3,1,1,2,0,2,1,243.70000000000002,312.3,66.10000000000001,101.3
53,7,156,60,0,0,0,3,3,0,0,0,92.4,12.6,280.8,112.5
131,68,35,127,1,3,1,1,0,1,0,0,237.3,125.9,64.5,230.1
51,132,37,27,2,1,1,0,3,2,0,2,91.8,237.1,68.10000000000001,46.6
40,46,4,63,0,1,0,3,0,3,2,0,72.0,81.3,5.2,117.9
46,30,41,11,0,1,2,0,3,3,0,3,79.8,52.5,76.8,16.8
110,36,52,124,1,3,3,3,3,2,0,0,196.5,67.3,98.10000000000001,227.70000000000002
157,30,64,64,0,2,3,3,0,1,3,1,282.6,56.0,116.7,118.7
6,40,20,0,1,2,3,1,0,0,1,0,12.3,75.0,39.5,0.0
69,20,54,33,1,0,3,0,3,3,2,2,122.7,33.0,99.7,57.4
23,69,55,49,0,3,0,0,1,0,0,3,40.4,128.7,99.0,85.2
10,64,47,188,0,3,1,1,2,1,3,3,16.0,118.7,83.10000000000001,336.90000000000003
57,16,8,25,2,3,0,3,3,1,0,1,102.60000000000001,32.3,14.4,48.5
29,108,64,50,0,0,2,0,1,1,3,2,51.2,193.4,115.2,88.0
55,139,34,28,0,3,1,0,2,1,3,3,97.0,253.70000000000002,59.7,47.4
0,85,70,101,1,2,2,3,3,3,1,0,0.0,153.0,128.0,186.3
163,47,28,26,1,1,1,2,3,1,2,1,291.90000000000003,85.10000000000001,49.9,48.800000000000004
70,26,29,116,1,3,2,1,0,3,0,3,127.5,48.300000000000004,55.2,207.3
34,48,85,156,2,3,0,3,2,3,1,3,62.2,87.9,152.0,282.3
68,35,60,114,2,3,3,3,1,0,1,3,124.4,67.5,111.5,206.70000000000002
31,70,54,61,3,0,3,3,3,3,3,1,57.300000000000004,123.0,98.7,113.3
20,72,155,1,3,2,3,0,2,0,3,3,38.5,132.6,280.5,0.0
2,11,141,34,2,2,2,1,1,2,0,3,5.6,20.8,256.8,59.7
189,0,187,23,1,3,3,1,3,2,0,0,338.7,0.0,341.1,42.9
11,53,122,66,1,3,2,2,0,2,3,1,21.3,97.9,219.6,120.8
116,63,14,45,3,2,2,1,1,0,1,3,212.3,116.4,27.2,79.5
60,189,67,62,2,1,0,0,0,3,3,3,111.0,338.7,117.60000000000001,108.60000000000001
104,69,20,34,0,0,0,3,1,1,2,3,186.20000000000002,123.2,34.0,62.7
145,40,6,2,3,3,1,3,3,2,2,0,262.5,74.5,10.3,8.1
65,27,20,36,1,1,0,0,3,0,1,3,115.5,50.1,35.0,61.8
49,136,39,6,0,3,0,2,3,0,1,1,85.2,249.3,69.2,12.8
45,31,17,15,0,0,0,2,0,1,2,1,81.0,54.800000000000004,28.6,29.0
165,67,183,97,0,1,2,3,3,1,1,1,294.0,121.10000000000001,331.40000000000003,178.1
32,50,157,92,0,0,3,2,1,3,1,1,56.6,87.0,286.1,167.6
33,75,171,166,3,1,0,3,3,3,2,1,60.9,133.5,305.8,302.3
57,30,3,149,2,2,2,2,0,2,2,3,105.60000000000001,55.0,6.4,268.2
2,98,65,1,1,1,3,3,2,1,0,0,3.0999999999999996,176.9,121.5,6.3
41,59,133,56,1,3,0,1,0,1,2,3,75.3,109.7,237.4,99.3
5,11,49,4,0,1,3,1,3,3,0,3,6.0,18.3,92.7,5.699999999999999
34,29,38,113,2,0,0,0,3,1,1,0,61.2,51.2,67.4,203.4
24,19,69,97,1,3,1,1,1,1,1,2,43.7,37.7,124.7,174.1
52,145,197,34,2,0,3,1,2,1,2,3,94.60000000000001,260.0,357.1,59.7
18,68,54,2,0,2,2,0,3,2,3,1,29.4,123.4,97.2,2.6
21,188,38,38,3,2,0,2,2,3,3,3,40.300000000000004,338.40000000000003,65.4,68.4
59,66,8,120,1,0,1,1,2,1,1,0,105.7,117.8,14.9,217.5
31,4,67,26,1,3,2,1,3,0,3,1,54.300000000000004,11.7,120.60000000000001,47.300000000000004
53,39,49,184,1,0,2,1,2,0,3,3,94.9,70.2,88.2,329.7
50,167,19,64,0,1,2,0,1,1,3,2,89.0,301.1,34.2,113.2
187,5,65,65,1,0,2,0,3,2,2,1,335.1,7.0,118.0,116.0
148,60,39,134,3,0,2,1,2,0,1,2,268.90000000000003,108.0,72.2,240.70000000000002
0,14,177,11,0,3,0,2,1,0,1,3,0.0,29.7,317.6,19.8
39,54,26,59,0,2,1,0,2,0,0,2,68.2,100.2,48.300000000000004,104.2
7,72,128,19,3,3,0,3,3,2,0,2,14.100000000000001,132.1,230.4,36.7
24,9,17,12,2,1,0,1,0,1,0,0,46.2,16.7,30.6,23.1
8,3,11,100,2,3,0,0,0,0,0,3,17.4,9.9,19.8,177.0
132,16,24,119,1,1,0,2,3,3,2,1,236.1,27.3,41.2,216.20000000000002
21,67,25,12,3,3,0,3,1,2,2,3,41.300000000000004,123.10000000000001,43.0,23.1
0,18,141,123,3,3,0,0,0,2,0,3,0.0,34.9,253.8,218.4
29,44,141,34,3,2,0,0,2,0,2,1,54.7,82.2,251.8,60.2
1,32,182,36,3,2,2,1,1,3,2,2,5.3,57.6,328.6,64.3
43,18,58,165,0,1,3,2,2,2,1,0,75.4,31.9,107.9,300.0
169,45,2,71,0,0,0,2,3,1,2,3,301.2,80.0,1.6,127.80000000000001
1,54,39,152,2,1,0,1,3,2,3,3,1.7999999999999998,96.7,67.2,272.1
6,25,18,46,3,0,1,3,1,0,3,3,14.3,45.0,30.9,84.3
137,19,117,70,3,2,1,3,2,2,1,3,249.1,35.2,211.1,127.5
60,56,49,59,0,1,3,2,1,0,0,3,107.0,102.3,92.7,106.2
34,7,195,32,3,3,2,1,2,0,2,0,63.7,17.1,352.0,59.1
65,36,39,182,2,3,2,3,2,3,0,0,118.0,66.3,73.2,332.1
173,37,35,48,3,3,0,0,3,0,0,0,312.90000000000003,71.10000000000001,63.0,86.4
137,159,33,84,2,3,2,3,3,3,3,3,246.6,287.7,59.4,152.70000000000002
57,8,5,65,0,2,2,0,3,0,3,3,99.60000000000001,17.4,9.0,114.0
149,37,69,66,0,2,2,1,2,2,0,1,266.2,67.60000000000001,127.2,119.3
48,44,15,61,3,2,1,2,0,2,1,3,90.9,80.2,27.5,109.8
53,50,26,8,2,1,1,3,2,2,0,2,96.4,89.5,48.300000000000004,16.9
15,6,117,24,0,2,1,3,1,1,3,3,26.0,12.8,209.1,44.7
19,57,22,29,0,2,3,2,2,2,2,2,32.2,103.60000000000001,42.1,53.2
133,86,34,139,1,0,3,1,2,0,0,2,238.9,154.8,65.7,249.70000000000002
117,19,28,13,0,1,1,2,3,2,3,2,207.6,33.7,48.9,24.400000000000002
36,52,47,58,0,2,0,3,0,0,1,1,64.8,96.60000000000001,83.60000000000001,107.9
173,9,45,22,3,3,3,3,1,3,2,2,314.90000000000003,17.7,83.5,42.1
101,30,50,16,3,3,0,1,0,1,2,0,186.3,57.5,88.0,30.3
34,41,16,79,3,1,1,2,2,1,2,2,63.7,74.3,28.3,143.20000000000002
35,177,49,29,1,1,1,2,0,0,3,3,64.5,320.1,86.7,52.2
181,15,33,43,0,1,2,3,3,0,3,2,322.8,28.5,59.4,79.9
35,7,1,29,2,1,1,0,0,3,0,3,66.0,11.1,3.3,49.2
23,53,60,51,1,3,0,1,1,1,3,0,41.9,98.9,105.0,93.3
6,52,66,53,3,1,0,1,1,1,1,1,14.3,94.10000000000001,117.8,95.9
32,37,51,29,2,0,1,0,2,0,0,0,58.6,66.60000000000001,93.3,52.2
10,19,26,16,0,3,1,1,2,2,3,0,16.0,36.7,45.300000000000004,30.3
63,81,26,147,3,0,0,0,3,0,2,1,114.9,145.8,44.800000000000004,263.6
66,5,25,1,3,0,1,1,0,0,1,3,123.3,9.0,45.5,0.2999999999999998
50,45,32,46,2,3,2,2,3,0,2,1,90.0,85.5,58.6,84.8
64,60,10,17,2,2,0,2,0,3,3,1,118.2,108.0,15.0,32.6
24,50,37,16,0,3,2,3,2,2,3,2,41.2,92.5,66.60000000000001,31.299999999999997
153,46,53,45,1,3,0,0,1,1,0,2,275.90000000000003,86.3,95.4,79.0
71,18,22,35,3,2,1,1,1,1,1,0,131.3,34.4,40.1,64.5
45,37,5,68,0,2,2,2,0,1,0,3,81.0,68.60000000000001,12.0,122.4
69,108,65,32,3,0,1,0,0,1,2,0,128.7,193.4,116.5,57.6
34,183,64,32,1,0,1,0,3,2,3,3,59.7,327.40000000000003,113.7,54.6
38,31,11,66,0,0,3,2,1,1,2,2,67.4,54.800000000000004,22.3,119.8
46,25,180,59,0,3,0,1,3,1,1,3,79.8,48.5,323.0,104.7
150,57,9,44,1,3,0,2,3,0,2,0,268.5,107.10000000000001,14.2,82.2
26,31,0,63,2,3,3,1,0,1,0,2,49.800000000000004,59.300000000000004,0.0,112.9
8,26,136,152,3,0,1,1,1,2,2,3,17.9,44.800000000000004,244.3,272.1
31,4,143,187,1,2,1,3,3,1,1,3,54.300000000000004,9.2,257.90000000000003,338.1
0,63,1,145,3,1,1,1,2,2,3,2,0.0,112.9,0.2999999999999998,260.5
20,51,18,51,1,2,2,0,2,0,3,3,35.5,94.8,32.4,88.8
26,58,69,56,2,3,0,2,2,0,0,2,47.800000000000004,108.9,124.2,101.8
30,20,59,64,1,1,1,1,0,3,2,1,55.5,34.5,105.7,115.7
48,11,155,38,1,0,2,1,1,3,1,3,86.9,16.8,281.0,66.9
22,41,20,39,0,1,2,1,2,1,3,0,37.6,74.3,36.0,71.7
59,56,57,46,2,2,3,3,1,3,1,2,108.2,100.8,106.10000000000001,85.3
136,46,51,15,2,1,2,2,2,2,1,2,245.8,82.3,93.8,28.0
58,27,112,65,3,0,2,3,2,2,0,2,106.9,46.6,204.6,119.5
160,31,87,126,0,1,3,2,2,3,1,2,286.0,54.300000000000004,160.1,227.8
50,44,10,66,2,3,3,2,0,2,0,3,93.0,81.7,22.5,118.8
34,93,4,59,1,1,3,1,3,0,1,2,59.7,168.9,10.7,105.7
59,3,35,174,3,2,1,2,2,1,3,2,108.7,7.4,61.5,314.2
70,61,16,41,3,1,1,0,1,3,0,3,129.5,108.3,30.3,70.8
47,49,37,42,2,1,3,3,3,1,1,1,84.60000000000001,88.7,70.10000000000001,79.10000000000001
114,40,97,177,3,0,0,2,0,3,3,1,209.70000000000002,69.0,171.6,320.6
67,77,57,133,2,0,0,1,1,3,0,0,122.60000000000001,135.6,102.60000000000001,240.9
29,0,19,44,0,2,2,3,1,3,1,0,51.2,0.0,36.2,83.7
83,192,35,18,3,2,3,3,1,2,1,0,152.9,346.6,66.5,36.9
42,68,2,2,0,0,2,1,1,0,0,0,74.60000000000001,122.4,6.6,5.1
22,11,37,32,3,3,0,0,0,0,1,2,44.1,24.3,65.60000000000001,55.6
19,42,20,7,2,0,2,2,0,0,2,1,37.2,75.60000000000001,37.0,14.6
145,10,164,28,2,1,1,3,2,0,2,1,262.0,19.5,294.7,53.9
36,13,46,8,0,0,0,3,3,3,0,3,61.8,20.400000000000002,82.8,15.899999999999999
9,10,15,46,2,1,0,1,0,2,2,1,19.2,17.5,25.0,83.3
3,43,57,48,3,2,1,1,1,3,2,1,8.9,77.4,102.10000000000001,86.9
155,6,185,57,1,0,2,1,1,3,0,3,279.5,7.800000000000001,336.0,101.10000000000001
49,17,24,30,3,1,2,2,3,3,1,3,89.7,29.1,45.2,54.0
178,53,53,67,0,1,1,3,3,1,0,3,317.40000000000003,95.9,96.9,122.10000000000001
18,62,37,18,3,2,3,1,0,3,1,3,36.9,111.60000000000001,70.10000000000001,30.9
157,199,192,6,3,3,0,3,1,1,1,1,286.1,361.7,344.6,14.3
16,49,64,1,2,2,3,3,2,0,1,1,29.8,91.2,118.7,5.3
65,63,32,20,0,0,3,0,1,2,0,1,116.0,111.4,62.1,35.0
64,28,15,14,0,1,2,0,3,1,1,3,112.2,50.9,29.0,22.2
140,178,38,53,0,3,1,1,2,2,1,0,250.0,322.90000000000003,68.9,96.9
34,44,34,116,2,1,2,1,0,0,3,0,64.2,80.7,61.2,210.3
8,55,51,54,0,0,1,1,1,1,0,1,13.4,98.0,93.3,97.7
62,53,12,0,2,2,1,0,0,0,3,1,114.60000000000001,98.4,20.1,0.0
13,67,1,56,1,1,3,2,1,1,3,2,23.900000000000002,121.10000000000001,3.3,101.8
160,31,23,24,2,3,2,0,0,2,3,1,291.0,58.300000000000004,41.4,42.2
60,134,19,5,3,0,0,1,3,0,0,3,109.5,241.20000000000002,34.2,7.5
61,68,69,138,1,2,1,0,2,0,3,0,109.3,125.4,122.7,248.4
195,1,32,36,0,2,1,0,1,2,2,2,350.0,2.8,57.1,62.8
0,13,35,44,3,3,1,3,3,1,1,0,0.0,26.900000000000002,63.5,83.7
7,58,6,164,3,3,1,1,1,2,0,2,16.1,106.9,12.3,294.7
12,8,13,24,3,3,0,3,1,2,1,3,25.1,16.9,22.400000000000002,44.7
13,39,36,31,2,2,3,1,3,0,0,3,23.400000000000002,73.2,69.3,54.300000000000004
26,41,50,112,3,1,0,0,1,2,2,1,50.300000000000004,73.3,88.0,200.6
23,67,110,33,0,2,3,2,1,3,0,3,40.4,120.60000000000001,202.5,59.4
51,49,27,12,3,3,1,1,3,2,0,1,93.3,90.7,50.1,22.1
2,190,52,12,0,0,2,0,0,0,0,3,3.6,342.0,96.60000000000001,18.6
4,43,181,32,0,1,2,2,0,0,3,0,7.2,78.9,325.8,60.6
3,32,57,69,2,0,0,0,2,0,3,0,6.4,57.6,99.60000000000001,124.2
34,50,8,27,3,1,2,3,1,1,2,3,64.7,90.5,15.399999999999999,50.1
20,33,192,14,3,2,2,0,3,3,0,0,37.5,59.4,348.6,25.2
40,9,200,7,3,1,1,2,0,2,1,1,76.5,15.7,360.5,14.6
123,23,56,102,0,3,1,1,1,1,1,1,220.4,44.9,101.3,184.1
54,12,37,189,0,0,2,2,0,1,2,0,97.2,20.6,67.60000000000001,343.2
19,39,19,61,3,1,1,0,2,1,3,0,36.7,70.7,32.7,109.8
11,7,54,42,0,3,1,2,1,1,1,2,18.8,16.1,97.7,76.60000000000001
27,40,139,58,1,2,2,0,3,0,2,0,47.1,75.0,251.20000000000002,104.4
185,47,36,61,0,1,0,0,3,3,2,1,330.0,83.10000000000001,62.8,108.8
39,26,2,62,2,2,3,2,3,2,2,1,70.2,47.800000000000004,6.1,113.60000000000001
1,40,72,129,1,0,1,1,2,2,1,2,1.2999999999999998,70.0,130.1,231.70000000000002
96,69,39,66,0,3,3,0,2,1,2,3,170.8,127.69999999999999,72.7,115.8
52,200,177,172,0,1,3,2,3,2,0,0,90.60000000000001,359.5,323.1,312.6
39,50,132,58,2,1,3,2,0,1,1,2,73.2,90.5,241.1,105.4
5,34,109,40,2,2,1,2,3,3,0,0,9.0,61.2,197.70000000000002,75.0
200,3,124,16,0,1,0,3,2,0,1,2,358.0,6.9,222.20000000000002,31.299999999999997
16,64,59,50,1,2,0,2,2,3,1,1,28.3,115.2,105.2,92.0
1,47,31,175,1,3,1,0,3,1,3,2,0.2999999999999998,88.10000000000001,54.300000000000004,313.0
55,10,35,59,0,0,1,3,3,2,1,3,96.0,16.0,63.5,107.7
64,31,1,15,0,0,1,0,3,3,3,0,112.2,52.800000000000004,0.2999999999999998,27.0
6,29,42,33,2,3,1,2,0,2,0,0,13.8,54.7,77.10000000000001,62.4
25,53,32,185,3,2,1,2,0,0,0,2,49.5,98.4,59.1,334.0
64,38,57,64,0,3,2,1,1,2,1,1,114.2,70.9,104.60000000000001,115.7
51,50,87,4,2,3,1,1,0,0,3,2,94.8,94.5,155.1,6.699999999999999
125,4,58,2,1,0,1,0,3,3,0,1,223.5,4.2,105.9,2.6
25,6,25,10,0,3,2,0,2,2,3,0,43.0,13.3,45.0,18.0
11,66,53,64,1,0,2,3,1,3,1,2,20.3,115.8,97.4,117.7
34,92,166,106,1,3,1,0,1,2,1,3,61.7,168.1,299.3,187.8
30,16,171,93,0,3,1,1,2,0,0,0,52.0,33.3,309.3,168.9
35,66,49,57,0,1,0,0,1,1,3,2,62.0,119.3,85.2,100.60000000000001
2,25,1,69,0,3,1,1,2,0,2,1,1.6,49.5,1.2999999999999998,124.7
55,64,43,19,2,3,1,1,3,3,1,3,99.0,116.7,77.9,32.7
42,140,89,115,1,2,1,3,2,1,2,2,75.10000000000001,254.0,159.70000000000002,209.5
14,30,21,65,0,0,1,3,2,3,0,1,23.2,51.0,39.300000000000004,120.5
43,10,185,181,0,2,1,3,0,1,3,1,77.4,20.0,331.5,329.3
27,5,38,71,1,0,2,1,3,3,1,2,47.1,6.0,70.4,127.30000000000001
48,65,165,7,0,2,1,1,2,2,1,3,84.4,118.0,297.5,11.1
36,71,166,190,1,1,3,0,0,0,3,1,66.3,129.3,300.3,341.0
48,67,17,41,3,0,2,0,0,2,2,1,90.9,118.60000000000001,31.6,72.8
187,62,43,9,0,0,1,1,3,1,2,3,333.6,110.60000000000001,76.9,14.7
10,65,21,29,0,2,1,1,1,1,2,3,17.0,119.0,37.300000000000004,50.7
27,32,164,19,3,0,2,3,0,2,1,1,53.1,55.6,297.2,37.7
59,70,55,32,0,2,3,1,1,2,2,3,105.2,127.0,101.5,56.1
135,40,7,16,1,1,3,0,1,0,1,3,243.5,73.5,16.1,25.8
17,92,13,80,0,1,3,3,2,1,3,3,28.6,166.1,24.900000000000002,145.5
51,131,25,18,0,0,1,2,3,3,3,3,88.8,232.8,43.5,32.4
24,159,23,4,1,2,0,0,0,0,1,2,44.7,289.2,40.4,5.2
14,29,69,24,3,3,2,3,2,0,3,0,27.7,56.7,124.2,47.7
5,31,147,76,2,2,0,0,3,1,3,0,9.0,57.800000000000004,261.6,136.8
46,60,27,38,1,1,2,1,1,2,1,0,83.3,107.5,50.6,69.9
65,33,45,59,3,2,2,1,1,1,2,0,120.5,61.4,82.0,107.7
19,41,35,103,1,0,0,3,3,3,2,0,32.7,70.8,61.0,189.9
48,49,34,162,0,0,0,3,1,3,1,2,85.4,85.2,60.2,294.1
200,30,63,8,3,1,1,3,1,2,3,1,363.5,53.5,111.9,17.9
69,59,66,71,0,3,1,0,2,2,3,3,122.2,108.7,117.3,124.8
17,23,35,7,3,1,2,1,3,1,0,2,32.1,41.9,66.0,12.1
9,86,11,67,0,3,1,2,3,2,2,2,13.2,157.3,19.3,121.60000000000001
24,24,63,68,0,3,3,0,2,2,3,2,41.2,45.7,114.9,120.4
141,63,5,55,3,3,3,1,1,2,3,3,257.3,115.9,10.5,97.5
69,58,40,0,1,2,0,3,1,1,1,2,124.7,106.4,71.0,0.0
10,39,66,18,2,2,2,2,0,3,1,3,21.0,70.2,120.8,32.4
74,2,13,67,1,1,0,1,3,0,3,0,131.70000000000002,5.1,20.400000000000002,122.10000000000001
28,16,30,34,1,0,0,1,1,0,3,1,50.9,28.8,51.0,61.7
3,63,16,4,0,1,0,3,1,3,3,2,4.4,111.9,25.8,9.7
36,115,49,35,1,1,1,0,3,2,1,3,63.3,206.5,88.7,60.0
175,6,170,70,0,3,2,0,2,3,2,0,313.0,12.3,307.0,126.0
14,32,50,33,2,2,3,0,1,0,3,1,27.2,60.6,91.5,58.4
34,48,105,18,0,3,3,2,2,3,0,0,59.2,87.9,193.5,35.4
14,40,44,34,1,2,1,0,1,2,0,3,25.7,73.0,80.7,58.2
36,32,6,68,2,3,0,1,3,1,0,1,64.8,61.1,10.8,122.9
54,69,15,9,0,2,1,1,3,1,3,0,94.2,126.2,25.5,17.7
52,30,77,93,1,2,1,1,1,3,2,1,94.10000000000001,54.0,138.1,167.9
5,83,25,27,3,0,1,0,1,2,1,3,12.5,147.4,45.5,45.6
132,25,62,85,2,2,1,2,1,0,0,2,239.6,48.0,113.10000000000001,154.0
10,133,20,31,1,2,1,2,1,2,2,2,18.5,240.4,35.5,56.800000000000004
10,70,139,65,2,2,1,1,2,2,0,2,19.0,127.0,251.70000000000002,116.5
62,54,63,17,1,1,1,1,2,3,3,3,111.10000000000001,95.7,111.9,29.1
22,54,16,79,3,3,0,0,0,3,2,1,44.1,98.7,26.8,141.20000000000002
31,25,18,40,3,2,1,2,0,2,0,1,60.300000000000004,46.0,33.9,74.0
1,8,18,44,1,0,3,3,0,2,1,3,3.3,12.4,35.9,80.7
6,48,39,101,1,1,0,1,1,2,0,1,11.3,85.9,70.2,182.3
66,65,18,48,0,0,2,2,1,0,0,3,117.8,117.0,35.4,86.4
53,66,144,101,1,1,0,3,0,3,3,0,96.9,117.3,256.2,186.3
59,45,29,39,2,0,3,3,3,2,2,3,106.2,79.0,54.7,71.7
36,34,63,44,3,3,3,2,3,2,3,3,66.3,63.7,114.9,79.2
11,93,21,55,0,2,0,1,2,1,2,3,17.8,169.4,35.800000000000004,97.5
46,12,55,46,0,0,2,2,1,2,3,0,81.8,19.6,99.0,85.8
54,30,40,186,0,0,2,2,3,3,3,1,94.2,51.0,72.0,336.8
38,59,32,69,2,1,1,0,0,3,0,2,71.4,104.7,59.1,122.2
25,10,53,50,3,3,2,1,1,1,0,0,48.5,21.5,98.4,91.5
7,0,69,14,1,2,0,2,0,0,3,1,14.1,0.0,121.2,27.2
40,58,66,33,2,3,3,2,3,1,1,3,72.0,107.9,122.3,59.4
35,31,8,49,2,2,0,1,0,2,2,3,66.0,56.800000000000004,12.4,86.7
4,58,20,40,3,1,2,1,1,1,2,1,10.7,104.9,37.0,72.5
62,68,21,32,0,1,2,3,2,2,0,2,109.60000000000001,121.9,40.800000000000004,60.1
120,66,33,151,0,3,3,3,0,1,2,0,216.0,122.3,61.9,276.3
58,45,45,42,0,2,1,2,0,2,0,2,104.4,82.0,82.5,76.60000000000001
26,176,0,57,2,3,3,3,2,1,3,2,47.800000000000004,320.3,0.0,105.10000000000001
121,37,24,200,3,3,3,1,2,3,2,1,220.3,68.10000000000001,45.7,360.5
45,19,130,24,2,0,3,3,3,0,1,0,81.0,34.2,237.5,47.7
154,61,58,15,2,0,0,1,0,1,3,0,280.2,108.8,101.4,28.5
56,190,118,62,1,1,2,1,0,1,2,3,102.3,342.5,213.4,110.10000000000001
36,154,20,51,2,0,0,3,2,2,3,1,65.8,275.2,33.0,95.3
70,169,30,9,0,1,0,2,3,2,0,2,123.0,303.7,54.0,17.2
35,30,22,44,3,1,2,1,2,3,3,3,65.5,52.5,39.6,77.7
33,26,8,45,2,1,0,1,2,3,1,3,60.4,45.300000000000004,13.4,79.5
30,7,133,58,0,0,3,0,3,0,0,0,51.0,12.6,243.9,104.4
56,17,39,55,1,0,3,1,0,1,3,1,102.3,29.6,71.7,99.5
61,28,41,3,1,2,1,2,1,2,1,3,110.3,51.4,74.3,5.4
84,161,187,15,2,2,3,3,1,1,3,3,153.20000000000002,291.8,338.1,28.5
22,57,180,7,3,0,2,3,2,0,3,3,42.1,102.60000000000001,324.0,14.100000000000001
52,67,44,191,2,1,2,1,3,0,0,3,93.60000000000001,122.10000000000001,82.2,342.3
45,39,21,49,0,0,3,1,2,1,2,0,79.0,69.2,40.300000000000004,89.7
32,54,23,104,1,1,3,2,1,2,1,2,58.1,96.7,44.9,188.20000000000002
8,68,128,82,0,3,1,2,3,0,1,1,11.4,126.9,230.9,149.6
16,44,33,190,3,0,2,2,3,0,3,3,30.299999999999997,79.2,59.4,342.0
182,61,66,169,1,0,2,0,3,2,3,3,326.1,107.8,118.8,301.2
50,52,48,6,2,2,0,0,0,0,0,3,93.0,96.60000000000001,86.4,7.800000000000001
57,32,17,31,2,1,0,3,3,2,0,0,102.60000000000001,57.1,30.6,60.300000000000004
29,63,42,35,0,1,1,2,0,0,2,0,52.2,114.9,75.10000000000001,66.0
44,57,56,54,3,3,3,3,0,2,3,0,83.7,105.10000000000001,102.3,101.7
26,23,18,4,1,0,2,1,3,2,0,3,45.300000000000004,39.4,35.4,5.699999999999999
29,23,38,0,0,1,3,0,1,2,2,0,51.2,40.9,70.9,0.0
58,53,33,6,3,2,2,0,3,2,0,2,105.9,96.4,62.4,8.8
16,32,62,147,1,3,1,0,0,2,3,2,30.3,60.1,110.10000000000001,262.6
15,45,13,90,3,1,3,3,2,2,2,3,29.5,80.5,25.900000000000002,163.5
168,180,31,36,2,1,3,2,0,0,3,0,305.40000000000003,325.5,57.300000000000004,67.8
200,94,47,50,2,2,0,3,1,1,2,3,362.0,171.20000000000002,82.60000000000001,91.5
27,62,62,52,1,0,3,0,3,0,2,2,47.1,111.60000000000001,114.10000000000001,91.60000000000001
159,124,3,121,1,1,1,3,2,0,1,0,285.7,224.70000000000002,5.9,222.3
19,5,56,64,2,0,0,2,0,3,3,0,37.2,6.0,97.8,118.2
57,40,16,66,3,2,0,3,0,2,1,1,107.10000000000001,73.0,27.8,122.3
23,166,45,62,2,3,2,3,2,2,0,0,42.4,301.3,84.0,116.10000000000001
106,3,64,29,0,1,2,1,0,3,3,1,190.8,3.9000000000000004,115.2,52.7
16,4,46,39,3,0,3,0,1,3,3,2,32.3,4.2,84.3,68.2
56,34,191,37,0,0,3,1,1,0,2,2,99.8,61.2,346.3,66.10000000000001
65,89,25,89,2,3,2,1,1,2,3,2,119.0,162.70000000000002,45.0,159.70000000000002
123,158,57,12,2,1,3,3,2,1,0,2,222.4,284.90000000000003,107.10000000000001,24.1
32,3,11,27,0,0,0,2,0,1,1,1,57.6,4.4,18.8,50.6
16,37,27,29,3,0,1,0,2,1,3,2,31.299999999999997,65.60000000000001,47.1,50.2
34,81,34,155,1,0,1,3,2,3,0,0,60.7,142.8,62.7,283.5
62,27,4,22,1,1,3,3,1,3,0,2,112.10000000000001,47.1,11.7,42.1
12,10,18,42,3,0,0,3,2,3,2,2,24.1,15.0,30.4,78.10000000000001
67,48,92,4,3,1,0,0,1,0,0,2,124.10000000000001,87.9,165.6,5.2
61,31,64,43,3,2,2,1,3,1,1,3,111.3,57.800000000000004,117.2,75.9
65,12,35,195,2,0,0,0,0,2,2,1,120.0,19.6,61.0,350.0
13,94,3,50,0,3,2,0,0,2,0,2,23.400000000000002,171.70000000000002,8.4,88.0
53,60,66,143,1,0,1,1,1,0,1,2,95.9,108.0,119.3,256.90000000000003
135,20,52,189,0,3,3,3,2,1,1,0,241.0,39.5,97.10000000000001,344.7
41,14,178,98,1,2,3,3,1,1,3,0,74.3,27.2,321.90000000000003,180.9
189,103,15,58,1,3,2,3,0,2,0,1,341.7,187.9,30.0,107.9
15,46,37,44,0,2,2,3,2,3,3,0,25.0,82.8,66.60000000000001,83.7
87,5,56,18,1,2,3,3,2,2,3,2,156.1,10.0,102.3,34.9
21,58,40,29,0,0,0,2,1,2,3,1,36.800000000000004,102.4,69.0,54.2
27,30,190,7,0,1,2,2,2,3,1,0,46.6,52.5,344.0,15.6
42,44,86,59,3,1,1,3,3,2,2,0,77.10000000000001,78.7,154.3,110.7
30,62,23,115,0,3,1,3,0,2,3,3,54.0,114.10000000000001,39.9,208.5
46,42,38,187,3,1,3,1,2,1,1,3,85.3,76.10000000000001,71.9,335.1
58,69,8,52,0,2,2,0,1,2,3,0,103.4,125.2,14.399999999999999,93.60000000000001
143,67,11,21,1,2,1,2,3,2,3,1,255.90000000000003,121.60000000000001,18.3,39.800000000000004
50,49,69,51,3,0,1,0,3,2,2,0,91.5,86.2,123.7,91.8
42,50,35,18,3,0,2,0,2,1,3,1,78.10000000000001,89.0,63.0,31.4
66,26,59,3,3,0,3,3,3,1,0,1,120.3,45.800000000000004,110.7,8.9
136,62,65,64,3,2,1,2,2,3,2,0,247.3,111.60000000000001,116.5,118.2
37,62,200,182,0,3,0,0,1,2,0,0,65.60000000000001,114.10000000000001,360.0,327.6
43,35,24,8,3,2,2,0,0,1,1,2,81.9,65.0,45.2,12.4
49,126,25,23,1,0,3,0,1,0,2,1,88.7,226.8,47.5,40.4
53,3,68,200,2,2,0,2,1,1,0,3,97.4,7.4,122.4,360.0
56,15,109,34,1,2,2,0,2,2,1,1,100.3,28.0,198.20000000000002,60.2
59,129,42,18,3,3,3,0,2,3,1,0,108.7,233.70000000000002,79.10000000000001,32.4
101,47,164,22,3,1,2,2,1,3,0,3,185.3,83.10000000000001,298.2,39.6
138,103,102,38,2,0,3,2,0,3,3,3,251.4,182.4,185.1,68.4
43,183,134,60,2,1,2,3,1,0,1,1,79.4,330.90000000000003,243.20000000000002,111.5
26,27,29,41,3,0,1,0,0,3,0,1,51.300000000000004,45.6,53.7,72.8
43,4,1,37,2,1,3,1,1,1,2,0,79.4,7.699999999999999,4.3,68.10000000000001
27,46,34,66,0,1,1,0,2,0,1,3,46.6,84.3,61.7,115.8
87,0,61,7,3,3,3,0,0,1,3,0,161.1,0.0,111.3,12.6
59,27,67,43,0,1,3,0,2,1,1,1,104.2,49.1,124.10000000000001,76.4
70,3,48,69,2,0,2,3,1,3,3,3,128.0,2.4000000000000004,86.4,125.69999999999999
46,68,176,63,1,3,3,3,1,3,0,2,83.3,123.9,321.3,115.9
33,0,158,9,1,3,0,0,2,3,2,2,58.9,0.0,282.40000000000003,14.2
10,1,53,160,3,2,1,0,2,1,1,2,20.5,3.8,95.9,286.0
163,41,61,20,3,3,0,2,3,2,2,2,294.90000000000003,76.3,107.8,37.0
121,57,6,14,3,3,0,3,3,1,2,0,219.3,106.10000000000001,8.8,29.7
40,52,190,109,2,1,3,1,3,2,1,3,72.0,93.10000000000001,345.5,194.70000000000002
29,12,168,11,3,0,2,3,2,0,0,2,54.7,21.6,305.40000000000003,22.3
13,93,57,38,1,3,1,2,2,3,0,1,22.900000000000002,168.9,104.10000000000001,70.4
83,62,22,112,0,1,2,3,1,3,0,2,148.4,110.10000000000001,42.6,204.1
174,68,173,33,2,2,1,1,0,1,1,3,316.2,124.4,311.90000000000003,57.9
135,35,72,25,3,1,2,3,1,0,2,3,246.5,64.5,130.6,46.5
28,6,166,110,1,0,3,3,0,2,2,1,51.9,8.8,301.3,201.5
132,60,127,56,2,3,2,2,3,0,2,3,237.6,112.5,229.6,100.8
61,198,68,23,0,0,1,0,2,3,1,0,107.8,353.40000000000003,122.9,41.4
128,37,36,33,3,3,0,0,3,2,2,1,231.9,69.10000000000001,62.8,58.4
27,4,53,61,3,1,3,1,2,3,0,2,51.1,5.699999999999999,99.9,109.3
127,0,39,164,2,0,0,1,0,3,1,2,231.6,0.0,69.2,294.7
67,65,45,41,3,1,1,2,2,3,2,3,123.10000000000001,115.5,80.5,73.8
67,11,59,24,3,1,0,0,0,1,0,3,125.10000000000001,20.3,106.2,40.2
61,25,17,71,2,1,0,3,3,2,0,1,109.8,44.5,30.6,131.3
30,102,7,63,2,3,2,1,3,1,0,3,54.0,187.1,15.6,111.9
24,104,0,6,2,1,2,2,1,0,3,1,45.2,188.70000000000002,0.0,12.8
67,53,21,8,2,3,1,2,2,3,1,0,121.60000000000001,96.9,38.300000000000004,17.4
34,110,66,195,2,0,1,0,2,2,2,3,62.2,196.0,118.3,348.0
44,89,120,158,1,1,0,3,0,3,2,0,80.7,158.70000000000002,214.0,288.90000000000003
130,58,23,21,0,3,2,3,2,0,0,3,232.0,108.9,44.4,39.300000000000004
119,36,37,156,0,1,0,0,1,0,2,0,213.20000000000002,66.3,64.60000000000001,280.8
49,20,54,16,3,2,0,3,0,2,3,3,92.7,37.0,94.2,30.299999999999997
35,30,20,70,2,0,1,0,0,2,1,2,66.0,52.0,36.5,124.0
19,11,5,38,3,1,0,3,0,0,2,1,38.7,21.3,7.0,71.9
97,17,13,173,1,3,2,3,0,1,2,0,176.1,34.1,24.400000000000002,315.90000000000003
90,188,17,81,1,2,0,1,0,3,2,1,163.5,338.40000000000003,28.6,146.3
152,52,67,57,3,1,1,0,0,2,3,3,278.1,93.10000000000001,119.10000000000001,99.60000000000001
57,40,181,155,1,0,1,0,1,3,2,0,103.10000000000001,69.0,325.3,279.0
1,128,21,57,0,3,2,1,0,2,1,1,1.8,232.9,39.800000000000004,103.10000000000001
5,38,68,48,3,1,0,1,1,3,1,1,12.5,66.9,121.4,86.9
46,3,164,182,0,3,2,1,0,3,0,3,82.8,6.9,298.2,326.1
126,60,195,49,0,0,0,3,1,0,3,3,225.8,108.0,348.0,89.7
61,11,61,64,2,3,2,2,3,3,1,0,109.8,21.3,111.8,118.2
19,54,30,36,2,3,3,1,1,1,2,2,36.2,100.7,56.5,64.3
70,20,177,117,3,2,0,0,2,2,1,2,128.5,37.0,317.6,208.6
1,59,8,18,1,2,0,3,1,2,3,1,2.3,107.2,11.4,35.9
6,33,197,55,3,3,2,0,3,2,2,1,12.3,61.9,355.6,98.0
153,25,12,101,1,3,0,0,1,1,0,0,275.90000000000003,48.5,21.6,181.8
198,88,32,141,3,1,3,1,1,0,2,0,359.90000000000003,159.9,60.1,255.3
177,69,21,40,2,0,3,1,2,2,1,2,319.6,122.2,41.300000000000004,71.5
16,42,28,49,0,1,1,1,2,3,1,3,26.8,74.10000000000001,50.9,86.7
69,7,23,3,2,2,3,1,2,0,2,1,125.2,15.6,43.9,5.9
4,33,48,188,0,0,1,0,2,3,0,1,5.2,56.4,87.9,337.40000000000003
14,14,50,10,0,1,0,3,2,1,3,0,23.2,25.7,87.0,22.5
38,67,168,146,1,0,2,2,0,2,2,0,69.9,118.60000000000001,303.40000000000003,265.8
0,54,56,39,3,3,2,2,2,1,2,2,0.0,100.7,101.8,71.2
103,100,58,14,3,2,0,2,3,3,0,3,186.9,180.0,104.4,25.2
34,70,48,108,2,3,1,1,1,1,0,0,63.2,129.5,87.9,195.9
162,26,48,42,2,2,0,0,3,2,1,3,291.6,47.800000000000004,85.4,72.60000000000001
17,9,10,120,2,1,0,1,1,0,1,2,32.6,17.7,17.0,215.5
96,60,26,68,0,1,1,3,1,0,2,3,171.8,109.5,46.300000000000004,123.9
42,35,51,38,2,2,1,0,3,1,1,3,75.60000000000001,65.0,92.3,65.4
163,62,68,90,1,2,1,3,1,2,0,1,293.90000000000003,112.60000000000001,123.9,165.5
178,151,13,61,0,3,2,2,2,3,2,3,318.40000000000003,273.3,24.400000000000002,109.8
20,18,22,11,3,3,2,2,2,2,0,2,38.5,34.9,42.6,20.8
37,7,23,45,0,1,3,2,0,2,1,2,66.60000000000001,12.1,44.9,82.0
12,44,49,69,3,1,1,2,2,3,1,1,24.1,77.7,88.7,126.2
67,37,54,47,3,3,2,0,2,2,3,2,123.10000000000001,69.10000000000001,97.2,82.60000000000001
64,6,30,53,3,3,3,0,3,3,0,1,116.7,12.3,58.5,94.4
23,9,79,21,1,3,1,2,0,3,1,3,42.9,17.7,142.70000000000002,37.800000000000004
83,64,52,91,2,3,1,3,1,3,2,1,151.4,116.7,93.10000000000001,167.3
184,34,49,57,1,0,0,1,1,3,0,2,331.7,58.2,88.2,102.10000000000001
18,147,45,22,1,1,3,1,1,2,2,0,32.9,264.1,83.5,41.1
151,2,9,157,1,2,3,1,0,3,1,3,273.3,3.5999999999999996,19.7,281.1
12,17,57,40,3,2,0,3,2,1,0,1,24.1,32.6,102.60000000000001,75.5
21,25,51,38,3,2,2,3,1,3,1,2,41.300000000000004,45.0,93.8,70.9
36,5,42,79,0,1,1,2,0,1,0,1,64.8,9.5,77.10000000000001,144.20000000000002
56,40,49,31,0,2,1,1,2,0,0,3,98.8,75.0,89.7,54.300000000000004
55,9,67,35,2,1,3,0,3,2,0,2,99.0,15.7,125.10000000000001,61.0
45,7,34,36,3,1,0,3,1,3,0,2,84.5,11.1,61.2,67.3
156,141,40,24,3,2,2,0,2,0,1,1,283.3,256.8,74.0,42.2
0,27,175,70,0,1,3,0,1,0,2,3,0.0,50.1,317.5,123.0
60,152,64,46,2,2,0,2,2,0,2,3,109.0,276.6,113.2,82.8
69,42,62,20,3,3,0,2,3,3,1,3,125.69999999999999,77.10000000000001,110.60000000000001,36.0
59,56,13,59,0,1,3,0,0,2,0,3,106.2,100.3,27.900000000000002,103.2
24,33,46,66,3,2,2,1,1,2,0,3,46.7,60.4,85.8,117.3
65,47,12,50,3,2,1,2,1,1,0,0,120.5,86.60000000000001,23.1,93.0
34,67,102,17,3,1,2,3,2,3,1,0,63.7,119.10000000000001,185.6,35.1
67,66,89,163,1,1,2,1,2,1,3,0,120.10000000000001,119.3,160.20000000000002,294.90000000000003
42,61,31,100,2,0,3,3,1,0,1,1,77.60000000000001,109.8,59.300000000000004,183.5
55,18,44,47,3,0,2,0,0,0,3,0,103.5,32.4,79.2,84.60000000000001
54,40,5,46,0,3,0,0,1,2,1,3,96.2,74.5,8.0,79.8
18,107,69,53,2,2,0,3,3,1,2,2,32.4,194.6,122.2,97.9
43,47,18,180,3,0,1,3,1,0,2,2,80.9,84.60000000000001,31.9,326.5
114,15,39,37,1,2,2,2,0,3,1,3,206.70000000000002,27.0,72.2,66.60000000000001
42,29,83,19,2,3,0,1,0,3,2,1,78.60000000000001,53.7,147.4,34.7
5,5,39,81,1,3,2,2,2,3,3,2,8.5,10.5,70.2,146.8
44,43,7,173,1,0,0,3,2,3,2,0,78.7,74.4,10.6,315.90000000000003
3,42,63,21,0,1,0,0,3,0,1,1,2.4000000000000004,77.10000000000001,112.4,36.800000000000004
45,14,63,12,3,1,2,3,0,1,1,1,85.5,25.7,115.4,25.1
27,175,42,33,2,3,1,3,0,3,3,3,51.6,316.5,74.10000000000001,60.9
66,47,59,37,0,1,1,2,1,2,2,3,117.8,84.10000000000001,105.7,66.60000000000001
20,12,54,51,2,3,3,0,3,1,2,0,36.0,25.1,99.7,91.8
31,58,53,44,1,2,3,1,2,2,3,3,55.300000000000004,105.4,96.9,77.7
22,13,113,1,3,2,1,3,2,1,3,2,42.1,25.400000000000002,201.9,4.3
117,14,67,29,2,2,3,2,1,1,0,1,212.6,27.2,125.10000000000001,54.2
19,102,67,39,3,2,3,1,1,2,2,2,37.7,184.6,123.10000000000001,69.7
9,68,53,62,2,2,2,2,3,0,1,2,16.2,125.4,97.4,112.60000000000001
62,61,37,47,2,0,0,2,3,0,2,1,111.60000000000001,109.8,64.60000000000001,86.60000000000001
31,47,12,40,0,1,2,0,0,3,3,3,55.800000000000004,83.10000000000001,21.6,69.0
49,51,1,128,2,2,2,2,2,0,2,1,89.2,94.8,2.8,232.4
51,59,52,23,1,2,1,2,3,0,2,3,90.3,109.2,93.10000000000001,41.4
62,64,19,33,2,0,1,2,1,3,2,2,113.60000000000001,112.2,33.7,60.4
69,46,69,60,2,1,3,1,2,1,2,3,125.2,83.3,126.69999999999999,106.5
3,56,54,32,0,2,0,3,3,3,3,3,2.4000000000000004,100.8,94.2,59.1
34,2,125,12,3,2,2,2,3,1,2,2,62.7,5.6,226.0,22.6
12,6,34,42,3,3,0,0,0,1,0,2,26.1,14.3,61.2,73.60000000000001
59,90,1,71,2,0,1,0,0,3,2,1,109.2,159.0,1.2999999999999998,126.8
53,26,0,59,3,2,3,1,0,3,0,3,99.9,46.800000000000004,0.0,104.7
5,51,21,58,1,1,0,0,2,2,2,2,8.5,91.3,35.800000000000004,102.4
10,25,150,51,1,3,0,3,1,3,2,3,18.5,46.5,268.0,93.3
196,153,19,3,0,2,1,1,0,0,0,1,352.8,278.40000000000003,35.7,5.9
110,53,27,33,0,0,2,3,2,2,3,2,196.0,93.4,48.6,61.9
16,8,120,120,2,1,1,2,1,0,3,2,30.8,15.9,214.5,217.0
166,38,68,13,0,0,1,0,3,2,3,0,295.8,66.4,120.9,23.400000000000002
97,196,55,199,0,3,2,3,1,1,1,3,173.6,356.3,101.0,359.7
40,48,3,30,3,2,3,2,0,0,2,2,76.5,89.4,7.9,55.0
51,30,49,139,2,0,2,2,0,1,2,0,94.8,53.0,89.2,253.20000000000002
43,39,13,60,0,2,2,0,3,1,2,2,74.4,72.2,24.400000000000002,106.0
66,25,24,19,1,0,2,2,2,3,1,0,118.3,42.0,45.2,37.2
4,48,117,120,0,2,0,2,0,0,2,0,7.2,89.4,208.6,219.0
51,54,5,57,0,2,0,0,0,2,1,2,91.8,98.2,8.0,100.60000000000001
91,18,107,17,2,2,3,1,1,3,3,2,165.8,32.4,194.1,30.1
93,19,37,16,1,2,3,0,2,3,3,2,166.9,34.2,68.10000000000001,26.8
1,62,36,55,0,2,0,1,3,0,1,2,0.0,114.60000000000001,63.8,98.5
69,32,36,8,1,1,0,0,1,1,0,0,124.7,58.1,64.8,14.4
143,68,32,53,3,2,2,3,2,0,3,2,259.90000000000003,125.4,57.6,97.9
187,105,26,33,2,1,3,0,3,1,3,0,336.6,189.5,48.300000000000004,59.4
5,31,25,45,2,3,0,2,2,0,0,1,10.0,60.300000000000004,45.0,83.0
114,137,86,40,3,1,2,0,1,3,1,3,208.70000000000002,245.1,156.8,69.0
139,13,31,15,0,3,1,0,1,1,2,1,249.20000000000002,26.900000000000002,55.300000000000004,26.0
61,119,44,2,0,1,0,1,3,3,3,1,106.8,212.70000000000002,76.2,4.1
53,53,54,35,0,1,1,2,3,1,1,1,92.4,95.9,97.7,65.0
59,17,67,35,3,2,0,1,2,0,0,3,108.7,33.6,120.60000000000001,61.5
13,9,2,180,0,0,1,1,3,2,1,0,20.400000000000002,14.2,4.1,325.5
36,26,79,176,2,2,3,2,0,3,1,2,67.8,46.800000000000004,145.70000000000002,317.8
39,27,63,34,0,0,0,0,2,2,3,3,68.2,46.6,110.4,58.2
49,63,41,3,1,2,0,2,1,2,0,2,88.7,114.4,73.8,6.4
57,14,49,60,3,2,0,1,2,1,1,1,105.10000000000001,27.2,87.2,108.5
52,30,24,146,0,1,2,0,1,0,1,0,92.60000000000001,55.5,45.2,262.8
31,68,146,38,2,2,0,1,1,0,2,0,57.800000000000004,125.4,260.8,69.9
14,8,2,5,1,1,1,1,0,1,1,3,26.7,14.9,4.1,7.5
83,25,75,151,0,3,0,3,0,0,3,1,149.4,49.5,132.0,275.3
48,44,70,10,1,0,0,0,0,2,3,2,87.9,77.2,123.0,16.0
95,41,30,198,1,1,3,1,2,2,0,0,170.5,73.3,58.5,357.90000000000003
43,47,7,5,1,1,0,0,3,3,3,3,75.9,83.10000000000001,9.6,6.0
194,43,179,46,3,3,1,0,0,3,3,2,353.7,78.9,320.7,80.8
0,63,39,1,2,2,2,1,0,2,3,3,0.0,114.4,70.2,0.2999999999999998
43,63,45,14,1,2,0,0,0,3,2,3,78.9,113.4,79.0,22.2
23,46,23,41,3,2,2,2,2,2,2,2,43.9,83.8,42.4,74.8
16,6,8,19,3,2,0,2,1,1,2,2,32.3,12.8,12.4,35.2
9,41,59,173,0,1,3,1,0,1,1,1,16.2,74.3,109.7,311.90000000000003
42,61,116,56,3,3,3,2,2,0,2,0,78.10000000000001,114.3,211.3,103.8
40,63,183,68,2,1,2,3,3,0,3,0,72.0,114.9,329.40000000000003,126.9
66,51,20,10,2,1,1,1,2,1,3,3,119.8,92.3,34.5,16.5
2,23,42,8,3,2,3,2,1,2,1,0,7.1,42.4,79.10000000000001,17.4
68,34,58,27,0,1,1,3,3,2,1,2,119.4,60.7,104.9,51.1
79,43,15,5,2,1,2,2,0,1,1,1,145.20000000000002,77.9,29.0,11.0
52,65,67,103,3,2,0,2,3,3,2,1,95.10000000000001,117.0,118.60000000000001,187.4
32,44,70,57,2,3,3,0,1,0,3,2,59.6,83.7,127.5,100.60000000000001
133,26,21,2,0,0,2,2,3,0,3,1,236.4,46.800000000000004,37.800000000000004,5.6
68,15,25,40,1,1,3,3,0,1,1,0,123.9,27.5,48.5,76.5
40,32,62,5,0,2,2,0,0,0,3,3,72.0,60.6,111.60000000000001,6.0
47,53,197,34,0,3,1,3,3,2,3,2,81.60000000000001,97.9,353.1,63.7
52,31,11,7,0,0,2,0,3,3,1,2,90.60000000000001,52.800000000000004,21.8,10.6
3,53,41,6,2,3,3,1,1,0,3,1,7.4,99.9,75.3,11.3
193,63,46,39,1,0,2,1,3,1,1,1,345.90000000000003,112.4,84.8,70.7
176,64,48,37,0,2,0,0,2,3,3,3,314.8,115.2,83.4,63.60000000000001
3,31,90,196,0,0,1,0,1,3,0,3,4.4,52.800000000000004,163.5,349.8
43,64,33,11,2,2,0,1,0,2,2,2,80.4,116.2,57.4,19.3
33,5,12,64,1,1,0,2,2,3,3,0,58.9,7.5,18.6,118.2
49,45,41,68,3,0,0,3,1,1,1,2,91.7,80.0,72.8,124.9
41,139,70,65,0,1,2,3,1,0,0,2,72.8,251.70000000000002,129.0,119.5
119,1,2,20,0,3,0,1,2,0,0,2,212.20000000000002,6.3,3.6,35.5
94,62,9,32,0,0,2,0,0,0,3,1,169.20000000000002,111.60000000000001,16.2,56.6
31,40,28,58,3,3,0,2,3,1,1,3,57.300000000000004,75.5,49.4,104.4
57,68,8,42,0,2,2,1,2,3,1,1,100.60000000000001,122.4,16.4,76.10000000000001
8,39,17,96,0,0,1,2,1,1,2,1,13.4,69.2,30.1,174.8
23,13,27,67,0,2,0,2,1,3,3,2,40.4,23.400000000000002,45.6,121.60000000000001
12,14,0,106,2,2,1,2,2,2,2,0,22.6,26.2,0.0,193.8
63,94,126,1,2,1,1,3,2,2,2,1,114.4,168.70000000000002,226.3,5.3
70,63,190,39,0,2,1,0,1,2,2,2,125.0,114.4,341.5,68.2
30,15,50,38,0,1,2,0,3,2,3,1,51.0,26.5,90.0,67.4
27,36,122,40,0,1,2,3,0,2,3,3,48.6,64.3,219.6,73.5
172,111,69,17,1,2,3,2,0,0,0,2,311.1,202.8,128.7,31.6
59,48,3,25,2,0,0,0,2,0,3,1,107.2,86.4,2.4000000000000004,44.0
13,175,51,23,1,3,2,1,2,2,2,0,22.900000000000002,317.5,92.8,42.9
54,189,14,119,1,1,0,3,3,1,0,0,95.7,340.7,25.2,218.70000000000002
58,135,67,13,1,0,1,3,1,3,2,1,104.9,240.0,120.10000000000001,26.900000000000002
5,29,9,159,2,3,0,0,3,1,1,3,9.0,55.7,15.2,283.2
50,90,43,57,0,3,1,0,0,2,3,3,90.0,164.5,75.9,99.60000000000001
61,26,27,63,3,0,0,1,3,0,0,2,111.3,46.800000000000004,48.6,112.9
37,99,70,62,3,1,1,1,1,3,2,1,70.10000000000001,176.70000000000002,125.5,112.10000000000001
7,200,51,7,3,0,0,1,1,3,2,2,16.1,357.0,89.8,12.1
167,107,70,38,2,3,1,1,0,0,2,2,303.6,197.1,125.5,67.9
2,66,40,152,1,1,3,0,0,3,2,0,5.1,117.3,74.5,273.6
69,158,3,39,3,0,1,0,3,1,3,0,125.69999999999999,283.40000000000003,3.9000000000000004,70.2
15,15,39,141,0,3,2,1,1,2,3,3,26.0,29.5,70.2,252.3
65,51,172,129,2,3,0,3,2,1,2,3,118.0,95.3,307.6,233.70000000000002
13,67,33,26,1,2,2,3,1,1,1,0,23.900000000000002,122.60000000000001,61.4,51.300000000000004
2,8,15,14,1,1,3,1,2,0,2,2,3.0999999999999996,15.9,29.5,24.7
24,8,8,3,3,1,3,3,1,2,0,3,46.7,13.9,18.9,6.9
20,68,29,31,3,1,3,0,3,2,3,0,37.5,121.9,53.7,55.800000000000004
31,135,33,27,0,2,2,3,0,1,2,3,55.800000000000004,245.0,60.4,50.1
91,48,173,32,1,3,1,3,0,0,2,1,165.3,90.9,310.90000000000003,61.1
20,5,67,114,2,3,3,0,1,1,0,3,38.0,12.5,125.10000000000001,202.20000000000002
1,18,198,30,1,3,0,2,2,2,1,3,1.2999999999999998,34.9,355.40000000000003,54.0
14,97,51,100,1,3,3,0,1,1,2,1,25.7,178.1,94.3,179.0
25,170,18,7,0,2,1,3,2,1,1,2,43.0,308.0,32.9,15.100000000000001
151,29,41,146,1,1,1,1,1,0,3,0,272.3,53.7,72.3,264.3
54,16,16,5,2,0,1,3,1,0,2,2,99.2,28.8,28.3,11.5
0,33,19,58,2,2,0,1,3,2,1,0,0.0,60.4,33.2,105.9
40,2,24,110,2,3,3,3,3,2,2,2,72.0,6.1,45.7,200.5
43,27,200,57,2,1,3,2,3,1,2,3,77.4,49.1,362.5,102.60000000000001
61,56,22,28,1,2,2,1,3,2,0,3,108.3,101.8,42.6,48.9
109,45,28,3,2,1,2,1,1,3,2,1,198.20000000000002,79.5,51.4,5.9
42,61,131,70,1,1,3,1,2,1,1,2,75.10000000000001,110.3,239.3,125.5
40,2,42,53,1,0,2,1,1,1,0,1,72.5,2.6,78.60000000000001,95.9
11,36,29,13,1,3,1,2,1,1,3,3,20.3,68.3,50.7,23.400000000000002
66,63,58,41,3,0,3,1,2,3,3,3,121.3,110.4,105.9,72.3
32,192,16,69,2,3,0,0,1,2,2,1,59.6,348.1,26.8,123.2
6,50,103,176,3,3,1,3,3,1,2,0,12.3,93.5,184.9,321.3
63,52,53,45,0,3,3,2,0,3,1,2,113.4,95.10000000000001,98.9,82.0
17,36,57,0,2,3,0,1,0,2,0,0,33.6,67.3,102.60000000000001,0.0
24,40,158,10,3,2,0,2,3,0,0,2,44.7,75.0,284.40000000000003,19.0
181,117,166,54,0,1,1,2,3,1,3,1,322.8,211.1,297.3,99.2
17,18,57,108,3,2,2,2,1,3,2,3,34.1,32.4,103.60000000000001,194.4
0,30,38,32,2,3,1,0,3,0,3,2,0.0,58.5,66.9,55.6
54,181,53,24,2,0,3,2,3,2,0,1,97.2,323.8,99.9,45.2
69,5,15,30,1,0,2,1,1,1,3,3,124.7,8.0,27.0,52.5
56,163,60,48,0,0,2,1,3,2,2,0,97.8,291.40000000000003,109.0,87.9
17,46,4,23,3,2,1,0,3,2,2,0,32.1,83.8,6.699999999999999,41.4
65,110,67,136,0,2,0,1,2,1,0,0,115.0,200.0,120.60000000000001,246.3
56,198,50,27,1,3,0,3,0,1,3,1,102.3,359.90000000000003,87.0,52.1
26,63,55,200,0,1,1,2,3,0,3,0,43.800000000000004,114.9,97.5,363.0
20,31,7,40,1,3,1,0,2,3,3,1,35.5,57.300000000000004,11.1,71.0
94,69,19,47,3,0,3,2,3,1,2,0,170.70000000000002,123.2,36.7,87.60000000000001
65,54,36,139,1,3,2,1,3,2,1,1,115.5,99.7,66.8,250.70000000000002
27,5,65,3,3,1,0,0,2,2,1,1,51.1,8.5,116.0,4.4
56,190,145,16,2,2,3,1,3,0,1,3,100.8,345.0,264.5,27.3
55,48,56,19,2,3,1,0,1,3,1,3,101.0,87.9,101.3,31.200000000000003
68,36,15,61,1,0,1,0,3,3,2,3,120.9,61.8,26.5,106.8
67,66,35,59,3,3,0,0,0,1,3,1,125.10000000000001,122.3,60.0,105.2
20,69,60,16,3,3,0,2,0,3,2,0,40.5,125.69999999999999,106.0,31.8
9,2,46,29,0,1,3,3,0,0,1,1,16.2,5.1,86.3,55.7
25,104,32,8,3,3,2,3,3,3,2,3,46.5,188.70000000000002,58.6,15.899999999999999
29,57,142,39,0,1,2,1,1,1,3,1,51.2,103.10000000000001,255.60000000000002,70.7
131,16,77,166,3,1,0,0,0,0,0,0,240.3,30.3,138.6,298.8
32,68,61,38,1,1,2,1,1,3,1,0,58.1,120.9,111.8,69.9
29,37,19,68,0,0,0,2,3,2,3,2,49.2,64.60000000000001,31.200000000000003,123.4
51,55,65,17,0,0,0,3,3,0,0,0,88.8,99.0,117.0,35.1
25,18,16,53,3,1,2,2,0,2,2,2,49.5,31.9,29.8,96.4
0,52,59,31,2,3,2,3,1,0,0,2,0.0,98.10000000000001,109.2,58.300000000000004
16,2,191,39,0,3,3,3,2,2,0,3,26.8,6.1,348.3,71.7
108,7,18,38,0,0,2,1,1,1,1,3,193.4,11.6,34.4,66.9
15,23,80,39,1,2,2,3,3,2,3,1,25.5,42.4,144.0,73.7
11,41,28,6,0,3,3,3,3,3,1,0,16.8,75.3,53.9,15.3
63,67,1,68,3,2,3,1,0,2,1,2,117.9,121.60000000000001,5.3,121.9
60,63,1,35,0,0,0,2,3,2,3,3,105.0,111.4,0.0,63.0
29,16,46,14,1,3,0,2,0,2,1,1,53.7,31.299999999999997,81.8,27.2
12,16,10,44,1,3,0,1,3,3,3,3,20.1,30.299999999999997,15.0,77.7
6,42,10,13,0,2,3,1,1,0,1,1,9.8,78.60000000000001,21.5,23.900000000000002
45,142,24,46,0,0,2,0,3,0,1,1,78.0,255.6,45.2,81.8
14,115,63,18,2,3,0,2,3,1,1,0,25.2,210.5,112.4,35.4
54,18,52,29,3,2,3,3,2,2,3,2,99.7,33.4,95.10000000000001,54.7
50,16,171,59,3,3,2,0,1,1,0,1,93.5,32.3,310.8,105.2
27,30,68,8,2,2,0,2,0,3,3,1,51.6,54.0,119.4,16.4
12,62,105,7,3,2,2,1,3,1,3,1,23.1,113.60000000000001,189.0,13.1
42,42,34,60,2,3,2,3,1,3,0,2,77.60000000000001,77.10000000000001,64.2,110.5
43,24,49,28,3,3,3,2,3,0,3,1,78.9,47.7,89.7,52.4
166,0,200,33,0,0,1,2,3,2,3,1,295.8,0.0,358.5,61.4
113,41,7,6,2,1,0,3,3,2,0,1,203.4,73.3,12.6,14.3
67,66,14,28,3,3,1,1,3,3,3,3,122.10000000000001,120.3,23.7,48.9
60,29,49,26,3,2,0,1,3,0,1,1,109.5,55.2,87.2,47.300000000000004
70,68,98,46,2,0,1,2,1,1,1,2,128.0,121.4,176.9,83.8
72,16,65,4,2,3,0,3,0,0,3,2,132.6,33.3,114.0,9.7
53,1,11,136,2,3,1,3,2,3,2,3,96.4,3.3,19.3,246.3
31,86,66,22,2,0,3,0,0,0,3,0,58.800000000000004,154.8,120.3,39.6
64,23,43,19,2,3,2,3,1,3,2,0,117.2,42.9,78.4,38.7
128,15,118,31,3,2,0,2,1,2,2,3,233.9,28.0,210.4,55.800000000000004
21,36,59,7,2,3,0,3,2,2,1,2,38.800000000000004,67.3,105.2,15.100000000000001
56,133,18,155,0,2,0,2,1,1,3,1,99.8,241.4,29.4,281.0
5,33,12,115,3,0,2,0,0,1,0,3,13.5,58.4,24.6,204.0
94,58,16,33,0,0,1,2,3,3,0,3,166.20000000000002,101.4,30.3,59.4
60,47,33,11,2,1,2,3,3,0,2,1,108.0,86.10000000000001,60.4,23.3
107,9,59,13,1,3,0,2,1,1,2,2,193.1,19.7,104.2,24.400000000000002
15,4,4,128,3,1,3,1,1,3,0,2,30.5,5.699999999999999,11.7,229.9
197,64,48,180,1,1,1,0,3,0,3,2,353.1,116.7,84.9,322.0
168,24,3,21,2,2,0,3,3,1,0,1,302.40000000000003,45.2,5.4,41.300000000000004
46,37,6,66,2,3,2,1,2,3,1,0,83.8,68.10000000000001,12.8,120.3
4,116,196,63,1,1,1,0,3,1,3,2,5.699999999999999,209.3,351.3,111.4
8,7,52,37,3,1,3,2,0,3,1,3,18.9,11.1,97.10000000000001,66.60000000000001
3,34,20,25,3,2,1,2,2,3,3,0,7.9,61.2,34.5,48.0
43,33,35,64,1,2,1,1,0,0,1,1,78.9,62.4,63.5,115.7
21,64,36,195,0,1,0,0,0,1,1,3,37.800000000000004,115.7,63.8,348.0
17,141,35,194,1,3,0,0,1,1,1,0,31.1,257.3,62.0,349.2
42,107,54,112,2,0,2,3,3,2,2,3,75.60000000000001,190.6,98.2,203.1
37,38,30,29,3,1,2,3,2,3,1,0,69.10000000000001,66.9,56.0,56.7
128,44,31,192,2,2,2,1,2,1,2,0,231.4,81.2,56.800000000000004,347.1
78,14,51,56,2,3,0,0,2,2,1,2,141.4,27.7,90.8,98.8
43,38,63,54,1,3,3,0,3,1,2,1,75.9,71.9,115.9,96.2
63,16,142,29,1,2,0,1,3,0,1,1,111.9,31.8,254.6,52.7
39,22,14,31,1,2,1,1,1,3,3,2,70.7,39.6,23.7,55.300000000000004
118,1,145,42,0,3,2,0,1,1,1,2,211.4,5.3,263.0,73.60000000000001
99,4,31,104,0,2,1,0,0,1,0,0,178.20000000000002,9.2,57.300000000000004,187.20000000000002
12,13,26,12,3,1,1,0,3,2,1,0,23.1,22.900000000000002,47.300000000000004,21.6
19,69,30,23,1,2,3,3,3,3,0,0,32.7,124.2,58.5,45.9
16,73,63,171,0,3,1,1,1,3,3,1,27.8,132.9,111.9,308.3
169,18,7,22,0,0,0,2,3,3,3,1,301.2,29.4,9.6,41.6
6,68,53,185,3,3,0,1,1,0,3,0,14.3,126.9,92.4,334.5
40,15,39,69,1,1,3,2,1,1,3,0,72.5,27.5,71.7,127.2
23,24,95,85,1,2,3,1,0,0,3,1,42.9,46.2,172.5,153.5
113,32,21,31,1,1,0,1,1,2,3,1,203.9,57.1,34.800000000000004,56.300000000000004
49,88,3,57,2,2,3,0,3,3,2,2,88.2,158.4,7.9,100.60000000000001
40,54,45,4,3,2,1,3,1,0,1,3,75.5,100.2,81.5,8.7
20,35,57,174,0,2,1,0,0,0,3,3,36.0,66.0,101.10000000000001,310.2
64,46,45,55,2,1,0,0,0,0,1,0,118.2,84.3,80.0,99.0
29,68,116,70,3,3,3,3,2,0,0,2,54.7,126.9,213.3,128.5
53,4,5,3,0,1,1,2,0,0,3,1,95.4,8.7,7.5,7.4
60,38,47,49,0,3,2,2,2,3,1,2,106.0,69.9,86.60000000000001,89.2
6,66,151,138,2,1,1,2,3,0,2,2,10.8,120.3,271.3,249.4
42,22,11,33,0,2,3,2,0,0,3,0,75.60000000000001,42.6,21.3,62.4
26,16,65,67,0,3,2,3,1,3,0,1,45.800000000000004,30.299999999999997,120.0,124.10000000000001
5,64,6,67,0,0,0,1,2,3,0,3,7.0,112.2,10.8,119.10000000000001
60,17,51,39,0,1,2,3,1,2,0,2,107.0,30.1,94.8,72.7
172,68,66,9,1,3,1,2,1,2,2,3,310.1,124.9,118.3,16.2
16,138,18,116,3,1,2,2,3,2,1,1,30.299999999999997,247.9,34.4,210.8
28,59,57,60,0,2,3,1,2,3,3,3,48.4,106.2,104.10000000000001,106.5
48,45,22,67,3,0,2,0,2,2,1,2,88.9,79.0,41.6,118.60000000000001
69,53,38,6,1,0,1,1,3,0,0,3,122.7,95.4,69.9,9.3
38,38,19,39,2,0,3,0,2,0,3,3,69.4,68.4,35.7,67.2
62,54,12,32,3,0,0,1,0,1,0,2,116.10000000000001,96.2,21.6,57.1
1,45,38,7,0,1,1,0,1,3,2,1,0.8,79.5,67.9,11.6
140,53,161,146,3,0,2,1,1,2,2,2,255.5,93.4,290.8,262.3
32,54,69,183,2,1,1,3,3,0,1,0,57.6,98.7,124.7,333.90000000000003
5,55,15,192,0,1,2,0,0,3,3,3,9.0,97.5,27.0,342.6
87,48,68,12,1,2,3,0,2,2,3,3,156.1,87.4,123.9,18.6
174,2,57,30,1,0,3,1,3,3,1,0,311.7,0.6000000000000001,106.10000000000001,55.5
55,38,0,76,2,2,0,0,0,3,3,1,102.0,68.4,0.0,135.8
58,50,62,12,1,0,1,1,3,2,0,2,102.9,88.0,113.10000000000001,21.1
31,176,66,23,0,1,2,2,2,0,0,3,53.800000000000004,318.3,121.8,41.4
43,25,109,31,3,0,3,0,3,3,2,2,78.9,42.0,198.70000000000002,53.800000000000004
5,137,30,22,0,2,2,0,2,2,0,3,7.0,247.6,57.0,36.6
47,82,27,65,3,3,2,2,0,2,0,1,89.10000000000001,150.1,51.6,119.0
14,52,192,0,1,1,3,3,3,2,2,1,23.7,93.10000000000001,348.1,0.0
58,42,10,8,3,2,2,1,1,0,3,1,107.9,78.60000000000001,18.0,14.9
49,19,1,1,0,1,2,3,3,2,1,0,85.2,33.7,3.8,6.3
59,55,27,166,2,0,3,1,2,0,3,1,107.2,99.0,50.1,299.3
5,149,16,135,3,2,2,2,3,1,0,0,10.5,270.2,31.8,246.0
35,12,11,10,1,1,1,1,3,0,1,3,61.5,23.1,20.3,16.5
20,191,4,68,3,1,1,3,3,2,1,0,37.5,343.3,7.699999999999999,126.9
18,33,17,26,1,1,0,1,2,2,3,3,31.9,58.9,27.6,45.300000000000004
16,198,3,91,1,3,3,0,2,3,1,2,28.3,357.90000000000003,8.9,161.8
178,16,30,6,1,0,0,1,2,0,3,0,319.90000000000003,28.8,51.0,12.3
24,66,55,174,3,2,3,1,2,0,3,2,45.7,121.8,100.5,312.7
54,9,7,107,2,1,0,1,1,2,1,2,99.2,15.7,11.6,192.1
36,119,28,29,1,0,2,0,0,0,2,3,66.3,214.20000000000002,51.4,49.2
106,35,43,28,0,3,0,0,1,0,0,0,189.8,67.5,77.4,50.4
21,57,4,62,2,2,2,3,2,0,3,0,38.800000000000004,105.60000000000001,7.199999999999999,116.10000000000001
63,200,61,70,2,3,1,0,3,1,2,1,113.4,363.5,109.3,125.0
96,68,2,74,2,0,2,3,0,1,2,0,175.8,121.4,4.6,137.70000000000002
51,59,33,32,1,0,2,0,2,1,1,0,91.3,105.2,61.4,57.6
64,51,147,20,1,1,3,0,3,3,3,1,113.7,90.3,266.1,35.0
18,60,26,17,2,3,0,1,2,0,2,1,33.4,112.5,44.800000000000004,31.1
134,49,46,156,0,2,0,1,1,0,2,0,240.20000000000002,91.2,80.8,282.3
23,12,48,20,2,2,2,3,0,1,3,3,44.4,23.6,86.4,37.5
41,27,11,54,1,0,0,0,1,2,3,0,74.3,46.6,16.8,97.2
30,47,53,152,1,0,0,2,3,3,0,2,52.5,81.60000000000001,95.4,274.6
60,64,179,158,1,3,3,0,3,3,1,2,106.5,116.7,325.7,282.40000000000003
24,18,137,47,2,2,3,0,1,3,0,0,45.2,32.4,251.1,84.60000000000001
5,62,173,0,0,0,2,2,0,3,3,1,9.0,108.60000000000001,311.40000000000003,0.0
56,91,35,13,3,1,1,3,2,3,2,2,103.3,162.3,62.5,25.900000000000002
32,187,56,2,2,1,0,3,0,0,3,1,60.6,338.1,97.8,7.1
20,15,25,56,0,2,1,3,1,1,0,0,35.0,29.0,46.5,105.3
26,12,98,19,1,3,0,0,2,0,2,0,46.300000000000004,26.1,174.4,34.2
96,161,22,47,2,3,0,3,3,1,2,3,172.8,293.3,37.6,86.10000000000001
163,48,52,66,1,0,0,1,3,1,2,0,291.90000000000003,85.4,91.60000000000001,120.3
34,163,47,98,3,2,3,0,0,0,1,1,65.7,296.40000000000003,88.10000000000001,175.4
15,60,4,36,1,3,0,2,3,2,0,2,25.5,110.5,7.2,65.8
198,3,26,2,3,2,0,1,0,3,0,2,360.90000000000003,5.4,46.800000000000004,3.0999999999999996
14,39,18,181,3,3,0,0,0,2,3,3,29.7,72.7,29.4,322.8
39,55,50,60,2,1,0,3,2,1,1,0,71.2,99.5,89.0,112.5
97,73,150,67,3,0,2,1,2,2,2,3,177.1,129.4,271.0,119.10000000000001
4,1,46,23,2,0,1,3,0,2,2,0,10.2,0.0,82.3,45.9
39,54,68,50,0,2,3,1,1,1,0,3,69.2,99.2,126.9,88.5
39,9,58,10,0,1,3,1,1,0,0,1,69.2,17.7,108.9,18.5
37,40,64,28,3,2,0,1,0,3,1,3,71.10000000000001,72.0,114.2,48.9
0,49,37,55,1,0,1,3,0,3,0,1,0.0,85.2,68.10000000000001,102.5
53,33,34,24,1,3,3,0,1,2,3,2,95.9,61.9,62.7,41.2
160,75,28,87,2,0,3,1,2,0,2,3,289.0,135.0,52.9,155.1
170,64,12,53,1,1,3,1,3,3,2,2,304.5,113.7,24.1,94.9
52,36,27,31,1,2,0,1,0,1,0,0,95.10000000000001,66.8,48.6,57.300000000000004
43,11,11,65,0,2,3,1,0,1,1,1,77.4,21.8,23.3,117.5
80,4,174,36,3,2,0,0,1,3,3,2,147.5,7.199999999999999,310.2,62.8
31,131,36,155,0,3,2,2,2,1,0,1,53.800000000000004,239.3,67.8,281.0
29,77,35,39,1,1,2,0,3,1,0,3,50.7,139.1,66.0,67.2
63,115,12,33,0,0,1,2,3,0,2,1,110.4,207.0,21.1,61.4
25,23,59,14,3,1,2,3,3,2,1,0,46.5,40.9,108.2,29.7
39,64,134,23,0,0,3,2,2,0,3,2,68.2,115.2,242.70000000000002,42.4
118,59,34,147,1,1,2,1,3,2,1,0,210.9,105.7,63.2,266.1
56,29,7,51,0,2,0,1,1,2,0,2,99.8,53.2,12.6,91.3
30,44,62,45,2,1,0,1,3,1,3,3,54.0,79.7,108.60000000000001,79.5
49,100,46,3,3,3,0,0,3,1,0,2,89.7,183.5,82.8,3.4000000000000004
64,84,33,113,2,0,2,3,1,1,3,2,117.2,150.20000000000002,59.4,205.9
5,171,32,66,1,2,2,1,0,0,1,0,10.5,310.8,59.6,120.3
4,42,20,78,2,3,3,3,3,0,2,1,7.199999999999999,80.10000000000001,38.5,143.9
5,199,16,56,0,2,3,1,0,0,2,0,9.0,361.2,31.299999999999997,102.3
20,200,32,15,3,3,3,0,0,3,2,1,40.5,361.5,60.1,26.0
166,9,47,11,1,2,3,1,3,1,0,3,297.3,18.2,89.10000000000001,18.3
51,57,65,50,3,1,3,0,1,3,1,1,95.3,101.10000000000001,120.5,89.0
67,45,184,19,0,2,3,1,2,0,0,3,118.60000000000001,84.0,335.7,32.7
31,23,29,32,3,0,3,0,0,1,0,1,60.300000000000004,40.4,56.7,56.6
36,181,57,23,3,2,1,0,3,1,0,2,66.3,327.8,104.10000000000001,39.4
65,43,120,118,0,1,3,1,2,2,2,3,115.0,76.9,218.5,210.9
59,56,42,44,2,1,3,2,2,3,1,3,107.2,99.3,79.10000000000001,79.2
15,41,1,49,2,2,3,1,3,3,3,3,27.0,73.8,3.3,86.7
70,39,44,60,1,0,1,2,0,1,3,1,127.5,69.2,77.7,110.0
178,43,15,14,0,0,3,0,3,1,0,2,317.40000000000003,76.4,31.5,23.2
21,42,96,127,0,2,2,0,1,0,0,1,36.800000000000004,78.60000000000001,175.8,227.6
63,162,15,19,2,2,0,1,3,0,0,2,113.4,294.6,27.0,33.7
39,22,166,96,0,2,0,1,0,2,1,1,70.2,40.6,297.8,173.3
44,55,57,35,1,0,1,1,1,3,3,3,79.7,96.0,101.10000000000001,61.5
94,60,42,197,0,3,0,0,2,3,0,2,167.20000000000002,109.5,75.60000000000001,352.6
16,50,5,22,0,3,3,3,2,3,1,3,26.8,91.5,12.5,41.1
50,42,31,37,0,0,1,0,3,0,3,1,87.0,75.60000000000001,54.300000000000004,65.60000000000001
68,18,52,38,1,0,2,1,1,0,2,1,122.9,32.4,94.60000000000001,68.9
59,62,63,33,3,1,3,0,1,3,0,3,109.7,110.10000000000001,117.9,56.4
52,48,168,42,1,2,0,0,1,0,0,2,94.10000000000001,89.4,302.40000000000003,73.60000000000001
154,15,38,22,3,2,3,3,1,2,3,0,280.7,28.0,69.9,44.1
116,31,8,28,1,1,2,1,3,1,2,0,207.3,56.300000000000004,15.399999999999999,51.9
55,32,21,39,3,1,3,2,1,1,0,3,102.5,58.1,42.300000000000004,70.2
16,24,39,20,0,0,1,1,0,2,1,0,28.8,41.2,70.7,37.5
66,12,128,111,3,3,3,3,3,1,3,0,120.3,25.1,231.9,204.3
17,162,196,62,0,1,0,0,3,0,1,2,27.6,293.1,351.8,109.60000000000001
13,9,5,11,1,3,3,1,2,1,0,1,22.900000000000002,19.7,13.5,20.3
66,110,28,66,2,3,0,2,3,2,0,1,118.8,200.5,50.4,120.8
4,17,2,33,2,1,0,2,3,1,3,1,7.199999999999999,31.1,0.6000000000000001,61.4
12,9,61,30,3,2,1,3,3,0,3,2,23.1,19.2,108.3,56.5
12,140,10,26,2,3,3,1,1,1,0,2,23.6,255.5,22.5,46.300000000000004
4,9,12,60,3,1,2,1,3,0,0,1,8.7,17.7,24.6,108.5
33,58,26,183,1,2,1,0,1,0,3,3,59.9,107.4,45.300000000000004,326.40000000000003
68,26,148,97,3,1,0,0,3,0,0,3,123.9,48.300000000000004,266.40000000000003,171.6
53,38,1,43,0,3,2,2,0,0,3,2,95.4,72.9,1.7999999999999998,78.4
65,56,5,54,3,2,2,2,1,1,1,1,120.5,102.8,11.0,99.2
21,49,59,40,1,2,2,2,3,2,2,0,36.300000000000004,89.2,107.2,75.0
150,35,143,33,0,3,2,0,0,0,1,3,270.0,67.5,259.40000000000003,56.4
119,61,13,15,1,1,0,2,0,1,0,0,215.70000000000002,110.3,23.400000000000002,30.0
57,8,64,19,2,2,3,3,2,1,0,2,103.60000000000001,16.4,119.7,36.7
34,18,7,96,0,3,0,2,3,3,1,2,58.2,33.9,11.6,173.8
31,3,27,19,1,1,3,3,2,1,0,2,55.300000000000004,5.9,53.1,36.7
48,17,54,159,1,0,3,1,1,1,1,2,86.9,29.6,100.7,285.7
47,35,189,50,1,1,3,2,3,3,0,1,83.10000000000001,61.5,344.7,92.0
154,33,197,61,2,1,1,2,3,0,2,3,277.2,60.9,354.1,109.8
33,68,14,25,3,1,2,2,2,3,0,1,61.9,120.9,28.2,47.0
134,47,36,37,3,1,1,3,1,1,3,3,244.70000000000002,85.10000000000001,63.3,68.10000000000001
56,9,10,59,0,0,2,1,2,0,1,2,98.8,16.2,20.0,105.7
28,7,31,162,3,1,3,0,3,1,1,2,51.9,13.1,59.300000000000004,289.6
29,61,59,7,1,3,2,3,1,2,2,3,52.7,112.3,107.2,14.100000000000001
9,2,53,17,0,2,3,0,1,1,2,1,15.2,5.6,97.9,29.6
56,45,69,78,3,2,2,1,1,0,2,2,104.3,84.0,125.2,139.9
37,9,32,23,0,0,0,1,2,3,2,0,64.60000000000001,13.2,55.6,42.9
43,16,43,164,0,0,2,1,3,0,1,2,74.4,28.8,79.4,294.7
93,119,66,11,1,1,0,3,1,1,2,1,167.9,214.70000000000002,116.8,23.3
19,24,24,101,2,2,3,1,3,3,3,0,34.2,43.2,44.7,183.3
26,8,127,4,0,0,1,2,0,1,0,3,46.800000000000004,13.4,230.1,7.199999999999999
4,2,52,28,3,3,1,3,2,3,3,3,9.7,5.1,92.10000000000001,51.9
47,107,50,40,0,3,1,2,2,0,1,1,82.60000000000001,197.1,90.5,74.0
48,64,1,17,3,1,3,1,0,3,0,1,90.9,113.7,6.3,31.1
48,38,37,14,3,1,0,2,3,1,3,0,87.9,68.9,63.60000000000001,28.2
27,70,54,171,1,1,2,3,2,0,2,2,48.1,127.5,98.2,310.3
15,54,23,49,3,3,1,2,2,1,1,3,29.5,100.7,41.9,88.2
45,44,26,2,3,2,0,1,3,0,3,1,82.5,82.2,43.800000000000004,4.1
20,37,68,27,2,2,1,0,0,1,3,3,39.0,68.60000000000001,120.9,45.6
79,169,26,10,3,0,2,2,3,3,0,3,143.70000000000002,301.2,49.800000000000004,18.0
41,69,41,33,2,1,0,1,3,0,3,0,73.8,125.7,70.8,60.9
184,6,65,52,1,3,1,1,0,3,3,3,332.7,12.3,115.5,92.10000000000001
3,197,89,32,1,2,3,2,1,3,3,1,5.9,354.6,161.70000000000002,59.6
28,176,38,26,0,0,0,1,3,1,0,0,47.4,315.8,68.4,48.300000000000004
13,131,105,29,3,0,0,1,2,1,1,1,25.900000000000002,234.8,188.0,52.7
36,10,53,2,1,0,0,0,0,2,1,3,66.3,16.0,94.4,0.6000000000000001
66,18,26,0,1,2,0,3,3,2,1,1,117.3,33.4,45.800000000000004,0.0
70,181,67,67,1,2,2,2,3,0,3,3,124.5,328.8,120.60000000000001,120.60000000000001
30,6,5,38,0,2,2,3,0,0,2,0,54.0,13.8,10.0,72.9
44,55,8,66,1,1,2,0,3,3,2,0,77.7,97.5,15.399999999999999,118.8
48,19,54,118,0,3,1,2,3,3,0,2,83.4,35.7,98.7,213.4
48,62,22,32,3,1,0,3,2,3,2,0,88.9,110.10000000000001,37.6,62.1
21,175,66,23,0,2,3,3,1,3,0,0,36.800000000000004,315.0,123.3,45.9
9,35,55,44,0,3,1,0,0,1,2,2,16.2,66.5,98.5,77.2
6,69,54,197,2,0,0,2,2,0,3,0,11.8,124.2,94.2,357.6
0,49,61,62,2,1,0,3,3,1,3,3,0.0,88.7,106.8,113.10000000000001
12,66,48,44,3,1,3,3,0,3,3,3,26.1,117.3,87.9,80.7
14,121,70,51,1,0,2,3,0,3,3,0,26.7,214.8,126.0,96.3
20,17,69,23,2,2,1,1,2,3,3,0,37.0,30.6,122.7,42.9
69,67,58,22,3,2,1,1,0,2,3,1,128.7,121.60000000000001,102.9,40.1
29,65,18,46,3,3,3,2,2,2,1,1,54.7,119.5,35.9,84.8
47,65,96,67,3,0,3,2,1,3,3,2,88.10000000000001,114.0,174.3,121.60000000000001
17,94,128,16,2,3,2,1,3,3,3,3,30.6,170.70000000000002,230.4,27.3
189,39,18,180,2,0,0,0,0,0,0,0,343.2,70.2,32.4,324.0
54,66,40,166,1,1,0,1,3,2,3,2,95.7,118.3,69.0,298.3
10,28,53,74,2,1,2,2,3,1,2,0,18.0,50.9,96.4,136.20000000000002
91,7,108,70,2,1,0,3,0,2,2,0,166.8,12.1,192.4,130.5
116,56,2,47,1,2,1,1,1,2,1,3,209.3,101.8,4.1,83.10000000000001
53,40,61,63,3,0,0,1,3,3,0,2,96.9,69.0,109.8,112.9
53,11,20,89,3,1,1,0,2,3,0,1,97.9,18.3,37.5,159.20000000000002
26,62,54,5,3,3,0,1,0,3,3,0,51.300000000000004,113.10000000000001,94.2,10.5
87,30,50,154,2,1,2,2,1,3,2,1,158.6,52.5,91.0,279.2
60,20,33,3,1,3,3,0,2,3,1,0,107.5,37.5,62.9,5.4
60,67,13,26,0,1,1,3,0,0,0,0,108.0,122.10000000000001,24.900000000000002,51.300000000000004
44,14,65,8,2,2,0,3,3,3,0,3,79.2,25.2,117.0,15.899999999999999
3,12,54,25,2,0,0,0,1,3,2,3,7.4,18.6,95.2,42.0
149,23,13,9,2,2,2,3,3,2,1,0,268.2,42.4,25.400000000000002,20.7
50,26,29,200,1,2,0,2,0,0,2,0,91.5,49.800000000000004,50.2,363.0
23,45,80,27,3,0,1,1,1,0,0,1,44.9,81.0,145.5,49.1
50,16,2,2,3,0,0,3,1,3,3,2,93.5,25.8,0.6000000000000001,6.1
17,33,26,98,0,1,1,3,1,3,1,2,29.6,57.9,47.300000000000004,178.9
35,38,40,52,2,2,2,3,0,3,0,3,66.0,68.4,75.0,95.10000000000001
24,11,59,49,3,2,0,2,1,1,2,3,46.7,21.8,104.2,88.2
4,85,104,40,0,1,2,3,0,1,0,2,7.2,153.5,190.20000000000002,74.5
5,62,61,17,0,1,3,3,0,2,0,0,9.0,111.10000000000001,114.3,35.1
67,160,58,51,2,1,1,3,1,1,1,2,122.60000000000001,288.5,104.9,94.3
6,53,135,14,2,2,2,0,3,2,3,2,10.8,96.4,243.0,23.2
6,34,42,4,1,1,1,3,0,3,1,0,12.3,59.7,76.10000000000001,11.7
26,50,38,63,1,0,0,0,2,0,0,1,46.300000000000004,90.0,68.4,112.4
174,39,105,44,3,1,2,3,2,2,2,3,315.7,69.7,190.0,80.7
3,22,133,67,1,1,3,1,3,3,0,0,3.9000000000000004,38.1,243.9,122.10000000000001
54,59,18,15,3,2,1,3,2,0,0,2,99.7,109.2,33.9,29.5
5,11,51,61,2,3,0,3,3,1,3,3,9.0,23.3,88.8,111.3
45,43,65,173,2,2,2,0,0,1,3,0,84.0,79.4,117.0,311.40000000000003
61,13,31,34,2,3,2,3,0,3,3,1,112.8,24.900000000000002,55.800000000000004,64.7
44,44,58,47,3,2,0,1,2,0,1,2,81.7,82.2,103.4,84.10000000000001
14,44,43,46,3,2,0,0,2,3,1,2,27.7,79.2,76.4,80.8
65,177,69,61,1,2,0,1,1,3,3,2,117.5,318.6,121.2,109.3
13,106,19,28,1,1,2,3,0,1,1,0,24.900000000000002,191.3,36.2,54.9
77,56,32,63,2,0,0,2,1,1,3,1,140.6,99.8,54.6,115.4
92,45,22,49,3,0,2,2,2,1,3,2,168.1,80.0,39.6,89.2
35,46,14,14,1,1,2,0,0,2,0,1,64.5,82.3,28.2,24.2
53,69,193,6,1,0,2,1,1,3,2,0,95.9,121.2,348.40000000000003,12.3
79,34,40,108,3,3,2,2,2,0,3,1,144.70000000000002,65.7,72.0,196.4
68,155,1,60,2,0,3,2,2,0,1,1,123.4,279.0,5.3,110.0
0,52,14,28,0,2,2,0,1,3,1,1,0.0,93.60000000000001,27.2,49.4
66,25,57,19,3,1,0,0,1,0,3,0,122.3,46.5,99.60000000000001,34.2
86,141,68,55,0,0,1,3,2,0,1,1,152.8,253.8,122.9,102.5
178,49,92,50,3,3,3,1,3,3,2,2,321.90000000000003,89.7,168.1,89.5
61,52,50,45,1,1,2,2,0,1,3,1,111.3,94.10000000000001,90.0,83.0
70,15,33,31,0,2,0,3,0,0,2,0,126.0,30.0,57.4,60.300000000000004
61,9,61,39,2,3,0,3,1,1,1,3,111.8,19.7,108.8,71.7
5,12,174,66,1,2,2,1,3,2,1,3,7.5,22.6,315.2,117.3
52,122,9,2,3,1,3,1,0,1,0,3,98.10000000000001,220.1,20.7,2.0999999999999996
20,12,134,35,1,2,3,0,3,2,0,2,34.5,22.6,245.70000000000002,61.0
0,47,57,10,0,1,0,0,0,2,3,3,0.0,84.10000000000001,99.60000000000001,15.0
56,185,65,190,3,2,0,0,1,0,0,2,104.3,336.0,117.0,340.0
158,24,68,57,0,3,3,1,2,0,0,0,282.40000000000003,47.7,126.9,104.10000000000001
30,10,13,99,2,3,3,1,3,0,0,1,54.0,22.5,27.900000000000002,178.70000000000002
66,39,76,36,0,3,1,3,0,1,0,2,118.8,73.7,138.3,67.3
55,47,52,28,0,0,1,3,2,3,2,3,97.0,81.60000000000001,93.10000000000001,51.9
1,33,35,17,2,2,0,3,2,1,1,3,2.8,61.4,62.0,32.1
81,55,9,48,0,2,3,0,0,2,1,3,145.8,100.0,19.7,83.4
13,37,43,37,1,3,2,0,1,2,1,3,23.900000000000002,69.10000000000001,79.4,63.60000000000001
21,126,153,13,3,3,1,2,3,1,0,3,39.300000000000004,230.3,276.90000000000003,23.400000000000002
16,5,20,46,3,3,3,1,3,3,2,3,30.299999999999997,10.5,38.5,81.3
17,198,14,24,2,0,0,3,1,2,3,2,32.6,354.40000000000003,22.2,45.7
68,38,36,118,2,0,3,0,2,2,0,3,123.4,66.4,69.3,209.4
96,57,14,11,2,0,1,1,1,0,3,1,174.8,102.60000000000001,23.7,20.3
32,144,137,61,3,0,3,3,2,3,2,3,60.1,256.2,249.1,111.3
33,59,132,39,1,2,1,1,0,3,0,2,60.9,106.2,239.1,69.7
1,10,27,87,0,3,2,1,0,2,0,3,1.8,20.5,51.6,155.1
26,36,62,27,3,3,2,2,2,3,1,2,49.300000000000004,66.3,113.60000000000001,49.6
115,10,106,29,1,3,1,0,2,1,1,2,206.5,21.5,191.3,50.2
37,171,5,68,3,1,0,2,2,0,3,0,69.10000000000001,309.3,6.0,125.4
30,62,52,26,1,2,3,0,3,1,1,2,52.5,113.60000000000001,97.10000000000001,44.800000000000004
21,10,55,60,2,1,2,2,1,2,0,2,39.800000000000004,17.5,102.0,109.0
12,19,38,117,0,2,0,1,1,2,0,2,20.6,35.2,68.4,210.1
54,12,67,187,1,2,3,0,2,1,0,2,96.7,23.6,125.10000000000001,334.6
40,130,64,68,2,0,3,1,1,1,3,1,74.0,233.0,116.7,122.9
12,64,37,41,1,2,3,3,2,1,0,0,21.1,117.2,71.10000000000001,78.3
45,52,20,10,1,1,2,3,2,2,0,1,80.5,93.10000000000001,39.0,21.5
193,57,25,62,2,1,3,1,1,2,0,0,349.40000000000003,102.10000000000001,49.5,113.10000000000001
49,23,16,49,1,3,1,0,0,3,2,1,89.7,42.9,28.3,87.2
31,119,0,25,3,2,0,2,2,1,1,3,58.300000000000004,216.20000000000002,0.0,45.0
68,62,57,175,0,3,0,2,2,2,2,0,120.4,114.10000000000001,100.60000000000001,318.0
87,153,55,41,3,0,0,1,1,0,0,1,160.1,275.40000000000003,99.0,74.3
2,57,13,2,2,3,1,3,1,3,3,1,5.6,104.10000000000001,21.900000000000002,7.1
70,38,9,50,0,0,0,2,3,1,3,0,123.0,67.4,13.2,93.0
0,62,51,45,3,3,1,3,3,3,1,3,0.0,113.10000000000001,92.3,82.5
59,15,124,66,2,2,0,3,0,0,2,2,109.2,30.0,221.20000000000002,121.3
21,66,134,51,2,0,1,0,3,0,2,0,37.800000000000004,118.8,240.70000000000002,91.8
36,8,54,40,3,2,3,2,3,2,1,2,66.3,15.399999999999999,100.7,73.0
82,15,55,107,1,3,1,2,2,1,2,2,147.1,30.5,98.5,193.6
62,199,21,6,3,2,2,2,1,2,0,0,115.10000000000001,359.2,40.800000000000004,13.8
1,99,23,18,0,1,3,0,1,0,0,2,0.8,179.70000000000002,45.9,30.4
86,64,111,41,3,3,1,2,3,3,0,2,156.3,116.7,201.3,74.8
53,45,69,38,2,1,2,0,1,0,0,0,97.4,82.5,127.2,68.4
13,64,46,47,3,3,1,1,3,3,1,2,24.900000000000002,116.7,83.3,84.10000000000001
65,70,23,35,1,3,2,1,1,1,0,1,117.5,129.5,44.4,63.5
45,35,164,13,0,1,2,3,0,3,1,1,81.0,61.5,297.2,26.900000000000002
17,55,173,68,0,0,3,2,1,0,2,3,29.6,99.0,313.90000000000003,122.4
36,13,59,65,0,1,1,1,3,0,1,0,61.8,24.900000000000002,106.7,118.5
50,64,54,60,1,2,0,3,2,2,2,0,89.5,116.2,95.2,112.5
9,35,42,154,2,3,1,1,2,3,3,0,17.2,64.5,74.10000000000001,278.7
38,65,22,54,2,1,1,2,2,1,0,3,69.4,117.5,41.1,97.2
21,58,52,44,3,3,0,3,1,2,3,0,41.300000000000004,106.9,90.60000000000001,83.7
188,103,22,16,1,0,2,0,3,2,3,1,336.90000000000003,183.4,39.6,27.8
33,10,43,11,3,0,1,0,3,0,1,0,60.9,18.0,77.9,19.8
49,122,20,65,1,2,0,2,1,3,0,2,88.7,219.6,36.0,118.0
55,18,96,53,3,1,2,0,0,2,0,0,103.5,31.9,175.8,95.4
13,116,13,70,3,2,3,2,1,2,2,1,26.900000000000002,209.8,25.900000000000002,128.0
19,154,62,49,2,0,3,1,2,1,1,0,35.2,276.2,115.10000000000001,89.7
23,134,32,35,2,1,0,1,3,3,2,1,41.4,239.70000000000002,55.6,63.5
44,85,35,13,2,1,3,3,1,1,2,1,81.2,153.5,65.5,26.900000000000002
0,112,54,69,2,2,1,3,0,2,2,3,0.0,202.6,96.7,125.69999999999999
147,51,154,18,2,3,1,1,1,3,3,3,266.6,93.3,275.7,30.9
34,6,14,110,1,3,2,3,0,3,3,1,62.7,12.3,25.2,201.5
70,55,32,188,3,2,1,0,1,2,3,3,129.5,100.0,56.1,335.40000000000003
32,2,62,16,1,1,1,2,2,0,0,2,57.1,5.1,113.10000000000001,29.8
67,19,5,105,0,0,1,0,0,2,2,3,120.60000000000001,32.2,8.5,186.0
182,48,106,52,0,2,1,2,0,3,3,3,327.6,86.4,189.3,93.60000000000001
34,8,3,22,0,1,0,3,1,0,2,1,60.2,15.9,3.4000000000000004,43.1
23,173,66,47,3,2,0,0,3,2,1,0,42.9,312.40000000000003,117.8,84.60000000000001
37,4,11,170,2,1,0,1,0,1,0,0,69.60000000000001,7.699999999999999,19.8,307.5
181,36,43,9,2,1,0,3,3,1,1,1,325.8,65.3,76.4,19.7
47,66,11,29,3,0,2,0,2,0,3,2,87.10000000000001,118.8,19.8,50.2
56,60,69,50,2,1,0,2,0,1,0,0,103.8,108.5,124.2,93.0
136,24,49,59,1,0,0,0,2,2,3,2,244.3,41.2,85.2,104.2
125,57,182,64,1,1,0,2,3,2,0,1,223.5,102.10000000000001,327.6,117.2
44,1,61,13,2,1,2,1,0,1,1,3,82.2,2.3,111.8,21.900000000000002
32,28,59,48,0,1,3,0,2,3,2,1,55.6,48.9,108.7,85.4
58,63,47,195,1,2,0,1,2,1,3,1,103.9,115.4,81.60000000000001,351.5
14,68,28,54,3,3,1,0,3,3,3,1,26.7,123.9,48.9,96.2
132,4,197,59,2,0,1,1,0,1,2,1,240.6,6.2,354.1,106.7
23,24,93,60,1,0,2,0,1,2,2,0,41.9,41.2,168.4,108.0
54,5,164,106,1,0,3,0,2,3,3,0,96.7,6.0,296.7,190.8
150,42,33,66,3,3,0,1,3,3,0,1,271.5,77.10000000000001,59.4,119.3
154,83,11,184,0,2,2,0,1,2,3,1,276.2,150.4,19.8,330.2
7,44,64,188,3,2,2,0,2,1,3,1,15.100000000000001,81.2,115.2,337.40000000000003
36,17,70,148,2,2,0,3,2,1,1,1,65.8,32.6,125.0,269.90000000000003
22,59,65,48,2,1,3,2,0,3,3,0,42.6,104.7,118.5,89.4
19,38,48,20,0,3,3,3,3,1,2,0,31.200000000000003,71.9,88.9,40.5
145,174,44,178,2,1,0,3,0,3,0,2,264.0,311.7,79.2,322.90000000000003
61,82,47,63,1,2,3,0,2,2,2,3,109.3,148.6,87.10000000000001,110.4
40,96,42,120,2,1,1,0,3,0,3,2,72.0,174.3,74.10000000000001,214.0
178,68,58,47,2,1,1,0,2,0,0,1,321.40000000000003,123.9,105.9,83.60000000000001
26,54,44,4,3,3,1,1,0,1,2,3,51.300000000000004,100.7,78.7,5.699999999999999
73,57,92,86,2,3,0,1,1,0,2,1,133.4,107.10000000000001,163.6,155.3
5,12,39,40,3,0,2,3,3,2,3,1,10.5,19.6,70.2,75.5
30,23,83,122,0,2,2,1,1,0,0,0,53.0,44.4,152.4,221.1
49,32,14,58,1,2,0,1,1,0,1,3,88.7,60.6,24.2,102.9
134,30,37,117,1,0,3,3,0,3,3,0,242.70000000000002,51.0,68.10000000000001,215.1
25,66,179,4,2,3,0,2,1,1,1,3,47.0,122.3,321.2,7.199999999999999
30,21,41,13,0,0,3,1,0,2,1,0,54.0,35.800000000000004,77.3,24.900000000000002
85,22,155,31,2,3,2,2,0,0,0,2,156.0,44.1,282.0,56.800000000000004
0,16,83,12,3,0,0,1,3,2,0,3,0.0,26.8,149.4,20.1
50,21,49,27,1,2,2,0,2,3,3,3,89.5,37.800000000000004,88.2,45.6
40,35,199,166,3,0,0,0,1,1,1,1,75.5,62.0,357.2,297.8
114,52,12,56,1,0,3,2,3,3,0,1,203.70000000000002,90.60000000000001,26.1,102.8
127,5,28,41,3,3,1,0,3,3,0,1,230.1,10.5,51.9,72.8
21,55,126,10,1,1,0,1,3,1,1,0,36.300000000000004,99.5,225.8,19.5
68,5,43,36,3,1,2,3,2,2,1,2,124.9,8.5,79.4,67.3
30,40,6,59,3,1,3,2,3,1,1,2,55.5,72.5,14.3,107.2
100,29,58,20,3,3,2,0,0,3,0,1,184.5,53.7,107.4,35.0
16,20,23,65,0,1,2,0,2,0,2,2,26.8,37.5,42.4,115.0
8,79,45,193,2,2,1,3,2,3,2,0,15.399999999999999,142.20000000000002,80.5,351.90000000000003
65,22,24,38,0,3,0,0,2,3,2,2,115.0,41.1,41.2,66.4
66,2,53,149,2,1,1,0,2,1,0,2,119.8,4.1,96.9,266.2
114,156,1,59,1,2,3,2,2,2,3,0,204.70000000000002,281.8,3.3,109.2
9,99,61,5,1,0,0,2,3,3,0,1,14.7,175.20000000000002,109.8,11.0
26,70,70,40,2,1,1,0,3,1,2,3,46.800000000000004,126.5,125.5,69.0
58,1,82,11,2,3,3,1,0,2,0,2,107.4,4.3,152.1,19.3
27,10,5,57,0,2,0,1,1,3,2,2,47.6,18.0,7.0,102.10000000000001
130,59,134,74,1,2,3,2,2,2,1,1,233.5,107.2,244.70000000000002,135.20000000000002
62,5,70,64,0,2,2,2,3,3,3,3,108.60000000000001,9.0,126.0,115.2
51,7,70,58,0,1,2,1,0,0,1,1,91.8,14.1,128.0,104.9
40,23,38,16,3,3,3,2,3,0,3,3,73.5,45.9,69.9,28.8
15,40,24,199,1,2,0,2,2,2,2,3,26.5,73.0,41.2,358.2
9,36,53,13,2,2,1,1,0,0,1,2,19.2,67.8,95.9,22.900000000000002
32,0,43,63,2,2,2,0,2,3,3,3,58.6,0.0,77.4,110.4
22,2,33,26,3,2,0,0,0,1,3,1,44.1,5.6,56.4,45.800000000000004
161,11,39,26,2,1,3,1,0,3,3,3,292.8,18.3,71.7,45.300000000000004
69,61,173,5,1,0,3,1,1,3,0,3,124.7,106.8,315.90000000000003,7.5
16,69,66,56,2,1,3,3,2,2,1,0,29.8,123.7,122.3,105.3
187,119,4,51,3,0,0,3,2,2,0,0,339.1,212.20000000000002,7.2,96.3
190,94,21,25,3,1,0,2,1,3,3,0,345.5,167.70000000000002,34.800000000000004,48.0
19,147,49,76,1,3,3,2,3,3,2,0,32.7,266.1,90.7,139.8
173,23,196,68,1,3,0,2,2,1,3,0,310.90000000000003,44.9,349.8,125.4
63,17,116,24,3,2,1,0,1,2,0,1,116.9,31.6,210.3,42.2
37,11,63,61,0,1,2,1,2,0,1,3,64.60000000000001,21.3,115.4,108.3
9,27,26,31,0,2,1,0,3,1,2,0,13.2,50.6,46.300000000000004,55.800000000000004
104,36,67,67,2,0,0,0,2,0,2,1,188.20000000000002,64.8,118.60000000000001,119.60000000000001
7,29,69,6,1,0,3,0,1,0,1,2,13.1,52.2,127.69999999999999,8.8
30,20,53,61,3,0,2,3,1,0,0,2,57.5,36.0,98.4,112.3
33,31,155,99,0,1,1,1,0,3,1,1,59.4,54.300000000000004,279.5,178.70000000000002
39,7,15,32,3,1,0,0,1,1,1,0,73.7,13.1,26.0,57.6
1,162,4,99,3,3,0,1,3,3,1,1,3.3,293.1,6.2,178.70000000000002
56,47,139,109,1,0,0,0,1,3,2,0,101.3,81.60000000000001,248.20000000000002,196.20000000000002
2,59,57,73,1,3,0,0,0,1,2,3,5.1,109.7,100.60000000000001,128.4
67,36,14,44,1,2,3,0,1,2,0,0,121.10000000000001,65.8,29.7,79.2
22,21,22,55,3,2,3,0,2,3,2,1,42.1,37.800000000000004,42.1,98.0
60,15,32,33,0,2,3,0,2,1,3,2,106.0,29.0,59.1,57.4
51,53,56,52,2,1,2,0,1,2,3,0,93.8,94.9,100.8,93.60000000000001
50,63,61,26,3,1,1,2,2,2,2,2,92.5,112.9,109.3,47.800000000000004
26,68,57,103,3,3,3,3,2,3,2,3,49.300000000000004,123.9,105.10000000000001,186.9
10,133,7,12,0,2,0,1,2,2,3,0,16.0,240.4,9.6,23.1
17,104,61,11,0,0,0,2,0,0,2,3,30.6,187.20000000000002,107.8,19.8
113,52,31,17,1,3,2,0,1,2,1,1,203.9,96.10000000000001,57.800000000000004,29.6
178,35,20,47,2,3,1,3,3,1,3,1,320.40000000000003,66.5,34.5,88.10000000000001
200,44,116,34,0,1,0,0,3,0,1,3,357.0,80.7,207.8,58.2
50,49,40,18,3,3,2,1,3,2,1,2,91.5,90.7,74.0,31.9
14,49,48,20,2,1,0,2,1,1,1,3,27.2,88.7,85.4,36.0
47,70,12,4,3,0,3,0,2,1,3,0,87.10000000000001,125.0,23.1,7.2
45,60,50,45,1,2,0,1,3,3,2,1,79.5,108.0,88.0,81.5
30,7,0,124,3,3,0,1,3,0,3,3,55.5,17.1,0.0,221.70000000000002
25,157,144,46,0,2,1,3,0,3,3,0,45.0,282.6,257.7,87.3
60,49,62,9,3,2,0,0,1,2,1,0,111.5,89.2,110.60000000000001,16.2
10,129,30,1,2,1,1,1,0,1,3,0,21.0,232.70000000000002,52.5,3.3
160,88,163,45,2,2,3,0,0,0,1,0,291.0,161.4,296.90000000000003,81.0
105,14,28,16,2,0,1,0,1,0,1,0,191.0,25.2,50.9,28.8
98,50,103,6,3,1,3,0,3,0,0,2,177.9,91.5,189.9,8.8
1,56,31,68,1,3,2,3,1,3,0,2,2.3,102.3,58.800000000000004,124.9
32,42,50,23,1,3,0,2,1,3,1,3,58.1,77.10000000000001,89.0,41.4
11,66,23,66,0,2,2,1,2,3,0,3,17.8,118.8,44.4,117.3
26,3,29,23,1,1,0,3,3,3,1,2,45.300000000000004,3.9000000000000004,51.2,43.9
8,68,43,120,1,0,2,0,3,0,3,1,12.9,122.4,77.4,215.0
60,2,16,47,1,0,3,3,0,1,0,1,109.5,2.6,33.3,88.10000000000001
16,14,0,87,0,2,2,2,0,3,3,1,28.8,25.2,0.0,158.6
60,50,186,138,0,3,0,1,3,2,0,0,105.0,92.5,334.8,249.9
19,195,23,67,0,2,2,2,3,0,1,1,31.200000000000003,354.0,43.4,122.60000000000001
64,33,5,9,3,2,2,2,3,0,0,3,116.7,62.4,12.0,16.2
108,22,142,54,2,2,2,3,1,3,2,3,196.4,39.6,256.6,98.7
130,22,116,56,0,3,1,0,2,1,0,2,232.0,43.1,210.3,98.8
109,17,45,12,0,1,2,2,2,2,3,2,194.20000000000002,30.1,81.0,22.6
50,29,22,38,3,2,2,3,0,2,0,2,94.5,53.2,42.6,70.9
48,65,40,186,3,0,0,1,0,1,0,3,90.9,116.0,72.0,333.3
27,143,62,177,3,1,2,2,2,3,2,0,51.1,255.90000000000003,112.60000000000001,321.6
118,115,2,95,2,3,1,3,3,3,1,1,212.4,208.5,4.1,174.5
40,133,41,55,1,2,1,2,0,0,3,1,73.5,242.4,72.3,101.0
53,61,23,61,1,0,0,1,3,0,2,0,93.9,109.8,39.4,111.3
150,66,63,15,0,1,3,3,0,2,1,3,270.0,118.3,116.9,28.5
136,45,96,13,1,1,1,0,3,3,0,1,243.3,79.5,174.3,22.400000000000002
29,44,54,28,3,3,2,2,1,1,0,2,55.7,82.7,100.2,51.4
24,44,64,0,3,2,2,3,2,3,1,1,45.7,79.2,117.2,0.0
45,1,52,196,3,2,3,3,2,0,0,2,83.5,4.8,98.10000000000001,355.3
22,61,39,9,0,3,3,1,2,1,0,3,37.6,113.3,74.7,14.7
23,31,61,13,0,1,2,3,2,2,2,0,39.4,55.300000000000004,110.8,27.900000000000002
66,65,4,69,3,0,2,2,2,3,1,2,121.3,114.0,9.2,125.2
74,62,2,67,3,2,2,0,2,2,3,3,135.70000000000002,112.60000000000001,3.5999999999999996,117.60000000000001
8,28,161,50,0,2,2,1,2,0,3,1,12.4,53.4,289.8,90.5
139,56,192,60,1,1,3,2,1,0,0,3,250.70000000000002,102.3,350.1,108.0
40,42,21,56,3,3,3,1,0,2,0,2,76.5,78.10000000000001,42.300000000000004,100.3
59,5,1,9,1,2,3,1,1,3,0,3,106.7,9.0,6.3,14.7
34,13,19,175,0,2,1,2,3,2,0,2,58.2,24.400000000000002,35.7,316.0
29,19,40,115,2,1,3,3,3,3,3,3,52.2,32.7,73.5,208.5
131,13,4,48,3,1,1,0,2,3,0,0,238.3,21.900000000000002,8.7,86.4
64,80,14,19,2,1,2,3,0,0,3,0,118.2,145.5,25.2,38.7
39,36,50,19,1,1,1,2,3,3,3,3,68.7,63.3,88.5,34.2
33,17,67,54,0,2,0,1,3,3,0,0,56.4,30.6,120.60000000000001,98.7
46,178,58,172,3,0,3,3,0,1,1,2,87.3,319.40000000000003,107.9,312.1
10,175,31,49,0,0,1,2,0,2,3,2,18.0,313.0,54.300000000000004,89.2
54,32,56,148,3,2,3,2,1,1,0,3,100.7,59.6,105.3,266.40000000000003
46,33,2,24,2,1,3,0,3,1,2,2,82.8,59.9,6.1,41.2
31,77,61,14,2,0,1,3,1,3,2,2,57.800000000000004,135.6,109.3,27.7
20,16,149,43,0,3,0,2,1,2,2,0,35.0,31.299999999999997,266.2,80.4
8,32,48,38,2,2,1,3,2,1,2,2,15.399999999999999,59.6,85.9,70.9
113,23,64,169,3,0,1,0,3,1,3,2,204.9,40.4,113.7,302.2
14,160,195,70,3,3,1,0,2,0,2,2,27.7,292.5,350.5,124.0
67,22,43,31,2,2,1,3,0,2,2,0,123.60000000000001,40.6,76.9,60.300000000000004
104,44,45,9,1,2,1,3,3,0,3,2,185.70000000000002,82.2,79.5,18.7
66,21,61,13,3,2,2,0,3,3,2,3,120.3,37.800000000000004,110.8,20.400000000000002
49,32,62,49,2,3,1,0,3,3,2,2,88.2,59.1,111.10000000000001,86.2
48,98,46,60,3,0,2,0,1,0,3,3,89.9,176.4,82.8,105.0
95,189,25,8,3,3,1,0,1,3,1,1,174.5,341.7,45.5,13.4
169,24,26,57,1,1,1,3,0,3,0,2,305.7,41.7,48.300000000000004,105.10000000000001
28,45,38,49,1,1,1,3,1,3,2,1,50.9,79.5,67.9,91.7
67,126,70,45,3,2,2,1,3,0,2,0,122.10000000000001,229.8,127.0,82.5
46,41,46,88,1,1,3,0,2,2,1,0,82.3,73.3,86.3,158.4
25,176,27,12,2,2,1,2,0,2,0,1,48.0,317.8,50.1,23.6
114,43,109,8,1,1,1,1,2,3,2,2,204.70000000000002,75.9,195.70000000000002,13.9
195,187,124,161,2,2,0,1,3,3,0,2,351.0,336.6,223.20000000000002,289.3
16,50,176,68,3,1,0,0,3,2,2,3,30.299999999999997,89.5,314.8,119.4
3,37,74,31,3,0,3,0,3,1,0,1,6.9,65.60000000000001,137.70000000000002,54.800000000000004
62,51,27,4,1,0,3,1,0,2,3,3,113.10000000000001,89.8,50.1,5.699999999999999
53,39,46,64,3,3,0,3,0,0,1,0,99.9,74.7,81.8,119.7
12,33,85,194,3,2,1,1,1,0,3,1,25.1,62.4,151.5,349.7
15,127,18,71,0,2,2,2,0,3,0,0,27.0,228.6,35.4,130.8
47,43,29,55,3,1,0,1,0,0,1,2,89.10000000000001,78.9,51.2,98.5
45,97,13,190,1,2,1,2,1,2,1,3,81.5,175.6,23.900000000000002,342.0
6,115,50,30,3,2,1,3,0,2,0,1,15.3,208.0,91.5,57.5
53,58,9,27,0,0,1,0,1,2,2,0,94.4,102.4,15.7,48.6
37,25,136,74,3,2,3,3,1,3,2,2,70.10000000000001,45.0,247.3,135.70000000000002
7,41,80,155,0,0,2,1,0,1,1,2,12.6,72.8,146.0,278.5
18,49,50,18,2,1,0,1,2,2,0,3,33.4,87.7,90.0,30.9
160,96,63,44,2,2,0,2,1,3,0,1,290.0,172.8,113.4,81.2
6,100,12,1,2,1,0,0,2,1,1,0,11.8,180.5,20.6,1.8
7,56,150,152,2,0,2,1,0,3,0,2,15.6,97.8,273.0,273.1
15,55,77,49,3,1,2,1,1,1,3,2,30.5,99.5,138.6,87.7
189,28,48,23,2,0,2,3,2,2,2,2,341.2,48.4,87.4,43.9
68,62,54,69,2,3,2,2,1,3,3,2,124.4,113.10000000000001,97.2,125.2
43,41,124,55,1,3,0,0,2,0,3,2,76.9,78.3,220.20000000000002,97.0
55,3,57,29,1,3,2,2,3,1,1,1,97.5,8.9,104.60000000000001,54.2
39,33,29,58,2,3,0,0,1,1,0,1,72.2,62.9,52.2,103.4
24,63,36,59,1,3,1,0,0,1,0,0,44.7,116.9,66.3,106.2
8,82,36,66,2,0,1,2,0,3,1,1,17.4,144.6,65.3,120.8
54,47,23,140,3,2,2,1,1,1,0,0,100.7,86.60000000000001,44.4,253.5
64,46,176,164,2,1,3,1,0,0,3,2,118.2,84.3,318.3,294.7
35,51,2,57,2,3,2,0,1,1,3,1,65.0,95.3,3.5999999999999996,101.60000000000001
64,32,91,0,1,2,1,3,1,3,0,3,115.7,57.6,165.3,0.0
60,58,56,28,1,2,1,1,0,3,0,1,109.5,104.4,102.3,50.9
4,57,37,49,1,2,2,0,2,2,3,1,6.699999999999999,103.60000000000001,66.60000000000001,87.2
8,67,54,14,1,1,0,0,1,1,1,1,14.9,121.10000000000001,96.2,24.2
7,25,70,26,0,0,1,0,1,2,1,2,11.6,43.0,126.5,44.800000000000004
53,63,48,184,2,2,0,0,2,3,2,2,96.4,113.4,84.4,329.2
29,65,49,27,3,0,2,2,2,0,3,2,54.7,117.0,88.2,49.6
88,55,0,5,1,3,1,2,3,3,0,1,156.9,100.5,0.0,11.0
134,39,132,68,0,2,3,2,2,1,2,2,239.20000000000002,72.2,240.1,123.4
44,26,38,7,1,1,1,1,0,2,1,2,80.7,46.300000000000004,68.9,12.1
42,68,21,0,1,0,1,3,1,3,3,0,76.10000000000001,119.4,36.300000000000004,0.0
23,138,52,70,3,2,3,3,0,2,0,3,45.9,249.4,98.10000000000001,127.5
57,68,6,26,1,1,1,1,3,1,2,0,101.10000000000001,122.9,10.3,48.300000000000004
58,28,112,11,0,2,2,1,3,2,2,3,101.4,51.4,202.6,18.3
49,11,65,56,1,2,3,3,3,1,2,2,86.7,21.8,119.5,103.3
37,183,60,41,0,2,0,0,2,0,1,2,64.60000000000001,332.40000000000003,107.0,71.8
66,19,69,38,1,0,2,1,3,3,1,1,117.3,31.200000000000003,126.2,68.9
5,42,188,58,3,3,1,2,2,0,2,3,11.5,80.10000000000001,337.90000000000003,104.4
193,60,1,8,1,1,2,2,2,3,2,2,346.90000000000003,106.5,2.8,15.399999999999999
55,24,63,98,0,3,0,2,3,2,0,0,96.0,45.7,113.4,179.4
6,57,20,11,3,3,2,1,0,2,0,0,15.3,105.10000000000001,39.0,21.3
11,40,70,11,0,2,3,2,3,0,2,3,16.8,75.0,128.5,19.8
51,35,18,122,1,3,0,2,3,3,1,2,90.3,64.5,31.4,220.6
44,38,5,4,3,0,3,2,1,2,0,2,82.7,66.4,13.5,8.2
67,45,23,12,1,1,3,3,3,1,1,1,119.10000000000001,81.5,44.9,25.1
65,162,24,13,2,0,2,3,2,1,1,3,118.0,290.6,45.2,24.900000000000002
172,45,53,37,2,0,3,3,1,2,3,0,311.6,79.0,96.9,71.10000000000001
0,37,32,9,0,1,0,1,2,2,0,3,0.0,66.10000000000001,57.6,14.7
102,37,13,0,0,2,2,1,0,0,0,3,183.6,69.60000000000001,26.400000000000002,0.0
115,22,33,11,2,2,2,0,3,1,2,1,207.0,41.6,60.4,18.8
50,38,17,8,0,3,0,3,3,3,2,2,87.0,69.9,28.6,16.9
4,1,153,52,0,2,0,0,1,1,0,0,6.2,3.8,275.40000000000003,93.60000000000001
16,184,14,55,3,1,2,0,2,0,0,1,31.299999999999997,332.7,28.2,98.0
45,40,26,33,0,0,2,3,1,3,1,1,80.0,69.0,48.800000000000004,62.9
15,51,5,15,0,1,0,2,1,1,1,0,26.0,92.3,8.0,30.0
125,9,38,60,2,0,1,1,2,0,2,0,226.0,16.2,67.9,109.5
65,145,58,13,3,1,1,3,0,3,1,3,121.5,259.5,104.9,24.900000000000002
42,56,17,27,2,1,0,1,1,2,2,3,77.60000000000001,100.3,28.6,47.1
21,183,58,173,1,3,1,2,3,3,2,1,36.300000000000004,330.90000000000003,103.9,313.40000000000003
62,52,13,37,3,2,3,0,1,1,3,3,115.10000000000001,95.60000000000001,24.900000000000002,63.60000000000001
200,51,7,22,3,2,1,2,1,3,2,1,363.5,91.8,12.1,41.6
34,59,64,106,2,1,3,1,3,0,1,3,61.2,107.7,118.7,189.3
52,33,4,47,2,0,0,0,2,3,3,3,94.60000000000001,56.4,4.2,81.60000000000001
12,47,48,42,1,2,2,0,2,2,1,3,21.1,85.60000000000001,88.4,72.60000000000001
59,70,21,141,1,2,1,1,3,2,3,1,104.7,127.0,36.300000000000004,254.3
4,16,11,147,3,3,2,2,1,3,1,2,10.7,30.299999999999997,21.8,265.6
36,176,0,89,2,0,3,1,2,2,3,2,65.8,314.8,0.0,159.70000000000002
11,8,56,42,2,0,2,0,2,1,1,0,20.8,13.4,102.8,75.60000000000001
40,1,64,59,1,2,2,2,2,3,1,2,71.5,1.7999999999999998,117.2,107.2
52,115,65,23,2,3,3,3,3,3,0,3,93.60000000000001,208.5,121.5,42.9
66,197,77,28,0,3,0,2,1,3,0,0,117.8,356.1,138.6,53.4
5,23,67,33,1,0,2,1,1,1,3,2,9.5,40.4,120.60000000000001,58.9
86,11,41,28,2,3,3,3,1,1,3,2,156.8,23.3,75.3,52.9
70,81,27,60,1,2,3,0,1,2,1,0,126.5,146.8,52.1,108.0
63,20,97,51,0,3,2,1,2,3,1,2,111.4,37.5,176.6,91.3
74,108,13,50,0,0,3,3,0,3,0,2,133.20000000000002,191.4,27.900000000000002,92.5
51,60,57,121,1,0,1,1,3,1,2,1,90.3,107.0,102.10000000000001,218.3
59,43,38,69,3,2,2,1,3,1,2,3,107.7,79.4,69.4,122.7
8,66,17,5,0,2,0,3,1,1,3,3,13.4,120.8,27.6,10.5
152,48,40,26,3,3,1,3,2,2,0,3,276.1,88.9,73.5,48.300000000000004
197,27,30,115,3,0,0,3,0,0,0,3,359.1,48.6,54.0,208.5
39,35,21,63,3,0,1,2,0,2,0,1,74.7,61.0,39.300000000000004,115.4
7,146,56,120,1,3,1,3,2,0,3,0,12.1,267.3,99.3,220.5
42,60,199,46,1,0,0,1,3,0,3,2,74.10000000000001,108.0,355.2,82.3
21,87,59,59,3,2,0,1,3,3,1,1,39.300000000000004,156.6,105.2,106.7
31,1,3,65,0,1,2,2,0,2,1,2,55.800000000000004,1.2999999999999998,7.4,118.0
29,42,58,158,3,0,1,0,1,3,3,2,55.7,72.60000000000001,102.9,282.40000000000003
23,152,53,53,3,0,2,3,1,1,2,2,44.9,272.6,96.4,97.9
52,50,24,5,2,2,0,2,1,0,2,3,95.60000000000001,93.0,41.2,9.0
31,58,52,75,2,3,0,1,2,3,2,2,56.800000000000004,105.9,91.60000000000001,134.5
1,35,54,29,3,0,0,0,0,3,3,3,6.3,60.0,94.2,49.2
163,135,196,62,1,0,0,1,0,0,3,1,294.90000000000003,243.0,349.8,112.10000000000001
3,136,68,35,0,1,3,1,1,0,2,1,4.4,246.3,124.9,63.5
81,55,170,55,3,0,0,0,0,1,3,0,150.3,98.0,303.0,99.0
33,43,52,31,3,2,1,2,0,3,2,3,63.9,77.4,93.10000000000001,55.800000000000004
41,24,43,25,1,3,0,3,0,3,2,1,75.3,44.7,75.4,48.5
66,7,16,7,3,3,1,0,3,2,2,2,120.3,15.100000000000001,28.3,10.6
67,46,6,50,3,2,2,1,3,1,3,0,122.10000000000001,84.8,10.8,91.5
18,55,40,86,1,2,3,3,2,2,1,0,31.9,100.0,75.5,159.3
35,31,1,16,2,2,0,2,3,3,0,1,63.0,55.800000000000004,1.8,30.8
191,60,150,123,3,2,3,0,2,1,2,1,346.3,110.0,272.5,220.4
167,141,47,44,3,2,3,1,1,0,1,0,304.1,256.8,88.10000000000001,80.7
107,31,177,65,0,2,1,3,2,3,3,1,190.6,55.800000000000004,317.1,120.5
31,2,64,111,0,3,3,2,2,1,3,2,53.800000000000004,7.1,116.7,200.8
17,12,144,32,3,0,2,1,1,2,0,1,34.1,19.6,262.2,58.1
17,44,146,48,3,2,0,3,1,3,1,1,34.1,79.2,261.8,89.9
59,49,38,46,3,0,1,2,3,0,3,2,107.7,88.2,66.9,83.8
9,19,93,21,0,3,2,3,1,0,3,3,15.2,38.7,167.4,39.300000000000004
36,102,64,16,3,2,2,0,3,3,2,2,66.3,183.6,116.2,26.8
52,154,10,46,3,2,0,0,1,3,2,3,97.10000000000001,277.2,16.0,79.8
60,152,37,45,2,3,1,0,0,2,2,0,111.0,276.1,66.10000000000001,81.0
195,8,8,61,2,1,0,0,1,2,1,3,353.0,13.9,13.4,106.8
14,64,24,68,0,0,1,1,2,2,1,0,23.2,113.2,43.7,123.9
132,53,174,41,0,2,0,0,0,1,2,2,237.6,97.4,311.2,71.8
31,8,10,16,2,2,3,3,0,3,0,0,58.800000000000004,14.399999999999999,22.5,33.3
177,24,53,33,0,3,2,2,1,2,2,0,317.6,45.7,96.4,62.4
57,66,24,53,1,0,0,0,3,1,1,3,101.10000000000001,117.8,42.2,92.4
176,169,63,28,0,0,1,3,0,2,0,3,316.8,302.2,114.9,51.9
56,32,174,37,0,1,1,3,3,3,3,0,97.8,56.1,311.7,71.10000000000001
16,3,19,174,0,3,2,0,1,2,3,1,27.8,7.9,34.2,312.2
2,42,28,24,3,1,1,2,0,2,1,2,8.1,75.10000000000001,50.9,44.2
42,63,60,24,3,0,3,0,2,1,2,2,78.10000000000001,112.4,110.5,41.2
52,22,16,82,2,3,2,0,1,1,0,1,95.60000000000001,43.1,31.8,146.6
66,43,43,192,1,2,0,3,2,0,2,1,118.3,80.4,75.4,349.1
114,8,193,97,2,1,2,2,0,2,2,0,208.20000000000002,13.9,348.40000000000003,177.6
149,10,33,55,1,3,3,3,2,2,0,1,267.7,20.5,63.9,102.5
106,55,166,59,0,3,0,2,2,3,3,1,188.8,100.5,295.8,108.2
164,20,8,51,0,3,2,3,0,1,3,0,295.2,39.5,14.399999999999999,96.3
6,18,77,41,1,2,2,2,0,1,0,0,12.3,34.4,141.6,76.8
50,177,92,67,3,0,2,2,0,2,2,3,94.5,316.6,166.6,120.60000000000001
6,68,47,48,0,1,1,0,2,3,0,3,8.8,120.9,86.10000000000001,83.4
39,11,71,53,0,2,3,3,3,0,3,3,67.2,22.8,129.3,96.9
112,51,49,2,3,0,1,3,3,2,1,2,203.1,89.8,88.7,6.1
22,19,2,8,2,0,0,0,2,0,1,1,40.6,34.2,2.6,13.4
141,198,23,50,3,0,0,2,2,1,2,3,256.3,355.40000000000003,39.4,90.0
57,27,31,192,0,0,3,0,1,3,3,0,101.60000000000001,45.6,57.300000000000004,345.6
50,10,49,8,0,3,2,2,1,0,2,1,89.0,22.5,89.2,16.4
190,48,7,48,0,1,1,2,3,3,3,0,339.0,84.9,11.1,89.4
49,70,143,1,3,3,1,0,0,3,1,3,92.7,127.5,257.90000000000003,0.0
51,145,63,23,3,0,2,0,3,2,0,3,93.3,259.0,116.4,38.4
40,37,50,11,2,0,2,2,3,1,1,1,72.0,65.60000000000001,92.0,21.8
60,27,15,69,2,0,2,0,0,1,2,0,111.0,47.6,28.0,124.2
176,60,63,30,2,2,0,2,3,1,3,3,316.8,110.0,110.4,54.0
57,96,10,35,1,2,2,2,1,1,0,0,103.10000000000001,174.8,21.0,66.0
42,102,66,62,1,2,2,1,1,3,1,2,76.10000000000001,183.6,120.8,111.10000000000001
120,7,28,23,3,0,1,0,3,2,3,0,217.5,10.6,48.9,41.4
15,43,53,79,0,2,3,2,0,2,0,0,27.0,78.4,99.9,145.20000000000002
45,6,43,48,1,0,3,2,3,0,2,1,79.5,10.8,79.9,88.4
53,19,61,141,3,1,2,3,0,3,1,1,99.9,32.7,111.8,257.3
42,25,17,134,0,3,2,2,2,3,2,0,73.60000000000001,46.5,31.6,244.20000000000002
66,15,35,38,3,1,0,1,3,1,1,1,120.3,27.5,62.0,68.9
24,55,93,151,2,0,0,1,2,0,2,1,44.2,99.0,165.4,272.3
32,66,9,50,2,3,0,0,3,0,2,2,57.6,123.3,14.2,88.0
10,21,53,166,0,1,2,1,3,1,0,3,15.0,38.300000000000004,98.4,297.3
40,57,70,6,0,3,2,0,2,2,2,0,70.0,105.10000000000001,127.0,10.8
56,48,107,67,2,2,0,3,3,0,2,3,100.8,89.4,190.6,122.10000000000001
16,13,20,58,1,3,2,3,0,1,3,1,30.3,26.900000000000002,36.0,107.9
26,68,70,6,0,2,1,1,0,2,1,2,46.800000000000004,123.4,126.5,10.3
16,22,134,84,3,2,2,1,1,3,3,1,32.3,39.6,241.20000000000002,151.70000000000002
13,30,171,24,1,0,0,0,2,2,0,1,22.900000000000002,52.0,307.8,42.2
23,25,53,97,3,1,1,2,0,1,1,0,45.9,45.5,95.9,177.6
37,61,44,20,3,3,0,3,2,3,0,1,69.10000000000001,111.3,79.2,39.5
45,6,34,26,1,1,1,2,2,0,2,1,80.5,12.3,60.7,48.800000000000004
148,65,34,177,0,3,0,0,2,3,3,1,264.40000000000003,118.5,58.2,317.6
18,1,2,67,0,3,1,3,1,0,1,3,31.4,6.3,4.1,122.10000000000001
124,37,40,14,3,3,2,3,3,3,2,3,224.70000000000002,68.10000000000001,73.0,26.7
139,19,65,39,0,2,2,3,3,1,3,2,247.20000000000002,36.2,117.0,72.7
180,39,7,55,3,0,0,2,1,3,3,0,327.5,67.2,9.6,102.0
10,48,46,26,2,2,0,2,2,2,1,1,19.0,87.4,81.8,48.800000000000004
49,4,17,58,1,3,0,0,1,3,0,2,88.7,8.7,30.6,102.4
34,16,45,174,0,3,2,0,1,1,0,0,60.2,32.3,84.0,313.2
60,28,59,32,1,2,0,1,3,3,3,2,106.5,50.4,103.2,57.1
2,7,186,42,1,3,2,3,2,1,1,0,3.0999999999999996,16.1,336.8,80.10000000000001
57,101,54,15,2,2,3,2,3,0,2,3,102.60000000000001,184.8,99.7,27.0
12,32,140,11,1,1,0,3,1,0,3,3,22.1,59.1,249.0,21.3
47,42,42,17,1,0,3,3,2,0,3,3,84.10000000000001,75.60000000000001,77.10000000000001,32.1
146,83,86,35,2,0,3,3,3,1,1,3,262.8,148.4,158.3,64.5
23,179,18,53,3,3,1,0,0,1,1,0,45.9,325.7,32.9,95.4
44,57,42,68,0,2,3,1,2,2,3,3,77.2,103.60000000000001,77.10000000000001,120.9
21,61,137,117,2,2,2,3,1,0,2,1,39.800000000000004,112.8,247.6,214.1
47,1,47,22,3,3,1,3,3,3,0,3,86.10000000000001,3.3,86.10000000000001,41.1
138,142,173,39,2,2,3,2,0,2,3,0,251.4,256.6,312.90000000000003,73.2
1,50,61,3,1,3,0,1,3,1,0,2,0.2999999999999998,93.5,109.8,4.9
51,4,189,117,2,1,0,0,3,0,2,1,91.8,8.7,338.2,209.6
46,11,80,9,2,2,3,0,2,1,2,0,83.8,21.8,146.5,16.2
14,36,80,56,2,1,0,0,2,3,3,1,26.2,63.3,141.0,99.8
16,51,160,13,0,0,0,0,3,1,2,1,25.8,90.8,286.0,22.400000000000002
22,60,52,9,2,0,1,3,3,2,2,0,39.6,106.0,93.10000000000001,20.7
60,33,66,13,0,2,2,0,3,0,0,2,105.0,62.4,121.8,21.400000000000002
163,27,19,31,1,3,0,1,3,1,0,2,291.90000000000003,52.1,34.2,55.300000000000004
88,5,36,63,2,1,1,3,0,3,0,2,161.4,7.5,66.3,115.9
29,111,67,122,0,1,0,2,0,2,2,1,52.2,199.3,118.60000000000001,221.6
25,61,68,9,0,1,3,2,1,3,2,3,44.0,108.3,124.9,16.2
42,21,35,91,0,0,0,3,2,2,2,0,73.60000000000001,35.800000000000004,61.0,168.3
14,27,46,19,0,0,0,0,0,0,2,3,25.2,48.6,80.8,31.200000000000003
53,44,160,62,1,3,2,1,2,0,3,0,94.9,83.7,288.0,113.10000000000001
54,51,45,20,3,1,2,3,0,2,1,0,101.7,91.3,83.0,40.5
24,81,35,41,2,1,1,3,0,1,0,3,46.2,146.3,64.5,75.3
31,188,6,26,1,3,3,3,2,2,3,3,55.300000000000004,340.90000000000003,12.3,48.300000000000004
36,175,2,59,2,3,2,2,2,2,1,0,65.8,317.5,5.6,109.2
46,57,176,2,0,0,2,0,1,2,1,2,81.8,100.60000000000001,318.8,1.6
63,21,42,3,2,3,2,2,1,3,3,3,115.4,39.300000000000004,75.60000000000001,5.4
54,84,48,50,3,3,2,0,3,2,2,3,98.7,153.70000000000002,87.4,87.0
70,44,7,116,3,2,3,0,0,0,3,0,130.5,82.2,14.100000000000001,208.8
39,55,35,2,2,1,2,2,3,1,3,3,70.2,99.5,63.0,3.5999999999999996
197,53,34,71,3,2,2,1,0,2,0,1,359.1,96.4,64.2,128.3
61,0,54,61,2,3,3,0,3,3,1,0,109.8,0.0,100.7,109.8
70,58,39,61,1,1,0,3,1,0,1,0,126.5,105.9,69.2,114.3
152,69,24,27,1,0,1,0,1,1,3,0,274.1,123.2,41.7,48.6
30,23,45,90,2,0,2,1,3,0,1,0,54.0,41.4,83.0,163.5
57,20,61,164,2,2,3,2,0,3,1,2,105.60000000000001,36.0,113.3,296.2
21,15,59,53,1,2,3,2,0,2,2,0,39.300000000000004,28.0,108.7,98.4
14,40,44,45,1,2,2,0,3,3,2,0,23.7,72.0,80.2,81.0
32,60,54,17,3,3,0,0,0,3,0,1,62.1,109.5,97.2,29.6
46,67,23,52,2,2,3,2,1,2,1,0,84.8,121.60000000000001,44.9,96.60000000000001
10,37,11,25,2,1,3,2,0,2,2,1,21.0,66.10000000000001,22.3,47.0
68,46,41,45,1,3,0,1,3,3,2,3,120.9,84.3,71.8,79.5
184,70,12,4,0,1,0,0,1,3,2,2,330.2,124.5,19.6,5.2
24,65,25,8,1,0,0,0,2,2,3,3,42.7,115.0,42.0,11.4
54,80,84,38,0,3,2,1,0,2,0,0,97.2,146.5,154.20000000000002,69.9
13,11,181,22,0,2,0,3,2,0,1,2,21.400000000000002,22.8,324.8,42.1
161,7,46,141,2,2,3,1,3,2,3,3,289.8,13.6,84.3,252.3
170,13,59,20,0,3,2,3,0,0,0,3,306.0,27.900000000000002,109.2,37.5
9,69,38,149,2,1,2,3,2,3,2,3,17.2,122.7,69.4,269.7
36,22,57,3,1,0,2,3,0,1,0,0,66.3,38.6,105.60000000000001,9.9
26,120,119,127,0,1,3,2,0,1,1,0,46.800000000000004,216.5,217.70000000000002,231.6
1,57,8,180,3,0,1,3,0,1,2,1,6.3,101.60000000000001,13.9,327.5
66,12,179,19,0,2,0,0,3,2,0,0,115.8,22.6,322.2,34.2
62,44,32,147,1,3,0,1,0,0,3,1,113.10000000000001,83.7,54.6,265.1
163,2,65,50,1,0,1,2,1,1,3,3,293.90000000000003,2.6,115.5,90.0
97,151,52,42,1,1,0,2,2,2,2,0,174.1,271.3,91.60000000000001,78.60000000000001
193,35,164,37,2,3,1,1,3,0,2,0,347.40000000000003,67.5,294.7,68.10000000000001
2,91,46,42,1,3,0,2,3,1,1,2,2.0999999999999996,167.3,81.8,76.60000000000001
97,33,19,59,0,3,0,2,2,0,0,0,172.6,63.9,34.2,109.2
10,59,180,7,1,2,3,2,2,2,0,1,17.5,107.2,328.5,14.6
188,27,182,166,3,2,1,1,2,3,3,0,340.90000000000003,48.6,326.1,300.3
1,37,31,65,0,1,1,0,3,0,0,3,0.0,68.10000000000001,57.300000000000004,114.0
12,29,156,2,0,0,3,2,0,0,2,2,21.6,52.2,283.3,4.6
105,60,0,46,1,2,2,2,3,3,1,1,187.5,108.0,0.0,84.8
3,144,60,11,3,2,0,0,1,2,2,2,8.9,260.2,106.0,17.8
35,9,0,3,1,0,1,1,3,1,2,3,61.5,15.2,0.0,3.9000000000000004
36,192,59,38,0,1,0,1,1,3,0,3,63.8,344.1,106.2,66.9
51,31,51,117,3,3,3,1,1,0,3,1,95.3,60.300000000000004,93.3,211.1
27,45,75,37,3,0,3,2,0,3,0,1,53.1,78.0,139.5,68.60000000000001
28,40,199,54,0,0,2,2,1,1,1,2,49.4,71.0,360.2,98.2
67,41,113,185,3,2,2,3,3,2,3,3,122.10000000000001,74.8,203.4,334.5
59,2,47,40,0,3,3,3,0,0,3,1,106.2,8.1,86.10000000000001,75.5
3,4,37,25,3,0,0,3,2,1,3,2,7.9,6.2,63.60000000000001,47.5
125,0,16,61,3,2,1,3,1,3,1,1,228.5,0.0,29.3,113.3
40,41,51,69,0,3,1,1,3,1,2,1,69.0,77.3,91.3,124.7
54,36,178,30,1,3,1,2,0,3,2,1,98.7,66.3,319.90000000000003,56.0
44,41,123,125,0,0,1,1,0,0,1,2,79.2,73.8,221.9,224.5
118,36,38,11,1,1,3,1,3,1,0,3,210.9,65.3,72.9,18.3
13,38,59,163,1,1,3,1,1,1,3,0,23.900000000000002,68.9,107.7,294.90000000000003
57,21,27,63,1,3,2,2,0,3,1,3,104.10000000000001,39.300000000000004,50.6,113.4
4,29,79,60,2,2,2,2,3,1,1,0,7.199999999999999,54.2,144.20000000000002,111.0
78,126,148,51,0,0,0,1,3,2,1,2,137.4,224.8,265.40000000000003,91.3
16,19,47,33,2,2,3,3,3,2,2,2,28.8,35.2,87.10000000000001,61.9
10,0,96,50,2,3,0,1,2,3,2,2,19.0,0.0,170.8,89.5
53,6,30,1,2,2,2,0,3,1,3,3,95.4,12.8,54.0,0.0
19,70,141,177,0,0,3,0,3,1,0,0,31.200000000000003,125.0,258.3,318.6
5,22,66,2,3,2,0,1,3,0,2,1,10.5,42.6,116.8,4.1
53,43,104,42,0,0,2,2,1,2,2,0,94.4,75.4,188.20000000000002,78.60000000000001
27,44,35,70,0,3,2,1,2,1,2,3,46.6,82.7,64.0,124.5
17,0,11,38,1,0,3,2,0,1,2,3,32.1,0.0,22.3,68.4
12,48,49,148,0,1,2,0,1,2,0,3,20.6,85.9,91.2,263.40000000000003
170,42,58,65,3,3,0,3,0,2,1,3,310.5,78.10000000000001,103.4,118.5
61,19,49,35,2,0,1,1,3,2,0,2,109.8,32.2,89.7,62.5
182,27,57,55,3,1,0,2,2,0,0,3,330.1,50.1,102.60000000000001,99.0
0,49,44,20,3,2,2,3,1,3,0,0,0.0,88.2,82.2,40.5
35,147,27,38,1,2,3,0,1,2,0,2,63.5,265.6,53.1,66.4
1,65,49,35,2,0,0,3,1,0,0,1,3.8,117.0,88.2,66.5
12,59,57,61,0,3,1,1,0,3,0,0,21.6,107.7,104.10000000000001,111.3
96,5,25,70,2,0,2,0,1,3,2,2,174.8,6.0,46.0,124.0
107,69,64,70,0,3,0,1,0,0,2,2,192.6,128.7,113.2,125.5
49,6,111,29,0,0,3,0,0,3,2,0,88.2,7.800000000000001,202.3,52.2
193,74,68,131,2,1,1,2,3,3,1,2,347.40000000000003,131.70000000000002,122.9,236.8
1,44,33,33,1,1,3,1,0,0,0,2,3.3,80.7,63.9,58.9
162,50,66,15,1,1,3,2,2,2,2,2,291.1,89.5,121.3,28.0
2,6,83,2,3,2,1,3,3,3,3,3,5.1,10.8,147.9,5.1
66,29,183,53,2,2,3,3,0,2,0,3,121.8,53.2,333.90000000000003,96.9
31,49,69,18,1,0,0,3,1,0,3,2,56.300000000000004,88.2,121.2,34.9
44,25,106,11,3,1,3,0,1,3,0,2,82.7,43.5,195.3,17.8
39,66,8,105,1,3,1,2,3,1,1,1,68.7,122.3,14.9,191.0
122,45,21,48,1,0,3,0,1,2,1,2,220.1,79.0,41.300000000000004,84.4
43,140,196,31,2,3,3,1,3,0,2,2,77.4,256.5,355.3,55.300000000000004
49,166,27,109,2,3,2,2,1,3,2,2,90.2,300.3,49.6,197.20000000000002
70,67,23,45,0,0,3,3,2,2,3,0,124.0,118.60000000000001,42.9,85.5
6,146,32,48,0,3,3,0,0,3,1,0,10.8,264.3,61.1,86.4
68,46,25,11,2,3,1,1,1,1,2,2,124.4,86.3,44.5,19.3
161,37,173,13,3,2,0,3,1,3,2,0,293.3,66.60000000000001,309.40000000000003,27.900000000000002
66,55,3,68,0,0,2,1,0,1,3,0,118.8,98.0,5.4,123.9
54,156,11,143,3,3,1,1,3,0,2,3,98.7,285.3,19.3,255.90000000000003
137,8,61,45,0,0,0,1,2,0,1,0,244.6,14.4,108.8,82.5
11,37,50,31,0,2,1,0,1,2,0,1,18.8,67.60000000000001,91.5,54.800000000000004
68,0,54,53,0,1,2,3,2,0,3,3,120.4,0.0,97.2,96.9
88,125,69,132,3,0,3,0,2,3,1,2,160.9,222.0,127.69999999999999,235.6
61,1,44,91,3,2,2,1,1,3,1,2,113.3,1.7999999999999998,81.2,163.3
8,16,98,39,1,3,2,1,0,2,0,0,15.9,31.299999999999997,179.4,71.7
30,63,171,123,1,3,3,3,0,0,1,2,55.5,117.9,311.3,223.9
68,58,113,4,3,1,3,3,0,2,1,1,126.9,103.9,206.9,10.7
177,34,88,56,3,2,3,1,3,0,0,0,320.1,64.2,162.9,102.3
10,44,7,125,2,2,3,0,3,0,0,3,18.0,82.2,17.1,222.0
65,48,19,68,0,0,2,2,0,2,3,0,117.0,84.4,34.2,125.4
16,15,23,41,0,2,3,3,0,2,0,3,28.8,28.0,45.9,75.3
47,44,68,106,3,1,0,3,2,3,0,1,87.10000000000001,77.7,122.4,194.3
18,187,1,53,1,0,3,1,2,0,3,3,31.9,336.6,3.3,93.9
16,33,13,51,1,3,1,2,0,3,2,2,30.3,60.9,22.900000000000002,92.8
0,5,17,58,2,3,1,0,1,2,3,0,0.0,11.5,29.1,104.4
48,9,37,54,0,3,2,2,0,2,3,1,86.4,18.7,66.60000000000001,99.2
1,49,43,5,1,2,2,3,3,3,1,0,0.2999999999999998,88.2,79.4,13.5
14,45,6,58,3,3,2,3,3,2,2,1,26.7,83.5,11.8,107.9
23,3,46,131,0,0,1,3,0,2,3,1,41.4,3.4000000000000004,81.3,239.3
68,90,8,47,0,3,1,3,2,3,3,2,120.4,163.5,12.9,87.10000000000001
26,17,26,18,3,2,1,1,0,1,2,3,51.300000000000004,32.6,46.300000000000004,30.9
128,64,17,61,0,1,2,1,2,2,0,1,228.4,114.7,33.6,110.3
23,69,11,193,0,0,0,1,0,0,0,2,41.4,124.2,19.8,346.90000000000003
39,36,38,30,2,1,1,0,0,3,0,1,73.2,63.3,69.9,53.0
153,108,102,5,2,3,0,1,1,1,2,0,277.40000000000003,197.9,181.6,10.5
58,53,172,16,0,2,3,3,1,1,3,3,103.4,97.4,311.1,30.299999999999997
48,11,7,54,3,2,1,2,0,1,3,3,90.9,21.8,11.1,97.2
25,13,187,57,2,1,1,1,0,2,2,3,48.0,22.900000000000002,336.1,101.10000000000001
41,16,50,58,3,0,3,3,3,1,0,3,75.3,27.8,94.5,105.9
12,167,41,71,2,3,2,2,2,3,2,0,22.6,302.1,74.8,130.8
20,45,116,43,2,1,3,3,0,2,2,0,39.0,80.5,211.3,81.9
115,133,42,158,0,2,2,2,0,1,1,2,207.0,241.4,77.60000000000001,285.40000000000003
0,32,41,47,1,3,1,3,3,1,0,1,0.0,61.1,75.3,88.10000000000001
162,105,1,20,0,0,1,2,3,3,1,2,288.6,186.0,2.3,37.0
97,58,139,5,2,1,0,3,1,3,0,2,176.6,102.9,250.20000000000002,11.5
5,62,147,121,3,1,3,1,3,1,2,0,10.5,112.10000000000001,267.1,219.3
162,48,51,43,2,3,1,1,1,0,2,1,293.6,90.9,91.3,77.9
163,55,22,65,0,2,1,3,1,2,0,1,292.40000000000003,100.0,41.1,120.5
21,68,13,1,1,0,1,2,2,1,1,2,37.300000000000004,121.4,23.900000000000002,2.8
30,12,65,128,2,0,0,0,2,0,2,1,55.0,21.6,115.0,229.4
70,70,88,28,2,0,1,1,3,0,0,1,126.0,126.0,159.9,50.9
12,39,3,42,3,3,0,3,3,2,0,0,23.1,72.7,5.4,80.10000000000001
35,196,177,61,0,2,2,2,3,0,1,2,60.0,355.8,320.6,110.8
6,80,24,58,3,1,0,3,2,3,3,0,13.3,142.5,40.2,108.9
66,46,68,153,0,2,0,2,3,0,3,3,115.8,85.8,119.4,275.40000000000003
7,53,19,22,2,3,1,3,1,2,0,0,14.6,97.9,35.7,44.1
41,39,60,32,2,1,3,3,1,0,0,1,75.8,71.7,112.5,61.1
60,46,15,70,2,3,2,3,2,2,1,1,109.0,85.3,29.0,129.5
25,174,50,7,1,3,1,2,1,1,1,2,45.5,316.7,90.5,13.6
158,13,53,184,0,3,3,1,3,2,1,2,281.40000000000003,25.900000000000002,98.9,330.7
19,174,34,70,2,2,3,1,3,3,2,2,34.2,313.2,63.7,125.5
60,32,26,47,3,0,0,2,2,0,0,0,110.5,57.6,46.800000000000004,87.60000000000001
87,3,12,4,0,2,3,1,0,3,2,0,156.6,5.4,24.1,8.7
62,48,39,19,0,0,3,0,2,2,3,1,109.60000000000001,84.4,71.7,33.2
62,0,33,1,0,3,1,2,3,1,1,1,108.60000000000001,0.0,59.9,3.8
1,9,181,22,3,3,1,3,2,3,1,1,4.3,17.7,326.3,43.1
4,59,26,34,1,3,0,2,3,2,3,2,5.699999999999999,108.7,43.800000000000004,62.2
6,99,184,5,3,0,0,2,0,3,1,0,15.3,175.20000000000002,330.2,12.0
2,26,70,29,0,1,0,2,1,3,3,2,2.6,45.300000000000004,123.0,53.2
61,84,107,2,3,3,1,2,3,3,1,2,111.3,152.70000000000002,193.1,4.6
23,9,141,33,0,2,1,3,2,3,2,1,39.4,16.2,253.3,62.9
35,40,19,57,2,2,1,1,1,3,0,2,65.0,72.0,35.7,102.10000000000001
15,70,29,52,1,1,0,1,0,3,2,1,28.5,124.5,50.2,94.10000000000001
39,68,157,68,2,0,3,1,2,0,1,2,71.2,122.4,286.1,121.9
70,32,11,60,1,1,3,2,1,0,2,2,126.5,59.1,22.3,109.0
0,56,64,49,3,1,1,1,3,0,0,2,0.0,102.3,116.7,87.7
62,53,6,61,0,2,1,0,1,2,3,1,110.60000000000001,96.4,9.3,108.8
73,19,47,2,2,0,2,0,0,1,3,3,134.4,33.2,84.60000000000001,0.6000000000000001
0,15,168,0,0,3,1,2,1,0,1,2,0.0,31.5,302.90000000000003,0.0
40,14,18,39,3,0,1,1,0,0,3,3,76.5,25.2,30.9,68.7
13,43,187,152,0,1,0,2,0,2,2,2,23.400000000000002,76.9,334.6,274.6
3,67,8,33,3,1,1,3,0,3,1,2,9.9,119.10000000000001,14.9,61.9
2,27,77,18,2,3,1,1,3,1,3,1,3.5999999999999996,52.1,137.1,32.9
129,64,29,72,0,2,2,2,2,1,0,0,230.20000000000002,117.2,55.2,132.6
35,2,61,78,2,2,0,0,2,3,3,3,64.0,3.5999999999999996,106.8,137.4
18,86,183,164,3,2,1,3,3,0,2,3,33.9,157.8,328.90000000000003,296.7
69,36,2,52,0,3,2,1,1,2,0,1,123.2,67.3,6.6,94.10000000000001
17,164,65,5,0,1,1,1,3,3,0,3,27.6,293.7,118.5,7.5
141,35,18,12,0,3,0,1,2,1,3,1,251.8,66.5,29.4,22.1
67,13,70,155,3,0,2,1,3,3,2,0,122.10000000000001,20.400000000000002,127.0,280.5
62,45,38,65,0,1,1,1,3,2,1,2,108.60000000000001,80.5,68.9,116.5
54,120,111,50,3,3,3,0,0,0,0,0,101.7,220.5,204.3,90.0
46,53,64,61,2,2,3,2,3,1,1,3,82.8,97.4,118.7,109.8
85,27,70,31,3,1,0,1,1,2,2,3,156.5,48.1,124.0,54.300000000000004
55,33,15,13,2,2,0,0,2,1,3,1,100.0,61.4,24.0,22.400000000000002
82,38,48,12,0,2,3,0,0,2,3,2,147.6,69.4,87.9,19.6
40,17,77,38,0,0,2,2,3,0,0,1,69.0,30.6,141.6,70.4
64,92,37,31,3,1,1,3,1,1,1,0,118.7,166.1,67.10000000000001,60.300000000000004
9,70,52,17,2,1,1,0,1,3,0,1,18.2,124.5,95.10000000000001,29.6
139,20,25,187,2,0,3,3,1,0,3,3,252.20000000000002,36.0,46.5,338.1
53,42,37,20,0,3,2,3,3,0,2,2,92.4,80.10000000000001,67.60000000000001,38.5
30,53,90,188,3,0,2,1,1,0,0,1,57.5,95.4,165.0,338.90000000000003
51,76,96,59,0,1,2,0,2,2,0,0,89.8,136.3,175.8,106.2
182,30,178,156,1,3,1,3,0,3,3,2,329.1,55.5,318.90000000000003,283.3
9,69,13,35,1,3,0,1,3,1,2,1,14.7,127.69999999999999,21.400000000000002,63.5
50,65,37,6,0,2,1,0,2,1,1,2,88.0,119.0,67.10000000000001,8.8
48,55,12,57,2,3,0,0,0,2,0,1,89.4,101.5,21.6,101.60000000000001
27,31,159,98,2,2,1,2,3,2,1,2,48.6,56.800000000000004,286.7,177.4
45,68,50,10,3,3,1,2,3,3,2,0,82.5,123.9,89.5,21.0
63,39,56,53,1,1,3,0,0,3,2,0,114.9,68.7,103.3,95.4
8,12,192,17,0,2,0,0,1,2,2,3,13.4,22.6,343.6,27.6
55,28,59,56,3,0,1,0,2,1,0,3,101.5,49.4,107.7,97.8
22,15,53,30,2,1,3,1,3,0,1,1,39.6,28.5,98.9,54.5
12,50,23,33,0,3,1,0,0,3,3,3,21.6,91.5,39.9,56.4
56,62,1,99,3,0,3,0,0,0,1,1,105.3,111.60000000000001,5.3,177.20000000000002
24,14,20,14,2,0,0,0,2,2,0,2,44.2,23.2,36.0,23.2
58,54,100,1,1,0,3,2,2,0,3,1,103.9,97.2,181.5,3.8
29,8,7,48,1,2,2,2,0,0,3,3,53.7,17.4,12.6,86.4
24,43,68,35,3,0,0,2,0,3,1,0,47.7,74.4,121.4,66.0
44,41,14,112,1,2,2,0,2,3,2,1,78.7,73.8,26.2,200.6
55,31,87,132,3,1,2,0,1,2,2,3,102.5,55.300000000000004,157.6,234.6
4,22,4,166,0,2,0,3,0,2,1,1,7.2,40.6,6.2,302.3
16,61,13,15,2,0,2,3,0,3,3,2,31.8,106.8,23.400000000000002,29.5
31,158,182,16,0,2,3,3,2,2,0,0,53.800000000000004,285.40000000000003,332.1,33.3
27,179,27,35,1,3,1,3,0,2,0,3,50.1,324.7,50.1,64.5
51,48,98,27,0,2,0,0,2,2,2,1,89.8,87.4,174.4,47.6
184,64,65,27,0,0,0,0,2,3,1,3,329.2,112.2,116.0,45.6
25,62,41,85,2,2,0,2,2,0,2,0,46.0,114.60000000000001,71.8,156.0
48,7,19,156,0,3,3,2,1,1,1,3,85.4,16.1,37.7,280.8
21,28,6,70,0,2,3,2,1,3,0,1,36.800000000000004,50.4,15.3,128.0
29,13,52,9,2,2,0,3,2,2,3,0,53.2,24.400000000000002,90.60000000000001,20.7
6,18,38,32,1,2,2,2,1,3,3,3,11.3,32.4,68.4,57.6
35,5,51,55,2,1,0,1,3,3,0,1,63.0,7.5,91.8,99.5
19,44,200,19,1,0,1,0,3,2,1,2,32.7,77.2,360.5,32.2
125,3,69,32,3,0,0,3,2,0,2,3,227.5,5.4,122.2,59.1
58,131,61,116,1,1,0,3,2,1,0,1,103.9,236.3,109.8,212.3
29,35,54,149,0,0,1,2,3,0,0,0,49.2,63.0,98.7,271.2
46,62,4,38,2,3,1,0,1,0,0,3,84.8,116.10000000000001,8.7,65.4
16,157,113,178,0,2,0,2,3,2,0,0,25.8,283.6,203.4,323.40000000000003
4,56,4,5,0,2,0,1,3,0,2,2,4.2,103.8,5.2,8.5
44,42,14,68,1,3,1,1,0,3,3,3,80.7,77.10000000000001,23.7,120.9
109,54,10,69,0,2,1,3,0,3,2,2,196.20000000000002,97.2,17.5,126.69999999999999
2,16,145,196,2,0,2,3,2,2,0,2,4.6,26.8,264.0,355.3
39,56,39,45,2,0,2,3,0,2,3,2,73.2,98.8,70.2,83.5
29,71,49,23,1,3,3,1,0,1,3,3,53.7,131.3,89.7,39.9
15,72,15,21,3,0,1,2,1,3,2,1,30.5,126.6,26.5,39.800000000000004
49,62,62,57,0,1,1,2,3,2,2,2,85.2,111.10000000000001,111.10000000000001,103.60000000000001
70,94,27,10,2,0,3,3,3,3,3,3,126.0,166.20000000000002,50.1,19.5
27,21,177,65,3,2,2,2,1,1,2,3,52.1,39.800000000000004,319.6,117.0
179,35,62,105,2,2,0,3,1,3,3,1,324.2,63.0,108.60000000000001,192.5
61,25,89,16,3,3,0,1,1,3,2,0,113.3,46.5,158.20000000000002,30.3
91,19,53,103,3,2,1,1,0,2,3,2,168.3,35.2,93.9,184.9
59,29,69,44,1,1,1,0,2,3,3,3,105.7,50.7,122.7,76.2
120,4,70,139,0,1,2,1,1,0,0,0,215.0,8.7,129.0,251.70000000000002
197,185,158,43,1,2,0,3,3,0,0,1,353.1,336.0,284.40000000000003,80.9
195,91,18,65,2,2,2,0,1,1,2,0,353.0,165.8,33.4,117.0
35,56,160,64,2,0,1,3,0,3,2,1,66.0,97.8,287.5,118.7
15,13,38,5,1,2,0,1,0,0,1,3,28.5,26.400000000000002,67.4,7.5
27,40,197,22,1,3,1,2,3,0,0,2,47.1,76.5,356.1,40.6
68,92,60,36,2,3,2,3,0,1,1,0,125.4,169.1,110.0,69.3
1,57,63,165,3,1,0,0,3,3,0,1,3.3,101.10000000000001,113.4,296.0
16,27,183,31,0,3,1,3,0,2,3,1,28.8,51.1,327.90000000000003,59.300000000000004
101,1,68,44,2,2,1,3,1,0,1,3,183.8,4.8,122.9,80.7
8,55,65,6,3,1,3,2,1,3,2,1,17.9,97.5,119.5,12.8
169,54,0,13,2,1,1,3,3,0,2,2,304.2,98.7,0.0,25.900000000000002
37,24,33,53,1,1,1,3,1,2,0,1,67.10000000000001,42.7,60.9,98.9
6,43,31,170,0,3,0,0,2,1,1,2,8.8,80.9,54.800000000000004,304.0
54,37,30,4,3,2,2,3,3,2,0,1,98.7,67.60000000000001,57.0,10.7
34,5,63,40,0,1,2,0,1,1,3,3,60.2,9.5,113.4,69.0
134,27,29,63,1,1,1,0,1,1,0,1,241.70000000000002,49.1,53.7,112.4
30,61,29,43,3,1,1,3,1,0,3,3,57.5,111.3,50.7,78.9
18,38,11,157,1,0,0,2,3,1,2,2,30.9,67.4,17.8,283.6
15,29,27,14,2,2,3,2,0,1,2,0,30.0,54.2,51.1,28.2
10,59,21,17,0,0,0,0,0,2,0,0,18.0,104.2,37.800000000000004,30.6
49,35,30,56,1,3,2,2,1,3,0,0,88.7,64.5,57.0,103.8
24,70,47,6,0,3,2,0,3,0,3,2,40.2,130.5,84.60000000000001,8.8
57,21,140,62,3,0,0,1,3,2,2,0,104.10000000000001,35.800000000000004,250.0,113.10000000000001
50,130,160,17,1,3,0,1,2,0,3,3,89.5,238.5,285.0,29.1
27,67,6,123,1,1,3,0,2,3,2,3,48.1,119.10000000000001,13.3,218.4
153,191,33,30,3,2,0,2,2,3,1,1,277.90000000000003,343.8,58.4,56.0
7,68,50,66,1,0,0,0,1,3,0,0,13.1,119.4,90.0,118.8
38,22,31,127,2,3,0,0,0,1,3,3,71.4,43.1,52.800000000000004,225.6
42,49,53,21,3,1,2,2,3,3,1,0,77.10000000000001,86.7,97.4,40.800000000000004
61,140,154,35,3,2,0,0,1,3,2,0,113.3,252.0,275.2,63.0
63,155,31,20,3,2,2,3,2,2,2,3,115.9,280.0,56.800000000000004,37.5
56,42,37,144,0,0,0,1,0,1,3,1,100.8,74.60000000000001,63.60000000000001,259.7
43,149,37,11,1,3,2,1,2,3,0,1,76.9,269.7,69.60000000000001,20.3
108,57,69,33,3,0,0,3,2,2,2,0,196.9,100.60000000000001,122.2,63.9
198,71,132,32,0,1,1,1,2,1,2,0,354.40000000000003,128.3,237.1,59.1
4,31,184,18,3,0,2,0,0,1,1,0,11.7,54.800000000000004,333.2,32.4
55,48,69,63,1,3,1,3,0,2,3,3,100.5,88.9,122.7,114.9
6,33,28,21,3,0,1,1,2,0,2,2,13.3,59.4,49.9,37.300000000000004
39,63,47,67,1,2,3,0,2,1,3,1,69.7,115.4,86.10000000000001,119.60000000000001
58,22,44,36,2,0,2,3,3,1,1,1,104.4,38.6,81.2,68.3
70,9,8,67,2,3,3,0,0,3,0,2,129.0,17.7,18.9,118.60000000000001
31,105,75,15,2,0,2,0,2,1,3,2,56.800000000000004,188.0,135.0,25.0
199,70,31,70,1,1,3,0,1,3,2,2,358.7,124.5,58.300000000000004,124.0
2,68,24,140,1,2,0,2,1,2,0,3,4.1,123.4,43.2,252.0
60,6,29,12,2,0,1,1,2,0,3,1,109.0,10.8,50.7,22.1
65,194,97,43,1,3,1,2,2,3,1,0,116.5,350.7,175.1,80.4
49,44,141,127,2,2,2,2,1,2,3,1,90.2,80.2,253.8,230.6
68,33,68,18,0,2,0,0,1,0,3,2,121.4,62.4,119.4,30.4
166,130,19,9,2,2,0,0,1,1,2,2,300.8,236.0,32.2,14.2
17,120,1,44,0,1,2,0,0,2,2,0,30.6,215.5,2.8,79.2
174,145,59,21,0,0,3,0,3,3,3,1,310.2,258.0,107.7,36.800000000000004
200,69,69,16,3,2,2,0,1,3,3,0,363.5,124.2,124.2,28.8
54,26,190,68,3,2,1,2,1,0,0,3,100.7,49.800000000000004,343.5,122.4
85,61,29,19,0,0,2,0,2,3,0,1,151.0,106.8,55.2,33.2
16,61,57,51,0,1,2,0,1,1,1,0,27.8,110.3,104.60000000000001,91.8
52,63,48,7,2,0,3,1,0,0,2,3,96.60000000000001,113.4,88.9,11.1
113,23,197,36,0,0,0,1,1,1,2,0,202.4,40.4,352.6,66.3
54,198,167,54,0,1,1,3,2,1,1,0,95.2,356.90000000000003,301.1,101.7
25,24,17,182,2,1,1,1,0,0,1,2,48.0,44.7,31.1,327.1
62,35,87,52,0,2,0,3,3,1,2,3,108.60000000000001,65.0,154.6,95.10000000000001
19,112,152,170,1,0,1,0,1,1,1,2,34.7,200.6,274.1,304.0
104,154,49,86,0,2,2,0,1,0,3,0,186.20000000000002,280.2,88.2,154.8
7,58,62,34,3,2,1,3,0,0,0,3,17.1,107.4,113.10000000000001,62.7
68,115,122,90,2,2,1,1,2,3,2,1,123.4,207.0,219.1,162.5
39,3,66,61,1,1,3,0,0,1,0,3,71.7,5.9,123.3,106.8
17,18,22,52,2,3,1,2,3,0,0,3,30.6,36.9,41.1,93.60000000000001
58,49,64,69,2,3,3,2,0,3,0,2,107.4,89.7,119.7,125.2
195,58,10,155,3,3,3,3,3,0,0,2,352.5,108.9,22.5,281.5
96,155,98,3,3,0,2,1,2,1,3,3,175.3,278.0,176.4,3.9000000000000004
43,49,44,99,1,1,0,1,2,2,0,0,76.9,87.7,79.2,179.70000000000002
106,0,25,14,3,3,1,3,1,1,3,0,194.3,0.0,43.5,29.7
9,54,28,4,2,1,3,3,1,0,3,0,18.2,98.7,51.9,11.7
20,134,20,181,3,2,0,3,3,0,0,0,37.5,244.20000000000002,36.0,330.3
152,13,26,44,1,3,0,1,3,1,1,2,272.1,26.900000000000002,45.800000000000004,78.7
40,26,58,66,3,3,2,3,0,1,2,1,76.5,50.300000000000004,105.4,122.3
44,28,18,0,3,1,2,1,0,3,1,0,83.7,48.9,34.4,0.0
21,137,39,62,3,0,1,2,1,0,1,0,41.300000000000004,246.6,70.7,114.60000000000001
37,171,67,37,2,2,0,0,1,1,1,2,68.60000000000001,309.8,119.60000000000001,64.60000000000001
46,3,65,191,1,3,2,1,0,0,2,1,84.3,9.9,118.0,344.3
47,56,9,34,0,0,1,1,0,3,2,2,84.60000000000001,97.8,15.7,60.7
24,118,39,66,1,0,0,0,0,3,2,1,44.7,209.4,68.2,117.8
122,68,41,23,3,2,3,0,1,3,1,2,223.1,122.4,77.3,39.4
102,67,157,9,1,3,0,3,3,2,2,1,182.1,123.10000000000001,280.6,19.7
21,93,70,44,0,2,3,1,0,3,0,2,37.800000000000004,167.4,130.5,78.7
25,121,61,29,3,3,2,2,2,1,2,1,47.5,221.3,110.8,54.2
48,23,20,41,1,0,2,3,0,1,3,2,87.9,40.4,36.0,76.3
28,155,51,9,0,0,1,0,1,2,2,2,49.4,277.0,91.3,14.2
13,20,23,63,1,2,0,0,3,0,0,3,21.900000000000002,39.0,41.4,110.4
137,13,46,42,3,1,3,0,2,3,2,1,249.1,21.900000000000002,85.3,74.60000000000001
42,124,59,70,0,3,0,3,0,1,2,3,75.60000000000001,226.70000000000002,104.2,127.5
58,48,6,31,2,0,1,2,3,1,3,0,104.4,85.4,9.3,58.800000000000004
24,9,43,91,2,2,0,1,3,2,1,0,43.2,17.2,76.4,165.3
144,20,91,68,0,0,3,3,2,1,1,3,257.2,35.0,167.3,123.9
2,47,67,21,1,3,1,2,1,0,1,2,4.1,89.10000000000001,121.10000000000001,38.800000000000004
64,114,51,42,0,3,2,1,2,1,0,3,113.2,208.70000000000002,94.8,74.10000000000001
68,190,42,37,3,3,1,3,0,1,0,2,126.9,345.5,77.10000000000001,69.10000000000001
20,65,6,63,0,3,1,1,1,2,1,0,35.0,119.5,11.3,114.9
125,40,52,62,0,3,0,0,3,1,2,0,222.0,75.5,91.60000000000001,111.60000000000001
118,51,146,66,2,2,3,0,0,3,3,3,215.4,91.8,264.3,115.8
42,10,48,42,1,2,1,1,0,3,2,3,77.10000000000001,18.0,85.9,74.10000000000001
39,30,7,60,3,0,1,2,1,0,1,2,73.7,54.0,13.1,109.0
36,12,125,36,0,0,2,1,3,0,0,1,61.8,21.6,228.0,65.3
151,80,145,7,1,1,2,2,1,2,3,2,272.3,143.5,261.0,13.6
10,90,51,28,3,0,3,3,2,2,0,0,20.5,160.0,96.3,54.9
54,64,51,7,1,0,3,3,2,0,2,1,96.7,115.2,94.3,16.1
114,61,160,125,1,0,2,2,2,1,1,0,204.70000000000002,108.8,290.0,228.0
67,55,169,54,1,2,0,1,0,1,3,2,122.10000000000001,101.0,301.2,96.7
40,177,47,36,3,1,0,2,3,2,3,0,73.5,318.1,81.60000000000001,67.8
45,25,4,64,2,1,0,0,1,3,2,1,83.0,43.5,5.2,114.2
64,25,19,36,1,0,3,0,3,2,3,0,113.7,43.0,35.7,64.8
32,58,25,0,1,0,2,0,1,3,1,2,58.1,101.4,47.0,0.0
52,117,27,164,3,3,1,1,3,0,2,1,95.10000000000001,215.1,48.1,295.7
39,33,85,36,3,0,0,3,0,1,3,1,74.7,58.4,150.0,68.3
38,30,136,26,0,1,2,2,0,0,1,0,68.4,55.5,246.8,49.800000000000004
61,53,23,25,2,2,3,1,0,0,3,1,112.8,98.4,42.9,45.5
10,64,39,17,3,3,0,3,0,0,3,0,22.5,119.7,67.2,35.1
100,27,91,124,1,3,0,1,1,3,2,3,180.5,50.1,161.8,221.70000000000002
43,63,17,3,2,2,2,3,2,2,3,3,78.4,114.4,30.6,6.9
119,20,99,23,0,0,1,1,3,3,0,2,211.20000000000002,33.0,179.70000000000002,40.9
68,46,22,36,2,1,3,2,3,0,1,1,122.4,84.3,43.1,66.8
61,0,28,44,0,1,1,0,3,0,1,2,106.8,0.0,50.9,77.2
47,192,199,30,1,1,0,0,3,2,3,3,83.10000000000001,345.1,355.2,51.0
19,17,44,25,3,0,1,1,3,0,2,1,35.7,30.6,78.7,45.5
8,35,5,38,1,0,2,1,1,3,3,3,14.9,60.0,9.0,66.9
64,142,21,175,1,0,2,1,2,3,0,3,114.7,252.6,40.800000000000004,313.5
0,35,1,46,3,1,2,2,2,3,3,1,0.0,61.5,1.7999999999999998,84.8
69,31,2,41,1,1,1,0,1,1,0,3,124.7,56.300000000000004,5.1,70.8
60,10,61,45,0,1,0,3,1,2,3,3,107.0,17.5,106.8,82.5
29,52,33,40,1,3,1,1,2,3,3,0,51.7,95.10000000000001,57.9,73.5
21,1,3,27,2,3,0,0,3,1,2,0,37.800000000000004,5.3,3.4000000000000004,48.6
173,27,192,56,1,2,1,1,0,0,0,2,312.90000000000003,51.6,347.1,100.3
195,163,21,40,1,2,2,3,2,1,3,3,350.5,295.40000000000003,37.800000000000004,73.5
29,1,42,0,3,1,2,1,2,3,2,3,54.7,0.2999999999999998,76.60000000000001,0.0
11,104,24,70,2,3,3,2,1,0,2,0,21.8,191.70000000000002,45.7,129.0
48,36,68,10,3,2,1,2,3,2,2,3,87.9,65.8,121.9,18.0
39,36,39,59,2,3,0,3,1,1,1,1,72.2,68.3,69.2,109.7
122,145,34,44,0,0,0,2,2,3,2,0,217.6,258.0,59.2,82.2
33,17,43,44,0,3,1,0,1,0,3,3,58.4,35.1,75.9,76.2
114,60,29,43,1,3,1,2,0,0,0,2,206.70000000000002,112.5,53.7,78.4
39,15,55,69,1,2,0,2,2,0,0,0,69.7,30.0,99.0,127.2
26,56,63,98,0,0,3,1,2,1,3,2,44.800000000000004,99.8,114.9,175.9
44,5,141,25,3,3,1,1,0,1,3,2,83.7,12.5,252.3,44.5
2,19,42,91,0,0,3,2,2,1,2,3,1.6,33.2,78.10000000000001,163.8
22,49,6,9,2,2,2,0,1,1,3,0,41.6,90.2,10.8,16.2
53,90,59,5,3,2,0,0,1,0,3,3,98.9,165.0,103.2,6.0
52,182,41,57,0,3,0,0,2,1,1,0,91.60000000000001,331.1,72.8,102.60000000000001
19,39,69,28,0,0,1,2,3,3,3,2,31.200000000000003,67.2,122.7,51.4
46,42,49,9,1,3,1,0,1,0,1,2,83.3,80.10000000000001,88.7,14.2
28,37,43,9,2,2,0,2,2,1,2,1,51.4,68.60000000000001,75.4,18.2
28,30,56,180,3,1,0,0,3,3,1,3,51.9,52.5,99.8,321.0
175,13,45,133,2,2,2,1,3,1,2,0,315.0,25.400000000000002,82.0,240.9
20,76,197,43,1,1,3,0,3,0,1,0,34.5,138.3,358.1,77.4
60,40,70,29,2,1,2,3,2,3,3,2,109.0,70.5,126.0,54.7
55,124,40,14,2,2,1,0,1,1,3,2,101.0,225.20000000000002,70.5,23.2
31,6,24,8,3,1,1,0,3,1,2,1,57.300000000000004,11.3,42.7,13.4
50,58,66,24,2,0,1,0,1,1,0,0,92.0,103.4,120.3,43.2
10,2,58,31,3,2,1,0,0,0,3,1,22.5,6.6,102.9,54.800000000000004
5,37,53,43,3,3,2,3,1,0,3,3,12.5,71.10000000000001,95.4,78.9
29,48,145,4,1,2,2,0,1,1,2,1,52.7,88.4,262.0,6.2
43,39,67,62,0,0,2,3,0,1,3,3,77.4,69.2,120.60000000000001,113.10000000000001
44,59,37,26,3,1,3,2,2,1,0,1,81.7,106.7,71.10000000000001,48.800000000000004
35,52,3,159,1,2,0,3,0,1,1,1,64.5,95.60000000000001,4.4,289.7
43,48,51,26,3,0,3,3,0,3,2,3,81.9,83.4,94.3,48.300000000000004
20,64,63,69,1,3,0,1,0,3,1,2,37.5,116.7,112.4,123.7
68,78,11,61,3,3,1,2,1,2,1,2,125.9,142.9,20.3,110.8
22,64,6,66,2,2,3,0,1,0,2,3,41.6,118.2,13.3,115.8
68,2,24,60,2,3,0,2,3,1,1,1,122.4,7.1,42.2,110.0
26,145,63,0,0,3,2,0,1,0,3,2,45.800000000000004,265.5,113.4,0.0
50,32,185,141,3,2,1,2,1,2,2,3,93.5,58.6,332.5,253.8
47,147,15,24,3,1,1,3,3,2,0,2,86.10000000000001,264.1,28.5,45.7
10,32,150,54,3,2,2,3,3,3,0,1,19.5,57.6,273.0,100.7
123,11,20,61,0,1,2,1,2,3,2,0,219.4,18.3,37.0,111.3
24,35,48,67,1,2,3,3,3,1,3,2,41.7,65.0,87.9,123.10000000000001
49,35,58,23,0,2,2,1,3,0,0,1,85.2,66.0,107.4,41.9
58,37,11,46,3,1,1,1,0,3,1,1,108.9,65.10000000000001,20.3,83.3
43,24,25,4,2,0,1,1,0,3,3,2,80.4,40.2,43.5,6.699999999999999
92,60,54,70,3,0,1,0,3,3,1,2,167.1,105.0,97.7,124.0
46,29,131,49,2,0,3,2,3,0,3,2,82.8,52.2,237.3,89.2
42,39,19,99,2,1,0,2,2,0,3,3,76.60000000000001,71.7,31.200000000000003,178.20000000000002
142,50,176,50,2,2,3,3,2,0,1,1,256.6,93.0,320.3,93.5
66,9,58,44,3,2,0,2,2,1,0,2,121.3,18.2,104.4,80.2
35,55,56,4,0,1,3,3,1,2,3,2,62.0,98.5,102.3,9.7
6,178,30,44,1,2,1,0,0,1,1,1,12.3,322.40000000000003,54.5,78.2
58,18,9,32,1,0,1,3,2,3,3,1,103.9,29.4,14.7,61.1
29,142,96,49,0,1,1,3,1,3,2,2,51.2,254.10000000000002,172.3,90.7
1,37,61,55,1,3,0,3,3,3,3,3,0.2999999999999998,68.10000000000001,106.8,100.5
8,67,126,29,0,3,2,3,0,1,1,0,14.4,124.10000000000001,228.8,56.7
21,38,49,18,2,3,0,1,3,3,0,0,37.800000000000004,69.9,88.2,33.9
58,162,13,45,3,1,2,2,2,3,0,2,106.9,290.1,26.400000000000002,82.0
16,44,8,52,1,1,3,1,3,2,3,2,27.3,78.7,15.899999999999999,93.10000000000001
5,11,48,152,3,1,2,1,0,3,0,0,13.5,18.3,89.4,275.1
69,36,65,47,0,2,0,0,2,0,1,2,122.2,67.8,116.0,82.60000000000001
13,62,68,7,2,2,3,3,2,0,1,0,24.400000000000002,114.60000000000001,125.9,17.1
9,38,3,42,0,0,3,1,3,2,3,3,13.2,66.4,6.9,74.10000000000001
56,67,19,10,3,0,2,3,2,3,2,1,103.3,117.60000000000001,35.2,21.5
67,33,125,2,3,2,0,1,2,3,0,3,123.10000000000001,59.4,225.0,2.0999999999999996
37,23,185,66,0,3,1,0,0,0,2,2,66.60000000000001,45.9,332.5,116.8
4,70,4,38,3,3,1,2,0,1,3,3,11.7,129.5,5.699999999999999,68.4
51,60,37,28,3,0,2,0,0,3,0,1,96.3,105.0,69.60000000000001,49.4
132,74,56,119,3,3,1,3,0,3,1,1,242.1,134.70000000000002,101.3,217.70000000000002
13,63,149,52,1,2,2,1,0,0,0,1,24.900000000000002,116.4,271.2,94.10000000000001
9,58,42,14,1,1,0,3,2,1,2,0,15.7,104.9,73.60000000000001,29.7
68,10,66,49,3,1,2,3,3,1,1,1,123.9,18.5,120.8,91.7
26,29,1,6,1,3,2,0,3,3,3,2,45.300000000000004,53.7,1.7999999999999998,8.8
31,51,31,37,2,1,3,2,0,3,2,3,58.800000000000004,90.3,58.300000000000004,66.60000000000001
24,131,54,98,1,1,3,2,2,3,0,3,42.7,234.3,101.7,176.4
64,11,32,40,3,2,2,2,0,2,2,1,119.7,20.8,58.6,74.0
155,13,1,63,0,0,3,1,3,2,1,3,276.0,21.400000000000002,5.3,111.9
47,43,68,34,3,2,2,2,3,2,1,1,86.10000000000001,78.4,124.4,63.2
57,31,60,50,2,2,3,2,2,1,0,1,103.60000000000001,57.800000000000004,112.5,92.0
31,188,65,14,3,0,0,0,1,1,1,0,59.300000000000004,337.40000000000003,116.0,25.2
68,139,84,118,1,1,1,2,2,0,0,1,121.9,251.70000000000002,152.70000000000002,214.4
1,22,153,9,1,2,1,1,0,1,0,0,3.3,41.6,276.90000000000003,17.7
40,2,42,33,1,0,1,0,1,2,3,1,72.5,1.6,74.10000000000001,58.4
70,142,16,151,3,2,1,1,3,3,3,3,127.5,255.60000000000002,27.3,270.3
63,19,49,63,2,2,2,2,2,3,0,2,114.4,34.2,91.2,114.4
190,64,61,59,0,3,2,1,1,2,1,0,341.0,117.7,111.8,107.7
124,13,43,182,3,3,0,1,2,2,1,3,225.70000000000002,25.900000000000002,76.4,326.1
55,63,15,47,0,1,2,1,3,1,2,2,96.0,113.9,28.0,84.10000000000001
185,52,54,13,3,3,1,1,0,2,2,3,337.5,96.10000000000001,96.7,21.900000000000002
28,23,22,44,2,1,2,1,0,3,1,3,53.4,39.9,41.6,77.7
19,177,13,125,2,3,2,3,3,2,2,2,34.2,321.1,24.400000000000002,227.5
49,16,17,13,1,2,2,3,2,3,3,3,87.7,28.8,30.6,24.900000000000002
63,198,75,58,0,2,0,0,2,3,2,1,111.4,356.40000000000003,133.0,103.4
54,35,75,24,2,0,3,3,1,3,0,0,99.2,60.0,139.5,47.7
43,0,35,27,1,3,2,2,0,1,0,2,78.9,0.0,66.0,49.6
37,74,63,117,1,3,3,3,0,1,2,2,68.10000000000001,136.70000000000002,115.9,213.1
64,106,15,34,3,3,3,0,3,1,0,1,116.7,194.3,31.5,60.2
6,55,57,1,3,1,0,0,0,2,3,3,15.3,98.5,99.60000000000001,0.0
192,26,52,37,0,0,0,1,0,1,2,3,345.6,45.800000000000004,91.60000000000001,65.10000000000001
76,129,70,21,1,2,3,2,3,0,1,2,135.3,235.20000000000002,129.5,38.800000000000004
151,70,185,30,1,3,2,2,0,1,0,2,273.3,129.5,336.0,55.0
34,13,199,177,1,0,0,3,0,1,2,0,62.7,22.400000000000002,356.2,323.1
54,77,0,21,1,1,1,2,2,3,0,1,96.7,137.1,0.0,39.800000000000004
32,60,4,36,2,1,2,1,3,3,1,0,57.6,106.5,9.2,66.3
51,24,19,6,0,0,2,3,0,1,1,1,91.8,42.2,36.2,14.3
181,30,189,76,1,3,2,2,3,1,3,0,324.3,57.5,340.2,139.8
51,41,47,66,1,0,0,2,3,2,3,2,90.3,71.8,81.60000000000001,119.8
82,16,69,8,2,2,1,3,1,1,2,2,149.6,30.8,123.7,16.9
10,63,62,59,2,1,1,0,0,0,2,2,21.0,114.9,111.10000000000001,104.2
7,118,40,76,2,3,2,3,1,1,1,1,14.6,215.9,74.0,140.3
64,69,49,21,3,3,2,0,0,1,1,0,119.7,127.69999999999999,90.2,37.800000000000004
16,46,57,167,2,2,2,2,1,2,3,2,30.8,83.8,102.60000000000001,301.6
10,196,52,99,3,2,3,3,3,3,3,2,19.5,352.8,95.10000000000001,180.70000000000002
59,49,55,50,2,2,1,2,2,1,1,0,107.2,90.2,99.5,93.0
37,63,157,36,0,2,0,3,2,0,2,3,64.60000000000001,116.4,280.6,66.3
33,21,53,42,0,0,2,1,3,3,2,3,56.4,34.800000000000004,96.4,74.10000000000001
181,20,109,42,2,1,1,3,3,1,1,0,325.8,36.5,196.70000000000002,80.10000000000001
6,40,17,33,2,1,1,2,1,2,2,3,12.8,71.5,30.1,59.4
33,14,42,26,2,3,3,0,2,2,3,1,60.4,27.7,77.10000000000001,45.800000000000004
17,123,50,59,3,0,0,0,2,2,3,1,33.1,219.4,87.0,105.2
192,11,30,41,2,2,0,1,1,2,3,3,347.6,20.8,51.0,72.3
27,16,20,16,0,3,0,2,0,2,2,1,48.6,31.299999999999997,34.0,30.8
42,42,10,157,2,3,0,3,3,2,2,2,75.60000000000001,78.10000000000001,16.0,285.1
200,27,199,32,0,3,0,0,3,1,3,0,357.0,52.1,355.2,57.6
50,1,39,35,3,2,3,3,0,0,3,2,94.5,4.8,71.7,65.5
191,1,144,25,2,1,2,3,3,0,0,2,343.8,3.3,262.2,47.5
41,19,122,115,3,2,3,2,3,1,1,0,75.3,36.2,223.1,210.0
22,50,53,98,3,2,3,1,1,3,2,1,43.1,90.0,97.9,176.9
47,63,26,25,1,1,0,3,0,1,2,0,86.10000000000001,113.9,44.800000000000004,49.5
77,129,45,68,1,1,0,1,0,3,0,1,140.1,230.70000000000002,81.0,122.9
32,8,51,50,0,2,2,1,2,2,3,3,55.6,15.399999999999999,91.8,88.5
77,32,43,37,3,0,3,2,1,1,1,0,142.1,56.6,80.9,69.60000000000001
15,26,57,62,0,0,1,1,2,2,2,0,25.0,44.800000000000004,102.10000000000001,113.10000000000001
15,12,48,44,3,1,2,0,0,3,3,0,31.5,20.1,86.4,79.2
15,50,8,21,1,1,0,3,1,1,1,3,27.5,90.5,13.4,39.300000000000004
76,12,40,5,1,0,3,1,0,1,2,3,138.3,20.6,74.5,7.5
98,28,12,50,1,2,0,0,2,0,1,2,175.9,53.4,20.6,88.0
83,34,50,0,1,3,3,0,3,3,2,1,147.9,62.7,92.5,0.0
51,30,134,26,1,3,1,0,0,0,3,1,93.3,58.5,239.70000000000002,45.800000000000004
187,15,0,31,3,3,1,3,2,2,3,1,339.1,29.5,0.0,59.300000000000004
29,1,105,3,1,1,3,1,2,3,3,1,51.7,0.2999999999999998,190.5,5.9
26,67,67,108,3,1,1,1,1,0,3,0,50.300000000000004,122.10000000000001,119.10000000000001,195.9
17,49,44,19,3,3,3,1,3,0,3,0,32.1,92.7,80.7,35.7
23,66,70,11,0,1,3,1,2,2,2,0,39.4,118.3,128.5,21.3
178,8,6,39,0,2,0,3,1,0,3,1,319.40000000000003,17.4,7.800000000000001,73.7
42,28,49,171,1,3,3,0,2,0,1,3,75.10000000000001,54.9,91.7,304.8
61,127,48,9,2,3,2,0,3,3,3,2,109.8,230.1,86.4,14.2
28,182,1,53,2,1,3,2,0,2,3,2,53.4,327.1,3.3,96.4
30,13,38,62,2,2,0,1,3,0,2,0,54.0,26.400000000000002,66.4,113.10000000000001
62,141,32,46,1,1,3,0,0,2,2,0,113.10000000000001,253.3,60.1,82.8
62,25,40,184,0,0,3,0,3,2,3,0,108.60000000000001,43.0,73.5,331.2
53,22,2,31,1,0,1,2,2,2,0,0,94.9,37.6,5.1,58.800000000000004
19,61,20,66,3,3,3,0,3,0,2,1,35.7,114.3,38.5,117.8
45,49,145,24,1,1,3,0,2,1,2,0,80.5,88.7,263.5,43.2
40,53,82,122,3,0,1,1,0,0,1,0,76.5,95.4,148.1,221.1
64,33,61,2,1,1,1,2,0,1,0,3,116.7,59.9,111.3,3.5999999999999996
86,59,14,9,2,2,3,3,0,0,0,1,157.8,109.2,29.7,19.7
193,56,45,8,2,3,2,2,2,1,3,2,348.40000000000003,104.3,81.0,15.399999999999999
5,80,49,138,2,2,3,1,0,3,3,1,12.0,144.0,89.7,248.9
2,57,91,46,3,1,2,2,3,3,0,2,5.1,101.10000000000001,166.8,83.8
54,66,1,40,0,2,2,0,0,1,2,2,97.2,120.8,2.8,70.0
98,66,51,56,2,3,0,2,2,1,3,3,177.4,122.3,88.8,100.8
129,23,9,34,2,3,1,1,2,2,1,2,233.20000000000002,43.9,16.7,60.7
14,58,38,13,0,0,3,0,2,0,0,2,23.2,104.4,72.9,21.400000000000002
58,10,30,11,0,2,1,0,2,1,1,1,102.4,20.0,54.5,18.8
42,50,4,66,1,3,1,1,3,1,0,1,74.10000000000001,93.5,8.7,119.3
62,2,23,131,2,3,2,3,0,1,1,3,114.60000000000001,7.1,43.4,237.3
67,17,168,39,1,1,2,0,3,3,0,2,119.10000000000001,29.1,305.40000000000003,68.2
184,62,37,26,2,0,1,3,2,2,2,1,332.2,109.60000000000001,66.10000000000001,50.300000000000004
4,196,18,9,0,2,1,2,2,2,1,3,5.2,353.8,32.9,16.2
54,19,14,52,2,3,3,0,1,2,3,1,99.2,36.7,26.7,92.60000000000001
67,42,6,101,0,2,3,1,2,0,1,0,118.60000000000001,78.60000000000001,14.3,183.3
52,65,148,5,3,2,2,1,1,1,1,3,97.10000000000001,119.0,268.40000000000003,7.5
57,63,79,25,1,0,0,1,3,3,3,3,101.10000000000001,110.4,139.20000000000002,43.5
42,41,67,56,3,0,2,2,3,3,2,0,77.10000000000001,70.8,121.60000000000001,103.8
18,84,29,42,1,3,0,3,0,2,0,3,33.9,153.70000000000002,52.2,77.10000000000001
179,51,48,21,0,1,2,0,2,2,0,2,320.2,91.3,89.4,35.800000000000004
9,28,47,34,3,2,1,1,2,3,3,1,18.7,50.4,83.10000000000001,61.7
26,49,160,26,1,3,3,1,1,2,1,2,47.300000000000004,90.7,291.5,46.300000000000004
104,38,59,24,3,0,3,3,0,3,2,1,191.70000000000002,65.4,108.7,46.7
27,62,136,20,2,3,1,0,3,3,3,0,48.6,113.10000000000001,243.3,36.0
7,50,111,11,2,0,1,0,0,3,3,2,15.6,87.0,198.3,17.8
198,138,12,0,1,3,3,2,3,3,0,2,354.90000000000003,249.9,26.1,0.0
25,87,70,36,3,2,1,3,1,2,3,3,48.5,157.6,124.5,66.3
45,14,8,31,0,2,3,1,1,0,2,3,80.0,28.2,16.9,54.300000000000004
177,55,48,1,3,0,0,0,1,3,0,0,322.1,96.0,86.4,1.8
0,21,50,118,0,2,1,2,3,2,3,2,0.0,38.800000000000004,88.5,213.4
52,6,45,68,2,0,2,1,0,2,1,3,96.60000000000001,8.8,83.0,120.9
16,70,61,55,3,0,0,0,3,2,3,0,30.299999999999997,124.0,106.8,99.0
14,64,27,39,2,0,3,2,1,0,0,2,27.2,115.2,53.1,71.2
66,103,78,60,0,2,3,0,1,3,2,2,117.8,185.4,142.9,106.0
34,38,14,24,3,0,0,3,0,0,1,3,65.7,68.4,24.2,44.7
28,68,18,44,1,0,2,3,1,0,2,1,50.9,122.4,33.4,82.7
18,14,15,46,3,0,2,3,2,2,0,0,34.9,23.2,30.0,87.3
33,1,24,30,2,3,3,1,0,2,2,0,62.4,4.3,45.7,55.5
89,56,24,1,2,1,0,1,0,0,1,3,163.20000000000002,102.3,42.2,0.2999999999999998
22,5,170,0,3,0,2,1,3,1,0,2,41.1,8.0,309.0,0.0
27,24,43,24,1,0,1,0,3,3,1,3,47.1,40.2,77.9,40.2
13,1,69,48,0,2,2,2,1,3,1,2,22.400000000000002,1.7999999999999998,126.2,87.4
59,186,7,6,1,2,2,0,1,2,0,2,106.7,335.8,15.6,8.8
36,21,39,131,3,0,2,1,1,2,3,0,68.3,35.800000000000004,70.2,237.3
2,39,51,63,1,2,1,3,3,1,1,3,2.0999999999999996,72.2,92.3,114.9
36,69,96,18,2,2,3,2,3,3,0,1,64.8,124.2,177.3,34.4
26,63,47,8,1,0,2,0,0,2,1,3,48.300000000000004,111.4,86.60000000000001,11.4
23,36,59,46,2,0,0,3,3,3,2,3,41.4,61.8,104.2,84.3
173,20,45,16,0,2,3,3,0,0,2,1,311.40000000000003,39.0,83.5,32.3
42,65,48,21,3,2,1,0,3,1,2,0,77.10000000000001,119.0,85.9,37.800000000000004
85,90,27,4,2,0,2,2,3,2,0,0,153.0,160.0,51.6,10.2
67,30,29,26,3,1,1,0,3,0,3,2,122.10000000000001,55.5,50.7,44.800000000000004
60,11,68,45,0,2,1,0,2,2,0,2,106.0,20.8,123.9,79.0
2,64,31,10,2,3,3,1,2,2,1,0,4.6,117.7,59.300000000000004,19.5
36,6,170,22,2,0,1,3,1,2,1,0,66.8,8.8,306.5,44.1
85,35,64,40,1,0,3,1,3,1,2,1,151.5,62.0,117.7,72.5
13,14,58,42,2,2,2,1,0,1,2,3,26.400000000000002,27.2,105.4,74.10000000000001
59,54,33,68,0,1,0,3,2,1,1,1,104.2,97.7,58.4,125.9
34,50,126,22,3,2,3,0,0,3,1,1,65.7,90.0,230.3,38.6
4,8,164,142,2,2,3,1,2,0,1,2,8.2,17.4,298.7,255.10000000000002
37,0,57,49,0,1,3,0,0,1,1,1,66.60000000000001,0.0,106.10000000000001,87.2
0,27,32,16,0,2,2,3,0,1,1,1,0.0,50.6,59.6,32.3
7,23,43,41,1,1,2,3,3,2,1,2,11.1,40.9,79.4,76.3
22,131,20,2,0,1,1,2,0,3,1,1,39.6,234.3,36.5,5.6
1,147,5,18,1,2,3,2,3,0,1,3,0.2999999999999998,267.6,12.5,32.4
1,70,35,96,3,0,3,0,3,0,2,0,3.3,126.0,65.5,172.8
57,0,21,61,2,1,2,0,0,1,0,1,105.60000000000001,0.0,40.800000000000004,108.8
57,195,38,36,2,0,1,2,2,3,2,1,103.60000000000001,348.0,67.9,66.8
69,57,41,51,2,2,2,0,0,1,3,1,127.2,104.60000000000001,73.8,90.8
39,15,58,28,2,1,3,1,0,0,1,2,73.2,28.5,107.9,49.9
54,128,59,171,0,1,0,3,2,3,0,2,95.2,228.9,106.2,310.3
4,32,12,58,0,2,3,3,2,0,0,0,5.2,60.6,26.1,108.9
125,30,48,7,1,1,3,2,2,1,0,0,224.5,54.5,90.9,15.6
191,2,149,60,0,1,3,1,0,0,2,2,343.8,5.1,270.7,107.5
58,164,42,15,0,2,1,3,2,1,0,2,102.4,297.2,77.10000000000001,29.5
40,19,12,66,0,0,1,3,1,2,3,2,71.0,32.2,20.1,121.3
153,26,43,105,3,0,3,1,3,0,1,1,276.90000000000003,46.800000000000004,80.9,189.5
57,34,8,18,2,2,3,3,2,0,0,1,103.60000000000001,64.2,18.9,35.9
30,50,9,39,2,0,0,2,0,2,0,0,57.0,88.0,16.2,73.2
55,46,147,29,0,0,1,0,1,0,2,2,98.0,82.8,264.1,50.2
28,28,32,24,0,0,0,0,3,2,3,0,47.4,48.4,54.6,43.2
53,192,49,31,0,1,1,1,2,3,2,1,93.4,344.1,87.7,56.300000000000004
159,58,32,20,2,2,1,2,1,1,1,3,288.2,106.4,58.1,36.0
36,130,4,26,2,2,0,1,1,2,2,3,66.8,235.0,5.2,45.300000000000004
49,8,62,7,2,1,3,3,0,2,0,2,91.2,13.9,116.10000000000001,15.100000000000001
194,68,9,64,1,2,2,0,1,3,1,3,349.7,122.4,18.2,112.2
27,68,95,27,3,2,1,3,1,2,1,2,52.1,123.4,171.5,51.1
66,61,21,91,2,1,0,3,1,1,0,2,120.8,110.3,37.800000000000004,166.3
113,22,29,2,1,0,1,3,0,0,3,0,204.9,39.6,50.7,8.1
15,56,70,35,1,1,2,0,0,0,3,2,28.5,102.3,126.0,61.0
65,15,34,18,3,2,2,3,0,2,0,1,121.5,28.0,64.2,35.9
103,37,14,60,2,3,0,1,3,1,0,3,185.4,70.10000000000001,25.2,106.5
151,14,49,54,0,2,2,3,1,1,3,3,270.8,27.2,88.2,98.7
39,44,65,5,2,3,1,0,1,2,1,2,72.2,81.7,117.5,7.0
53,35,27,139,3,0,0,2,3,2,0,0,96.9,61.0,48.6,253.20000000000002
111,40,56,2,1,1,2,1,3,0,3,1,198.3,73.5,100.8,4.1
1,22,64,60,2,3,0,3,0,1,0,1,4.8,43.1,115.2,111.5
11,15,16,46,2,2,0,0,3,0,1,3,19.8,30.0,27.8,79.8
69,63,10,22,2,0,1,1,3,3,3,1,124.2,110.4,16.5,40.1
27,33,119,34,3,1,0,2,1,2,0,0,52.1,58.9,214.20000000000002,64.2
82,26,13,79,0,0,3,2,3,0,2,1,144.6,46.800000000000004,25.900000000000002,144.20000000000002
13,10,37,45,2,0,3,3,1,1,1,1,25.400000000000002,17.0,70.10000000000001,84.5
115,95,20,67,3,1,3,0,3,3,3,2,208.5,169.5,37.5,118.60000000000001
181,34,16,61,1,1,0,0,1,3,3,0,326.3,59.7,25.8,109.8
52,65,196,200,0,0,1,1,2,3,3,3,91.60000000000001,114.0,351.3,358.5
45,14,14,98,1,2,2,3,3,1,1,0,79.5,27.2,27.2,180.9
19,36,68,5,2,2,2,2,3,0,3,0,34.2,67.8,122.4,12.0
52,23,14,116,3,1,3,3,1,3,1,0,97.10000000000001,39.9,28.7,213.3
113,41,51,43,3,0,1,2,1,1,1,1,206.9,72.8,92.3,79.4
43,94,36,190,2,2,1,3,2,3,0,2,78.4,169.20000000000002,66.3,344.5
146,4,11,60,3,3,3,1,2,3,0,1,265.3,8.7,24.3,108.5
51,9,51,147,0,1,3,3,3,0,2,3,88.8,17.7,94.3,266.1
82,72,25,32,2,2,0,0,2,2,2,2,148.6,130.6,43.0,55.6
50,56,24,53,0,3,2,3,2,0,1,3,88.0,105.3,45.2,96.9
18,43,21,41,2,2,0,0,3,2,0,1,32.4,78.4,37.800000000000004,72.8
49,84,98,133,1,2,2,2,1,0,3,3,88.7,154.20000000000002,176.4,239.4
42,36,49,16,2,2,1,0,1,1,3,1,77.60000000000001,66.8,86.7,27.8
31,50,136,68,2,0,1,2,3,3,3,3,55.800000000000004,87.0,243.3,122.4
26,19,194,3,2,2,3,3,3,3,2,3,46.800000000000004,34.2,351.7,6.9
2,22,48,4,1,0,1,1,1,3,0,0,4.1,36.6,87.9,8.7
3,35,28,23,2,1,3,0,3,0,0,1,5.4,64.5,54.9,40.4
31,183,145,7,1,1,3,1,3,2,3,3,54.300000000000004,328.90000000000003,262.5,11.1
58,34,44,62,0,3,2,0,0,3,0,2,104.4,62.7,82.2,109.60000000000001
110,67,38,37,2,0,1,3,3,0,2,0,198.0,120.60000000000001,67.9,71.10000000000001
9,10,70,59,1,3,1,3,1,3,2,2,16.7,19.5,125.5,108.7
135,57,18,9,2,3,1,3,0,2,3,0,246.0,105.10000000000001,30.9,20.7
136,67,31,137,0,0,3,0,1,2,3,1,243.8,118.60000000000001,57.300000000000004,245.6
61,17,70,66,3,0,3,1,2,3,2,2,112.3,27.6,128.5,118.3
20,33,4,69,0,1,3,3,2,2,2,2,34.0,58.9,9.7,126.69999999999999
145,5,49,182,0,3,1,1,1,3,1,1,260.0,10.5,88.7,328.1
24,53,69,86,2,1,1,2,2,0,1,1,44.2,96.9,124.7,156.8
149,35,177,64,3,0,2,0,1,0,0,3,271.7,63.0,321.6,112.2
24,167,43,55,2,0,2,1,1,1,2,3,45.2,299.6,78.4,97.5
132,37,98,2,2,3,2,1,3,1,1,1,237.6,70.10000000000001,178.4,4.1
18,49,34,155,0,2,1,1,1,1,1,0,31.4,90.2,61.7,280.5
64,21,75,174,2,2,0,1,2,2,2,1,116.2,38.800000000000004,133.0,313.7
145,30,17,124,0,3,0,2,3,3,3,1,258.0,55.5,27.6,225.20000000000002
199,28,67,52,3,2,0,3,1,0,1,0,361.7,53.4,119.60000000000001,98.10000000000001
36,39,59,110,1,3,1,0,0,2,2,0,66.3,72.7,105.7,198.0
116,159,62,53,1,0,1,2,3,1,3,1,207.3,285.2,110.10000000000001,97.4
151,1,21,66,0,0,1,1,2,3,2,3,269.8,0.0,37.300000000000004,117.3
49,55,21,165,0,2,0,2,0,1,2,2,88.2,101.0,35.800000000000004,298.0
52,64,61,75,2,2,1,0,2,0,0,1,94.60000000000001,118.2,111.3,134.0
6,54,43,8,3,2,2,3,3,3,2,3,12.3,97.2,78.4,15.899999999999999
40,97,26,9,3,3,1,1,2,2,3,0,74.5,177.1,45.300000000000004,17.7
92,39,44,42,1,0,2,0,3,0,2,1,164.1,70.2,80.2,74.60000000000001
32,51,128,64,1,2,0,2,1,2,0,1,58.1,92.8,230.4,117.2
44,44,95,6,3,0,1,0,3,2,0,2,80.7,77.2,172.5,8.8
11,80,52,9,0,0,0,0,3,2,2,3,16.8,142.0,91.60000000000001,13.2
43,50,17,57,2,0,0,2,3,0,0,0,77.4,90.0,30.6,105.60000000000001
8,44,57,27,0,3,3,0,2,0,2,2,12.4,83.7,105.10000000000001,46.6
5,109,12,29,3,3,2,3,1,2,2,0,12.5,198.70000000000002,22.6,56.7
8,87,192,12,2,2,1,2,2,3,2,3,15.399999999999999,156.6,345.1,21.6
32,49,34,12,1,1,2,1,0,1,3,1,59.1,88.7,61.2,22.1
7,12,2,49,1,0,0,3,2,1,0,0,12.1,20.6,3.6,92.7
69,48,70,84,2,3,1,1,2,2,1,3,125.2,88.9,126.5,149.70000000000002
27,80,4,12,2,1,2,0,3,1,1,1,48.6,144.5,9.2,20.6
155,34,5,26,0,1,2,1,2,1,1,2,277.0,61.7,11.0,46.300000000000004
11,46,16,25,3,2,1,0,3,0,3,0,21.3,85.8,27.3,45.0
68,42,61,185,3,3,2,0,3,0,2,1,123.9,80.10000000000001,110.8,332.0
23,40,11,18,3,0,2,3,1,0,3,3,44.9,72.0,19.8,33.9
60,62,39,19,1,0,0,3,3,0,0,2,106.5,111.60000000000001,70.2,36.7
43,66,26,13,2,2,1,0,0,2,3,3,80.4,119.8,45.300000000000004,20.400000000000002
20,3,9,13,1,0,1,0,0,3,2,0,37.5,2.4000000000000004,15.7,23.400000000000002
8,65,17,64,0,3,0,1,1,2,0,2,13.4,119.5,30.6,114.7
43,55,77,170,0,1,3,1,3,1,0,2,74.4,99.5,143.1,305.5
64,41,49,11,1,2,0,2,3,3,1,1,113.7,73.8,87.2,21.8
15,43,41,28,2,2,2,3,2,3,1,2,28.0,77.4,75.8,52.9
2,18,84,16,0,3,1,0,0,3,1,0,3.6,33.9,151.70000000000002,28.8
37,44,1,66,0,1,1,0,2,2,0,2,64.60000000000001,78.7,3.3,116.8
13,37,16,36,2,2,1,1,1,0,3,2,25.400000000000002,69.60000000000001,27.3,64.3
70,67,47,59,1,2,1,1,1,2,0,0,126.5,121.60000000000001,86.10000000000001,107.7
144,0,55,41,0,0,0,3,2,2,1,0,257.2,0.0,98.0,78.3
58,148,23,121,1,0,2,2,2,3,1,0,103.9,263.40000000000003,43.4,220.8
57,74,28,199,2,1,2,0,1,2,2,1,104.60000000000001,132.70000000000002,51.4,357.2
46,31,63,41,3,0,1,1,0,1,3,1,87.3,54.800000000000004,111.9,74.3
8,68,61,44,2,1,1,2,3,1,2,0,14.399999999999999,122.9,109.3,82.2
154,18,45,34,1,3,2,2,0,3,1,0,278.7,33.9,83.0,64.2
39,9,39,45,2,3,3,0,0,3,3,3,73.2,17.7,71.7,78.0
11,54,33,127,0,3,0,3,3,3,3,3,16.8,98.7,56.4,230.1
24,24,187,36,3,3,3,1,0,0,3,2,47.7,47.7,338.1,64.3
83,62,43,25,3,3,1,1,0,3,0,0,153.9,113.10000000000001,78.9,46.5
16,64,59,93,1,3,0,3,3,3,2,0,27.3,116.7,104.2,171.9
11,27,149,54,0,3,3,2,0,3,2,0,19.8,50.1,270.7,100.2
57,70,36,59,3,0,3,2,2,2,2,2,105.10000000000001,124.0,67.3,107.2
59,14,68,55,0,1,0,1,0,3,1,3,106.2,23.7,121.4,97.5
132,7,121,15,3,2,2,0,1,2,3,1,241.1,13.6,217.8,26.0
182,168,35,11,1,2,0,2,2,3,3,1,327.1,302.40000000000003,60.0,21.8
130,194,53,16,2,0,1,3,0,3,2,3,237.0,346.2,94.9,30.299999999999997
70,63,11,125,3,2,3,2,3,2,1,1,127.5,114.4,23.3,227.0
122,32,137,46,0,0,0,0,2,1,1,1,217.6,56.6,245.6,81.8
58,176,65,39,3,3,3,0,2,1,1,1,106.9,320.3,120.5,69.2
18,46,25,51,2,3,1,2,3,0,3,0,32.4,87.3,43.5,94.8
57,42,6,67,1,0,1,0,1,1,1,2,103.10000000000001,74.60000000000001,11.3,118.60000000000001
32,54,70,52,0,1,0,3,3,1,3,0,54.6,97.7,123.0,98.10000000000001
5,35,75,65,3,0,0,1,0,3,2,3,13.5,60.0,133.0,115.5
59,56,10,34,2,1,3,1,0,2,0,2,109.2,100.3,22.5,60.7
26,15,56,40,2,2,3,3,0,1,2,3,49.800000000000004,29.0,103.3,73.5
198,37,100,12,3,2,0,0,0,3,2,1,360.90000000000003,66.60000000000001,178.0,20.6
165,195,43,50,1,0,0,2,1,2,0,2,297.5,349.0,77.4,91.0
49,59,114,155,2,3,0,0,3,1,3,2,88.2,109.7,202.20000000000002,277.0
115,151,9,62,1,3,1,1,1,0,2,0,207.5,276.3,15.7,113.10000000000001
28,57,59,51,0,1,1,3,3,2,3,2,47.4,102.10000000000001,104.7,94.3
143,37,107,42,0,3,3,0,2,0,1,3,255.40000000000003,71.10000000000001,196.1,72.60000000000001
29,41,34,27,2,1,2,1,3,2,3,0,52.2,73.3,61.2,50.1
124,33,43,121,1,1,3,0,3,1,2,3,221.70000000000002,59.9,79.9,214.8
51,19,45,39,1,2,3,1,2,0,1,1,91.3,37.2,84.5,70.7
28,34,17,70,0,1,1,2,2,2,0,1,48.4,60.7,32.1,128.0
66,47,95,29,3,2,3,2,2,0,1,2,121.3,87.60000000000001,174.5,53.2
61,18,41,14,0,3,0,1,2,0,1,0,107.8,36.9,72.8,26.7
116,10,34,27,0,1,2,0,3,3,1,1,205.8,16.5,63.2,47.6
200,49,42,49,1,2,0,2,1,2,3,1,360.5,89.2,72.60000000000001,90.2
21,62,42,48,3,2,2,0,1,2,3,2,41.300000000000004,112.60000000000001,75.60000000000001,84.4
22,36,24,19,0,2,3,1,2,2,0,1,37.6,65.8,47.7,34.7
28,167,62,49,1,3,3,1,1,0,3,2,50.9,305.1,113.10000000000001,87.7
50,121,28,20,1,0,0,2,3,3,3,2,88.5,214.8,47.4,37.0
46,30,66,4,1,2,3,2,1,2,2,3,83.3,55.0,121.3,7.199999999999999
199,51,45,16,0,1,0,2,1,0,2,3,357.2,93.3,79.0,28.8
171,26,90,61,1,2,2,2,0,3,3,1,309.3,46.800000000000004,162.0,111.8
61,174,105,198,3,3,3,1,3,0,1,0,111.3,317.7,192.5,357.90000000000003
32,39,56,16,2,1,3,0,2,3,0,1,58.6,68.7,105.3,27.8
36,114,38,7,0,0,0,1,3,3,2,3,61.8,202.20000000000002,66.4,11.1
107,18,49,29,2,2,0,0,3,2,2,0,192.6,33.4,86.2,52.2
26,9,8,13,3,0,3,0,3,2,0,0,48.300000000000004,14.2,18.9,23.400000000000002
59,37,22,43,2,2,0,1,1,0,2,2,108.2,69.60000000000001,37.6,76.9
67,56,9,37,3,0,3,0,1,0,3,1,124.10000000000001,100.8,17.7,65.60000000000001
63,23,23,27,2,1,0,2,0,3,1,0,116.4,39.9,40.4,51.6
42,16,195,114,1,0,3,0,0,0,1,0,77.10000000000001,28.8,354.5,205.20000000000002
69,166,11,63,2,0,0,3,0,1,0,1,127.2,297.8,19.8,116.9
14,1,4,74,3,3,0,0,1,3,1,3,28.7,3.3,6.2,130.20000000000002
177,53,3,19,0,0,0,3,0,3,1,2,318.6,92.4,4.4,36.7
61,38,153,42,1,0,0,3,2,3,2,0,109.3,65.4,273.40000000000003,80.10000000000001
61,56,73,3,2,3,1,1,1,0,3,2,111.8,105.3,129.9,4.9
32,39,86,0,0,0,0,3,0,0,0,3,57.6,70.2,154.8,0.0
69,3,12,8,0,2,1,2,3,3,0,2,121.2,5.4,23.1,15.399999999999999
7,36,23,66,2,1,1,0,1,3,2,1,14.6,63.3,40.9,117.8
26,41,4,11,3,0,0,0,0,3,0,3,51.300000000000004,70.8,7.2,16.8
13,55,68,148,1,0,1,2,3,2,0,0,21.900000000000002,97.0,123.9,269.40000000000003
116,2,55,38,0,3,0,0,3,0,3,2,205.8,8.1,96.0,66.4
49,18,25,56,2,1,0,3,3,2,2,1,88.2,31.9,43.0,104.3
41,50,4,114,2,3,0,1,2,3,3,0,74.8,91.5,4.2,206.70000000000002
12,11,8,150,2,2,0,3,0,2,0,2,24.6,20.8,14.4,272.5
60,108,60,199,0,3,3,1,2,3,3,0,106.0,195.9,109.5,359.7
39,50,21,25,1,2,1,3,3,2,1,0,68.7,91.0,38.300000000000004,49.5
29,122,63,69,2,0,3,3,3,2,1,3,52.2,217.6,116.9,125.69999999999999
41,43,30,57,0,2,0,3,3,0,3,2,70.8,80.4,51.0,105.10000000000001
196,17,35,17,1,2,3,1,2,1,1,1,352.3,32.6,66.5,31.1
0,28,34,28,1,2,3,2,0,3,0,2,0.0,50.4,65.7,51.4
126,39,66,56,2,2,0,3,2,3,3,3,227.8,70.2,115.8,102.3
7,38,151,119,2,0,2,1,1,3,1,1,14.6,65.4,273.8,214.70000000000002
18,187,58,5,1,2,3,2,2,0,2,2,31.9,339.6,106.9,10.0
53,7,42,68,2,1,0,2,1,0,1,3,97.4,14.1,74.60000000000001,122.4
44,14,16,25,3,0,2,2,2,1,3,3,81.7,24.2,28.8,45.0
76,24,44,12,0,0,2,0,2,0,0,1,134.8,43.2,82.2,20.6
59,18,60,187,3,3,3,2,3,1,2,1,107.7,35.9,110.5,338.6
23,97,25,176,1,0,2,0,2,0,1,1,40.9,174.6,47.0,315.8
67,0,24,37,0,1,0,0,2,0,1,0,118.60000000000001,0.0,42.2,66.60000000000001
66,42,34,52,1,3,3,3,1,0,1,1,119.3,80.10000000000001,64.7,97.10000000000001
6,21,42,63,1,1,1,3,1,3,1,1,11.3,36.300000000000004,76.10000000000001,116.9
44,55,4,59,1,2,0,3,0,3,1,3,80.7,99.0,6.2,107.7
28,17,164,41,1,3,1,2,0,1,2,2,51.9,34.1,294.7,74.8
67,37,65,65,0,0,0,0,1,2,3,3,119.60000000000001,64.60000000000001,114.0,114.0
31,35,31,56,0,0,2,1,3,0,2,0,52.800000000000004,63.0,56.800000000000004,102.3
0,42,53,68,0,3,0,1,0,2,1,3,0.0,78.10000000000001,94.4,120.9
123,50,28,30,1,1,3,1,1,2,2,0,221.9,89.5,52.9,55.5
187,133,54,22,0,1,2,1,1,1,3,3,335.6,239.9,97.2,38.1
16,37,120,169,2,0,2,2,1,0,3,1,30.8,66.60000000000001,216.0,306.2
69,15,6,24,3,1,2,3,2,0,2,3,126.69999999999999,28.5,11.8,44.7
62,108,58,92,3,0,1,1,2,1,3,1,114.10000000000001,193.4,102.9,166.1
198,46,58,152,1,3,0,0,1,1,3,0,356.90000000000003,86.3,101.4,273.6
52,136,49,5,2,0,1,2,3,0,0,2,93.60000000000001,244.8,89.7,10.0
49,20,56,55,1,1,2,0,2,1,3,2,87.7,36.5,100.8,97.0
64,36,5,174,0,1,2,2,3,2,1,1,112.2,64.3,11.0,315.2
13,51,141,56,0,1,3,0,3,1,3,3,20.400000000000002,92.3,255.3,97.8
68,25,1,47,1,3,0,3,0,2,0,0,123.9,47.5,1.8,89.10000000000001
168,24,32,58,3,2,2,1,0,0,1,3,306.90000000000003,46.2,59.6,102.9
151,53,31,22,2,1,0,1,3,0,0,0,271.8,96.9,55.800000000000004,41.1
40,37,72,29,1,1,0,3,2,0,0,0,71.5,68.10000000000001,129.6,56.7
10,12,43,11,0,0,0,2,3,0,3,0,15.0,21.6,74.4,22.8
18,45,100,70,3,2,3,0,3,3,1,0,33.9,81.0,183.5,126.0
116,51,89,69,1,1,3,0,3,0,3,1,207.3,93.3,161.70000000000002,123.2
31,57,44,8,1,0,1,1,1,3,1,2,56.300000000000004,99.60000000000001,79.7,13.9
43,53,57,26,3,3,3,0,2,3,1,2,79.9,96.9,106.10000000000001,44.800000000000004
123,2,35,26,0,2,2,3,1,1,1,2,220.4,5.6,65.0,49.300000000000004
68,35,53,97,0,3,3,3,3,0,0,1,119.4,67.5,99.9,178.1
87,6,61,32,2,2,1,1,3,2,3,2,156.6,11.8,108.3,57.1
22,166,39,168,0,3,1,3,1,2,3,0,38.6,301.3,68.7,306.90000000000003
54,47,44,1,1,3,2,2,0,0,0,0,98.7,89.10000000000001,82.2,4.8
19,42,129,19,1,3,2,3,3,0,1,0,32.7,80.10000000000001,234.20000000000002,38.7
13,1,63,65,1,2,1,0,3,3,2,1,21.900000000000002,1.7999999999999998,112.9,116.0
48,65,59,39,2,0,2,0,0,1,2,2,89.4,116.0,107.2,68.2
22,4,47,187,2,3,1,0,1,0,0,2,41.6,11.7,86.10000000000001,334.6
43,39,174,47,2,3,1,1,0,0,2,3,80.4,74.7,312.7,83.10000000000001
94,13,7,57,1,3,3,1,3,3,2,3,167.70000000000002,24.900000000000002,15.100000000000001,101.10000000000001
36,61,6,22,0,0,0,3,3,2,0,0,61.8,107.8,10.8,44.1
64,18,24,6,2,2,3,3,0,2,1,0,118.2,33.4,46.7,15.3
176,39,100,51,2,1,3,1,3,3,0,2,316.8,68.7,184.5,91.3
62,53,27,192,1,2,2,3,0,0,0,1,113.10000000000001,98.4,51.6,349.1
90,50,170,4,3,0,2,3,1,1,0,0,165.5,89.0,309.0,11.7
66,160,22,9,1,3,3,2,1,2,0,1,119.3,290.5,44.1,18.2
19,36,57,22,2,3,1,3,3,1,0,3,34.2,68.3,104.10000000000001,41.1
142,128,12,34,1,0,1,2,2,1,0,0,255.10000000000002,229.4,23.1,64.2
33,183,13,59,2,1,3,2,2,2,3,1,60.4,328.90000000000003,24.900000000000002,108.2
15,68,141,53,2,3,3,0,1,2,2,2,29.0,124.9,256.3,93.4
12,56,117,53,2,1,0,3,2,0,3,2,22.6,102.3,207.6,97.9
49,168,14,95,2,1,3,0,3,1,2,2,88.2,302.90000000000003,27.7,169.0
69,16,18,108,1,2,3,3,0,2,1,3,125.7,29.8,35.9,195.9
0,59,149,131,2,2,3,0,1,3,1,0,0.0,106.2,271.7,235.8
156,57,26,51,1,0,2,0,1,3,2,0,281.3,99.60000000000001,47.800000000000004,91.8
15,2,192,56,3,1,2,1,2,2,2,2,29.5,3.0999999999999996,346.6,100.3
154,119,41,15,2,1,1,1,3,2,3,0,277.2,213.70000000000002,72.3,28.5
198,156,134,51,1,2,0,1,1,0,0,1,356.90000000000003,283.8,241.20000000000002,92.3
141,88,5,22,0,2,1,1,2,3,1,3,251.8,158.4,9.5,38.1
46,38,186,63,1,1,3,1,1,1,3,1,83.3,68.9,336.3,113.9
24,79,189,66,0,2,3,2,0,3,3,0,43.2,142.20000000000002,341.7,121.8
56,50,22,55,1,2,2,0,0,3,2,2,102.3,90.0,40.6,97.0
110,42,1,67,0,1,1,0,0,3,3,3,198.0,74.10000000000001,0.2999999999999998,117.60000000000001
80,38,14,11,3,3,1,1,0,0,0,2,148.5,72.9,26.7,19.3
15,31,10,60,0,2,0,2,3,2,1,0,24.0,56.800000000000004,17.0,111.0
171,62,18,34,3,2,0,3,2,2,0,0,310.3,112.60000000000001,32.4,65.7
63,29,170,66,2,1,1,1,3,3,1,2,113.4,50.7,306.5,118.3
161,15,174,132,3,0,3,0,0,0,0,0,294.3,27.0,317.7,237.6
30,5,7,58,0,0,1,1,0,3,3,2,54.0,6.0,11.1,103.9
32,66,68,64,3,1,3,0,2,3,1,0,60.1,117.3,125.9,115.2
51,51,52,19,2,3,1,3,0,1,2,1,94.8,95.3,93.10000000000001,37.7
54,136,33,69,3,3,1,2,2,0,2,3,99.7,249.3,58.9,124.2
55,180,9,44,3,0,1,1,3,1,3,2,100.5,323.0,14.7,78.7
39,44,0,51,1,1,1,2,1,0,3,0,70.7,80.7,0.0,94.8
13,15,183,28,1,3,0,2,0,2,1,2,24.900000000000002,29.5,328.40000000000003,51.4
27,16,129,50,2,0,1,1,2,3,2,0,49.6,25.8,231.70000000000002,91.5
61,23,29,32,0,2,2,1,2,0,1,3,107.8,44.4,54.2,56.1
33,44,84,55,3,3,0,2,3,0,3,0,60.9,83.7,148.20000000000002,102.0
65,30,57,26,2,0,2,1,2,3,0,1,118.0,51.0,105.60000000000001,47.300000000000004
29,21,46,17,0,0,1,2,0,1,2,1,52.2,36.800000000000004,82.3,32.6
69,61,1,13,3,2,1,1,2,3,0,3,126.69999999999999,109.8,3.3,21.900000000000002
146,43,17,14,3,2,2,1,3,2,3,2,264.3,78.4,30.6,24.7
20,192,68,180,1,2,2,0,2,0,2,0,35.5,348.6,123.4,324.0
49,4,44,51,0,2,3,3,0,0,0,1,88.2,10.2,83.7,95.3
118,127,13,57,2,3,3,1,1,1,1,2,214.4,232.1,26.900000000000002,102.10000000000001
45,57,2,29,3,1,3,1,2,1,0,0,83.5,103.10000000000001,8.1,53.7
65,66,42,29,3,1,1,0,1,0,3,1,120.5,120.3,74.10000000000001,51.2
61,35,42,40,3,0,1,1,1,2,0,2,113.3,61.0,77.10000000000001,71.5
142,112,12,36,0,0,3,0,0,2,2,1,255.6,199.6,24.1,63.8
1,67,12,112,1,2,3,1,1,0,3,0,2.3,123.60000000000001,23.1,203.1
26,25,51,173,2,2,3,1,3,2,3,2,46.800000000000004,46.0,93.3,310.90000000000003
70,12,33,22,0,3,0,0,3,0,1,1,123.0,26.1,58.4,38.6
26,82,48,67,1,3,1,0,1,2,1,1,47.300000000000004,150.1,86.9,119.60000000000001
49,47,28,42,2,3,1,2,2,0,0,1,89.2,89.10000000000001,51.9,77.60000000000001
40,2,66,21,2,0,3,2,1,0,0,2,74.0,3.6,123.3,38.800000000000004
51,55,2,68,1,2,2,3,0,2,3,0,93.3,100.0,3.5999999999999996,126.9
16,23,69,22,0,3,0,1,1,3,1,0,27.8,42.9,123.2,41.1
3,7,22,12,1,2,0,3,0,3,3,2,6.9,12.6,36.6,24.1
56,34,88,65,0,0,3,2,2,3,2,2,98.8,58.2,160.9,118.0
108,20,38,77,3,2,2,3,1,2,3,1,197.9,37.0,68.4,142.1
41,106,198,178,1,1,3,3,3,1,0,1,72.3,191.3,360.90000000000003,323.90000000000003
18,196,11,35,3,3,0,2,3,2,1,0,33.9,355.3,18.8,66.0
24,190,65,18,1,1,2,0,3,1,0,3,41.7,342.5,120.0,29.4
8,32,1,66,3,1,1,0,3,3,1,2,15.899999999999999,56.1,2.3,116.8
64,7,168,35,3,0,0,0,2,2,3,2,117.7,10.6,299.40000000000003,61.0
52,54,17,197,0,2,0,2,1,2,1,2,92.60000000000001,98.2,29.6,355.6
182,66,62,2,3,1,2,2,3,0,2,1,329.1,120.3,112.60000000000001,5.6
58,14,167,69,0,0,1,0,2,1,0,2,102.4,24.2,302.1,122.2
66,3,21,1,0,0,2,0,1,2,2,1,117.8,3.4000000000000004,38.800000000000004,0.8
140,33,69,18,0,1,2,1,2,2,1,3,250.0,58.9,126.2,30.9
85,75,185,20,1,0,1,1,3,0,1,0,151.5,135.0,333.5,37.5
53,59,55,45,2,0,0,3,0,2,1,2,98.4,104.2,98.0,83.5
30,10,39,169,1,1,1,3,0,0,3,1,55.5,19.5,68.7,307.7
63,4,84,45,1,2,3,0,3,0,3,1,111.9,10.2,152.70000000000002,80.0
15,60,157,12,1,1,2,1,1,1,1,2,27.5,108.5,284.6,21.1
31,55,0,40,0,0,0,2,2,0,3,1,53.800000000000004,99.0,0.0,74.0
53,2,46,10,1,0,1,1,1,2,3,2,95.9,1.6,81.3,17.5
10,4,51,5,2,0,1,1,3,2,3,3,18.0,5.2,90.3,7.5
66,164,34,67,3,3,2,3,2,1,0,2,121.3,298.7,64.2,123.10000000000001
18,42,66,0,1,1,1,1,0,2,1,1,33.9,75.10000000000001,119.3,0.0
52,95,38,0,3,3,1,0,0,0,1,1,98.10000000000001,175.5,68.9,0.0
77,27,23,23,3,1,1,1,1,0,0,1,142.1,50.1,42.9,41.9
17,63,40,47,2,0,2,1,3,2,2,3,30.6,111.4,73.0,83.10000000000001
158,13,27,40,3,3,3,2,1,2,0,0,287.90000000000003,25.900000000000002,53.1,75.0
44,19,33,101,0,3,1,1,1,2,0,1,78.2,36.7,60.9,182.3
199,33,69,63,1,1,2,3,1,1,1,3,358.7,59.9,126.2,114.9
140,38,41,34,0,0,1,0,1,0,1,3,251.0,68.4,74.3,58.2
64,20,54,32,0,0,1,1,3,3,2,2,112.2,33.0,96.7,57.1
19,26,140,6,1,1,1,3,0,2,0,0,35.7,46.300000000000004,253.5,15.3
35,133,20,104,3,0,1,2,1,3,0,0,66.5,236.4,37.5,190.20000000000002
22,70,146,8,1,2,0,2,3,3,1,2,38.1,126.0,261.8,15.399999999999999
121,31,83,42,1,3,1,1,0,3,2,3,219.3,57.300000000000004,148.9,74.10000000000001
10,180,22,136,0,0,1,3,2,0,0,1,16.0,324.0,41.1,248.3
165,176,69,6,1,2,0,3,1,2,1,1,297.5,317.8,123.2,14.3
65,1,161,17,0,3,1,1,3,2,3,2,114.0,4.3,288.3,30.1
18,123,33,17,2,1,2,1,1,1,3,3,34.4,221.9,59.4,29.1
29,59,60,9,2,1,1,2,3,0,3,3,52.2,107.7,106.5,16.2
17,13,74,56,0,1,0,1,2,0,1,2,28.6,24.900000000000002,132.20000000000002,100.3
9,130,57,19,2,2,3,3,2,0,3,2,17.2,237.0,104.10000000000001,36.7
15,85,30,121,3,1,1,2,1,3,0,1,30.5,151.5,55.5,219.8
20,180,24,62,2,0,1,2,3,1,3,0,36.0,323.0,41.7,114.60000000000001
42,39,199,102,2,3,0,2,3,1,0,3,75.60000000000001,73.7,358.2,183.6
134,192,66,10,0,3,3,1,0,2,2,1,241.20000000000002,348.1,121.3,18.5
18,39,57,54,0,3,1,2,1,1,1,0,31.4,73.7,103.10000000000001,100.2
25,24,182,20,0,3,0,2,0,0,2,1,45.0,47.7,325.6,38.0
8,50,10,36,0,2,2,3,0,3,3,1,14.4,90.0,18.0,68.3
186,34,63,41,0,2,3,2,0,2,2,1,334.8,62.2,115.9,75.8
61,40,30,11,3,2,2,0,2,1,2,1,112.3,74.0,55.0,18.8
38,11,65,48,1,0,2,0,3,1,2,1,66.9,18.8,118.0,85.4
0,61,0,34,0,1,0,0,3,3,2,1,0.0,108.3,0.0,60.2
3,27,10,65,2,1,3,3,3,2,3,0,5.4,48.1,19.5,121.5
53,46,33,32,3,0,2,3,3,3,1,0,96.9,79.8,61.4,62.1
136,52,50,42,3,3,3,2,1,3,0,0,248.3,95.10000000000001,94.5,78.60000000000001
68,110,38,31,3,2,0,1,2,1,1,3,124.9,200.0,67.4,54.300000000000004
28,45,153,3,3,3,0,1,1,3,0,2,53.9,82.5,275.40000000000003,4.9
40,13,195,20,1,2,2,3,1,3,0,1,72.5,23.400000000000002,354.0,39.5
46,68,5,185,0,0,2,2,0,2,1,2,82.8,120.4,11.0,334.0
28,32,43,33,1,0,2,2,1,2,2,2,50.9,55.6,78.4,60.4
36,144,16,24,1,1,3,2,3,2,0,1,63.3,258.7,33.3,45.2
2,177,36,111,2,3,2,2,3,1,2,2,3.5999999999999996,322.1,65.8,200.8
32,68,178,21,3,0,3,1,0,1,2,2,62.1,121.4,322.90000000000003,37.300000000000004
44,15,121,122,3,2,3,2,2,2,1,0,81.7,28.0,221.3,222.6
1,28,61,37,1,1,3,1,2,2,0,2,1.2999999999999998,49.9,114.3,66.10000000000001
62,32,17,26,3,1,3,2,3,3,3,1,113.10000000000001,56.1,32.1,48.800000000000004
40,30,47,33,2,1,1,1,2,0,1,3,73.0,55.5,85.10000000000001,57.9
10,53,40,85,2,1,0,3,0,2,1,1,21.0,94.9,71.0,156.5
31,47,35,13,1,0,3,2,2,0,2,3,55.300000000000004,84.60000000000001,65.5,23.400000000000002
6,53,53,45,1,3,3,1,2,3,2,3,10.3,96.9,97.9,79.5
46,39,19,64,2,1,0,2,0,2,3,0,85.8,69.7,31.200000000000003,118.2
25,161,25,24,3,1,2,3,0,1,3,0,49.5,290.3,45.0,47.7
49,59,166,20,1,2,1,2,3,2,1,2,86.7,107.2,299.3,37.0
71,22,9,24,3,3,0,0,3,2,2,0,129.3,42.1,14.2,43.2
1,57,194,181,2,1,1,1,2,2,3,0,2.8,102.10000000000001,347.7,327.3
43,179,54,47,2,0,2,0,0,1,2,2,80.4,321.2,98.2,82.60000000000001
63,25,126,37,3,0,2,0,0,1,0,0,117.9,44.0,229.8,66.60000000000001
0,37,48,112,3,0,0,3,2,1,2,1,0.0,65.60000000000001,84.4,205.1
34,47,37,32,3,0,0,2,2,3,3,1,63.7,81.60000000000001,63.60000000000001,59.6
40,23,14,50,1,0,1,3,2,0,3,3,71.5,41.4,23.7,91.5
69,3,69,69,1,0,2,0,3,3,2,1,122.7,2.4000000000000004,125.2,123.2
2,149,66,17,1,3,2,2,3,0,2,1,2.0999999999999996,272.7,119.8,32.6
185,68,63,55,3,1,1,3,1,3,3,3,336.5,120.9,111.9,100.5
43,63,64,14,2,0,1,1,1,0,1,2,79.4,113.4,115.7,24.7
14,23,1,127,1,1,2,0,0,2,2,2,26.7,40.9,2.8,226.6
154,32,25,184,1,3,1,1,3,0,3,1,275.7,62.1,43.5,331.7
70,56,62,20,2,2,3,3,3,1,3,2,126.0,102.8,113.10000000000001,38.5
2,52,59,14,3,2,0,3,0,3,3,0,8.1,93.60000000000001,103.2,29.7
16,42,95,34,1,1,3,3,0,1,1,2,30.3,76.10000000000001,174.5,63.7
116,12,110,20,3,0,1,2,3,2,2,2,210.3,19.6,197.5,37.0
33,40,26,72,1,2,0,2,1,2,2,1,59.9,73.0,44.800000000000004,131.6
198,177,66,51,3,0,2,1,2,1,1,1,358.90000000000003,317.6,120.8,92.3
7,183,130,6,2,1,3,2,0,0,2,2,15.6,330.90000000000003,236.5,11.8
105,20,11,53,2,0,2,2,2,2,0,3,190.0,34.0,22.8,95.4
22,68,71,53,1,1,1,2,0,3,1,3,41.1,120.9,128.3,95.4
52,55,46,113,0,3,2,0,3,3,2,2,90.60000000000001,100.5,83.8,201.4
62,28,113,53,2,0,1,0,0,1,3,0,114.60000000000001,49.4,201.9,95.4
49,25,158,16,0,2,2,3,0,1,3,1,88.2,47.0,284.40000000000003,32.3
43,33,59,29,2,3,2,2,2,0,0,2,78.4,63.9,109.2,53.2
19,7,54,31,1,2,1,3,1,1,2,2,34.7,14.6,96.7,58.300000000000004
26,177,10,27,1,1,1,1,0,1,1,2,48.300000000000004,319.1,18.5,48.1
181,18,3,65,1,3,3,3,0,1,0,3,327.3,35.9,9.9,118.5
190,58,44,54,1,0,3,2,0,0,3,0,343.5,104.4,80.7,100.2
82,38,59,60,2,2,0,2,1,1,1,3,149.6,70.4,105.2,108.0
171,37,4,9,1,2,1,3,0,3,1,3,309.3,66.60000000000001,7.699999999999999,17.7
55,62,72,26,2,1,0,0,2,0,3,0,100.0,113.10000000000001,126.6,46.800000000000004
22,30,25,31,2,3,0,2,2,1,0,1,40.6,57.5,45.0,57.800000000000004
41,30,60,148,1,2,3,3,3,1,0,3,72.3,56.0,112.5,267.90000000000003
29,142,68,63,0,2,0,1,0,3,1,2,52.2,255.60000000000002,121.4,112.9
66,142,17,14,1,1,3,3,1,0,3,2,119.3,257.1,32.1,27.7
56,45,2,191,2,0,0,2,2,0,1,2,101.8,81.0,2.6,344.8
169,164,8,25,3,2,2,1,0,1,0,2,308.7,297.2,17.4,44.5
62,26,66,43,1,1,0,2,3,2,2,1,110.10000000000001,46.300000000000004,116.8,79.4
15,50,67,20,2,3,1,2,0,3,0,2,30.0,91.5,122.10000000000001,37.0
186,26,114,28,1,2,2,1,3,3,3,3,333.3,46.800000000000004,205.20000000000002,48.9
28,51,32,34,0,1,1,1,1,0,1,3,49.4,93.3,58.1,59.7
24,111,3,17,1,2,0,3,2,3,2,1,42.7,199.8,3.4000000000000004,34.1
137,69,42,26,3,1,3,1,1,2,2,3,250.1,123.7,78.10000000000001,45.300000000000004
9,51,5,49,2,2,3,3,0,1,2,1,19.2,93.8,11.5,91.7
12,149,50,9,2,1,1,3,1,0,0,2,23.6,269.7,91.5,18.7
10,52,18,26,0,3,3,3,2,1,1,2,16.0,97.10000000000001,35.9,49.300000000000004
59,23,18,69,1,2,1,2,0,1,0,0,107.7,43.4,33.9,127.2
58,187,197,7,3,3,3,0,0,3,3,1,108.9,338.1,356.1,11.6
15,168,3,2,2,3,0,1,0,3,0,3,30.0,303.90000000000003,5.4,2.0999999999999996
30,47,27,46,2,1,0,0,1,3,0,1,56.0,83.10000000000001,48.6,81.8
6,7,59,18,1,1,3,3,0,2,3,0,12.3,12.1,107.7,36.9
6,52,61,30,3,2,2,0,3,1,2,3,12.3,95.60000000000001,110.8,51.0
147,57,197,35,2,1,2,2,3,3,2,0,264.6,101.10000000000001,355.6,66.0
47,65,35,67,2,1,1,3,0,0,3,1,87.60000000000001,118.5,61.5,124.10000000000001
74,67,17,9,0,3,3,3,2,1,1,1,131.20000000000002,124.10000000000001,34.1,19.7
58,52,82,156,2,0,2,1,1,2,3,1,106.4,91.60000000000001,147.6,281.3
24,93,187,43,2,3,2,3,2,1,1,0,44.2,170.9,338.6,81.9
4,28,80,28,0,3,0,3,0,3,2,0,7.2,51.9,142.0,54.9
66,8,174,10,3,1,0,0,0,3,3,2,123.3,12.9,310.2,16.0
66,48,100,78,2,1,2,0,3,1,3,1,118.8,86.9,180.0,139.4
139,27,7,17,3,1,3,1,2,1,3,0,252.70000000000002,49.1,14.100000000000001,32.1
56,27,6,70,2,1,0,0,2,3,0,1,101.8,47.1,10.8,125.0
46,34,119,69,1,1,2,0,2,0,0,3,82.3,62.7,217.20000000000002,121.2
32,59,34,121,1,1,3,3,0,0,2,0,59.1,107.7,63.7,222.3
71,18,72,63,0,2,2,3,2,3,1,2,125.8,32.4,131.6,115.9
66,13,60,41,3,3,2,3,1,1,2,1,122.3,26.900000000000002,109.0,77.3
47,66,41,58,0,0,2,0,0,0,2,2,84.60000000000001,118.8,74.8,102.4
124,32,63,138,1,2,2,3,3,2,3,0,221.70000000000002,58.6,113.4,252.9
37,3,69,18,1,0,3,2,1,0,2,0,67.10000000000001,5.4,126.69999999999999,35.4
5,46,36,188,0,2,1,0,1,0,1,1,8.0,85.8,65.3,337.40000000000003
18,70,3,163,0,3,0,0,0,2,0,2,32.4,128.5,5.4,291.40000000000003
68,22,141,142,2,0,1,0,1,1,2,0,124.4,38.6,253.3,255.6
7,165,62,23,0,0,1,3,3,3,3,2,9.6,294.0,110.10000000000001,43.9
62,39,143,34,3,3,1,2,0,0,1,2,116.10000000000001,74.7,257.90000000000003,62.2
5,45,90,14,0,1,2,1,1,3,2,0,8.0,79.5,163.0,26.7
98,39,70,41,0,0,3,3,2,1,1,0,174.4,69.2,129.5,78.3
20,68,65,14,1,2,2,0,0,1,1,1,37.5,124.4,119.0,24.2
152,9,60,35,3,1,1,3,0,1,3,0,278.1,16.7,106.5,67.5
43,193,5,3,1,3,1,2,2,3,3,0,76.9,348.90000000000003,7.5,8.4
45,52,57,11,1,1,2,2,2,0,2,1,80.5,95.10000000000001,103.60000000000001,21.8
52,44,13,68,1,2,1,1,3,0,1,3,92.10000000000001,82.2,23.900000000000002,120.9
49,27,10,85,1,1,2,3,1,1,0,1,88.7,49.1,21.0,156.5
61,69,11,153,0,0,2,1,3,2,3,1,106.8,122.2,19.8,275.90000000000003
37,35,20,58,3,0,2,0,1,1,0,3,70.10000000000001,62.0,39.0,101.4
36,47,5,45,1,2,3,0,0,3,3,0,66.3,84.60000000000001,10.5,81.0
31,24,4,30,0,1,2,0,1,0,2,3,54.800000000000004,44.7,8.2,51.0
17,51,58,21,2,2,0,1,2,3,2,0,31.6,91.8,102.4,39.300000000000004
114,111,93,12,3,1,0,0,1,3,0,0,208.70000000000002,198.3,167.4,21.6
108,38,44,52,1,3,3,2,0,0,3,0,195.9,72.9,80.7,96.60000000000001
180,105,79,8,3,2,3,0,1,3,2,0,327.5,189.0,144.70000000000002,14.4
28,26,62,34,0,3,2,0,1,3,0,0,49.4,48.300000000000004,114.60000000000001,61.2
23,35,51,20,0,1,3,2,1,0,2,2,40.4,64.5,94.3,37.0
9,50,28,105,3,0,3,1,2,0,3,3,18.7,90.0,51.9,187.5
34,32,22,17,3,3,3,2,0,0,3,2,65.7,62.1,41.1,31.6
8,3,24,66,0,2,2,3,0,0,3,3,14.4,8.4,43.2,120.3
58,64,47,145,2,0,0,3,3,1,3,1,104.4,114.2,81.60000000000001,264.5
65,64,52,10,3,1,1,3,0,2,0,1,121.5,114.7,95.10000000000001,21.5
197,0,53,56,1,0,0,2,2,2,0,2,354.1,0.0,95.4,101.8
36,25,48,24,1,1,3,0,0,3,0,1,66.3,43.5,90.9,42.2
43,65,44,45,1,0,1,1,1,3,2,3,77.9,114.0,78.7,79.5
6,157,2,29,3,1,1,1,3,1,1,2,12.3,283.1,4.1,51.7
1,64,109,49,2,0,3,3,2,2,0,1,2.8,113.2,200.70000000000002,91.7
28,44,66,62,2,0,0,2,2,2,0,3,51.4,77.2,118.8,111.60000000000001
25,19,33,32,2,1,1,3,0,0,3,3,48.0,35.7,57.9,59.1
136,88,7,43,1,3,2,3,2,1,3,0,244.3,161.9,12.6,81.9
27,49,53,140,0,0,1,0,0,2,3,3,48.6,86.2,93.9,249.0
67,47,60,46,0,2,3,1,3,2,1,3,117.60000000000001,85.60000000000001,111.5,81.3
10,164,26,40,1,2,2,0,0,0,2,1,19.5,298.2,47.800000000000004,71.0
47,29,54,3,2,1,0,2,3,3,0,0,84.60000000000001,50.7,97.2,8.4
37,11,40,66,3,0,3,2,1,2,3,3,70.10000000000001,17.8,73.5,118.8
42,27,9,38,3,1,1,1,0,0,2,0,80.10000000000001,50.1,15.7,69.9
90,70,41,67,1,1,2,3,1,0,3,2,162.5,127.5,73.8,123.10000000000001
118,41,7,25,0,1,2,1,2,2,3,0,210.4,73.3,12.6,46.5
42,32,7,61,2,3,1,3,1,1,2,2,77.60000000000001,61.1,12.1,112.3
32,4,25,41,3,2,1,2,2,0,3,0,60.1,10.2,43.5,76.8
60,47,118,132,3,0,1,3,0,1,2,2,112.5,83.60000000000001,211.9,240.1
28,17,109,45,1,2,1,0,1,1,3,2,50.9,32.6,194.70000000000002,79.0
2,5,37,34,1,1,3,3,2,0,1,1,3.0999999999999996,10.5,70.10000000000001,64.7
86,36,30,22,0,3,3,2,2,0,2,3,152.8,69.3,56.5,39.6
35,66,47,39,1,2,3,1,2,3,1,2,62.5,118.8,88.10000000000001,69.7
67,17,61,14,3,2,2,1,3,2,2,0,122.10000000000001,31.6,110.8,26.7
124,0,20,13,3,1,3,2,3,2,3,2,224.70000000000002,0.0,37.5,24.400000000000002
5,134,168,66,0,2,2,2,1,2,0,0,8.0,242.20000000000002,305.40000000000003,121.8
22,9,31,40,2,2,1,2,3,1,0,1,39.6,18.2,57.300000000000004,74.0
30,60,94,20,1,1,1,3,0,0,1,3,55.5,109.5,169.70000000000002,37.5
19,49,58,114,2,3,1,0,0,0,1,3,37.2,92.7,104.9,202.20000000000002
20,13,180,8,3,1,0,2,0,3,1,0,40.5,21.900000000000002,323.0,17.4
0,162,16,2,3,0,3,0,0,1,1,2,0.0,290.6,32.3,1.6
48,95,125,3,1,1,3,3,1,0,2,1,86.9,172.5,227.5,8.9
26,32,48,53,0,0,2,3,3,1,2,1,43.800000000000004,56.6,87.4,98.9
59,54,47,11,0,0,0,0,0,1,3,3,106.2,96.2,81.60000000000001,16.8
189,59,33,6,0,0,3,1,3,3,2,0,337.2,103.2,61.9,12.3
53,56,21,52,1,2,0,2,0,2,1,0,96.9,101.8,36.800000000000004,96.60000000000001
53,133,20,58,1,2,2,3,1,3,1,1,95.9,239.4,38.0,107.9
132,69,53,113,0,3,3,0,2,1,1,3,235.6,127.69999999999999,98.9,200.4
26,14,88,56,2,1,0,0,0,3,2,3,49.800000000000004,23.7,156.4,97.8
8,41,199,11,3,3,0,0,0,2,0,2,18.9,76.3,358.2,17.8
37,24,144,35,1,3,1,3,2,3,3,1,66.10000000000001,44.7,257.7,66.5
56,7,63,35,2,1,0,2,3,3,3,3,100.8,11.1,110.4,63.0
170,23,16,69,0,0,3,0,2,2,2,2,304.0,39.4,31.299999999999997,122.2
14,119,69,21,2,2,0,1,1,3,2,3,27.2,214.20000000000002,122.2,36.300000000000004
62,83,154,50,3,2,0,2,3,3,0,1,113.10000000000001,149.4,277.2,92.0
58,69,41,166,0,0,0,0,2,1,2,2,102.4,123.2,71.8,296.8
71,157,48,54,1,0,3,0,0,1,1,1,129.3,281.6,89.9,96.2
193,24,19,61,1,2,3,2,2,3,0,3,346.90000000000003,43.2,38.7,109.8
163,41,18,107,3,0,3,3,0,1,0,0,297.90000000000003,72.8,36.9,197.1
25,60,31,8,0,0,1,3,0,0,1,1,45.0,108.0,56.300000000000004,17.9
19,65,180,56,2,1,3,3,0,3,0,3,37.2,115.5,328.5,102.3
177,58,50,60,2,2,1,0,0,1,1,1,321.6,106.4,90.5,107.0
58,41,21,153,3,2,0,2,0,0,3,3,108.9,76.8,34.800000000000004,275.40000000000003
65,45,29,7,2,3,1,0,0,2,1,0,120.0,83.5,52.7,12.6
69,4,187,3,0,2,0,0,3,1,1,2,121.2,9.2,335.6,3.4000000000000004
31,188,24,59,2,3,2,0,3,1,1,3,55.800000000000004,341.90000000000003,45.2,103.2
63,2,38,52,2,1,3,1,3,1,2,1,113.4,4.1,70.9,94.10000000000001
70,39,25,27,0,1,2,3,1,0,1,2,125.0,71.7,47.0,51.1
54,17,51,4,2,1,0,0,0,0,3,0,100.2,32.1,88.8,7.2
57,3,1,46,0,0,2,1,3,2,0,3,99.60000000000001,3.4000000000000004,4.8,81.3
34,92,51,48,0,0,1,1,1,2,3,1,60.2,163.6,90.3,86.9
56,53,1,14,2,0,2,0,3,3,0,2,100.8,92.4,4.8,23.2
90,66,13,43,1,1,1,0,0,0,1,0,163.5,120.3,23.900000000000002,77.4
162,67,46,56,0,0,3,3,0,1,1,3,291.6,119.60000000000001,86.3,102.3
32,62,17,37,1,3,0,0,3,0,0,1,56.1,116.10000000000001,30.6,65.60000000000001
70,44,16,30,0,2,3,3,2,1,2,2,124.0,81.2,31.299999999999997,56.5
67,157,36,32,0,2,2,2,3,2,3,3,117.60000000000001,283.6,64.8,57.6
16,54,1,172,3,2,0,1,1,2,0,0,32.3,98.2,1.8,311.1
126,123,27,46,0,1,1,1,2,2,2,0,224.8,220.9,48.1,84.3
23,24,12,10,3,2,3,0,1,0,3,1,44.9,46.2,23.1,17.0
14,98,51,48,0,2,3,3,2,1,3,3,23.2,178.4,93.3,87.9
109,23,56,25,3,2,1,1,0,3,3,2,200.70000000000002,41.4,99.3,44.5
33,47,49,65,2,0,2,3,0,0,2,3,62.4,84.60000000000001,89.2,118.5
42,130,19,3,2,2,3,0,1,1,1,2,77.60000000000001,236.0,37.7,3.4000000000000004
46,10,57,49,2,2,3,2,2,3,2,3,83.8,18.0,105.10000000000001,88.2
42,66,13,57,2,3,2,0,2,3,0,0,76.60000000000001,120.3,26.400000000000002,102.60000000000001
0,29,14,63,1,2,0,3,3,1,1,3,0.0,54.2,24.2,114.9
52,191,12,49,1,0,0,2,1,0,0,2,94.10000000000001,343.8,21.6,89.2
8,111,39,29,1,3,2,3,1,3,1,1,14.9,201.3,72.2,55.7
10,46,12,29,1,3,1,1,2,2,0,3,17.5,85.3,23.1,50.7
33,52,17,56,3,1,3,2,3,0,2,2,60.9,95.10000000000001,33.1,101.8
55,41,19,164,1,2,1,2,0,2,0,3,100.5,74.8,35.7,295.2
25,16,49,23,0,0,3,3,0,3,0,1,45.0,25.8,92.7,44.9
15,2,175,18,0,1,1,1,2,0,3,0,25.0,5.1,313.5,33.9
55,3,51,56,0,3,1,2,2,3,2,2,97.0,6.9,91.3,101.8
70,47,47,44,0,2,0,3,3,2,2,3,123.0,85.60000000000001,82.60000000000001,80.7
49,63,18,57,0,1,2,2,3,3,3,2,85.2,111.9,32.4,103.60000000000001
62,69,63,43,3,3,0,2,0,1,3,2,116.10000000000001,127.69999999999999,110.4,78.4
35,131,9,27,1,3,2,1,0,1,0,0,64.5,239.3,19.2,50.1
60,70,29,140,0,1,3,0,2,1,1,2,106.0,126.5,55.7,250.0
191,24,8,35,0,2,1,3,3,1,0,1,340.8,45.2,15.9,66.5
107,8,63,62,3,3,2,1,3,0,3,1,194.1,18.9,113.4,112.10000000000001
106,16,9,44,2,3,1,1,3,3,2,0,190.8,30.299999999999997,15.7,80.7
0,32,69,12,3,3,1,1,0,3,1,2,0.0,59.1,124.7,21.1
50,51,10,140,2,1,2,2,0,0,0,3,93.0,93.3,21.0,252.0
41,61,9,8,2,0,2,2,1,2,1,0,75.8,107.8,18.2,17.4
25,45,53,38,1,3,2,0,0,0,3,1,46.5,85.5,95.4,67.4
187,6,40,22,2,3,1,2,3,0,3,2,336.6,15.3,70.5,40.6
44,63,35,9,2,1,2,1,2,2,3,2,80.2,112.9,63.0,15.7
52,62,58,13,3,3,3,1,2,2,3,0,96.10000000000001,114.10000000000001,105.9,24.900000000000002
61,27,49,164,1,0,0,3,2,3,1,2,109.3,45.6,87.2,297.7
53,54,40,9,3,2,3,1,1,1,3,3,98.9,99.2,73.5,14.7
32,39,2,183,2,2,0,2,0,0,1,0,60.6,73.2,2.6,332.40000000000003
34,146,56,10,1,1,0,0,0,2,3,2,62.7,262.3,97.8,16.0
59,68,1,66,1,0,1,1,0,1,0,2,107.7,121.4,3.3,118.3
69,42,65,122,2,2,0,3,1,0,0,0,126.2,78.60000000000001,117.0,224.1
58,44,24,31,0,3,0,2,1,0,3,1,103.4,83.7,40.2,57.800000000000004
8,121,74,65,1,0,0,2,0,3,0,2,15.9,214.8,133.20000000000002,118.0
8,47,14,70,1,2,2,2,1,1,2,0,14.9,86.60000000000001,26.2,129.0
8,64,52,57,0,3,0,3,3,3,3,3,11.4,116.7,90.60000000000001,104.10000000000001
67,49,40,98,1,0,3,0,1,1,1,2,121.10000000000001,87.2,75.5,174.4
40,12,29,61,2,0,1,2,2,0,1,0,73.0,21.6,52.7,112.8
29,57,61,11,0,1,0,1,0,1,0,1,52.2,103.10000000000001,109.8,20.3
10,63,53,42,2,0,1,3,1,1,2,3,20.0,112.4,94.9,77.10000000000001
6,96,14,91,1,2,2,3,3,0,0,2,9.3,175.8,28.2,166.3
47,67,41,19,1,1,2,0,1,3,0,2,85.10000000000001,119.10000000000001,76.8,32.2
66,41,7,70,1,2,1,1,3,1,0,0,117.3,75.8,14.1,127.5
156,55,43,61,2,2,2,3,1,0,0,1,282.8,102.0,80.4,113.3
19,50,38,53,3,2,0,0,0,1,1,2,38.7,92.0,67.4,93.4
54,65,3,110,0,3,3,0,0,2,0,0,97.2,119.5,9.9,198.0
96,63,40,32,0,0,0,0,3,2,1,2,169.8,111.4,71.0,55.6
21,48,80,17,3,3,1,2,0,2,1,3,42.300000000000004,88.9,144.5,30.6
33,7,108,48,0,2,0,2,3,2,1,3,56.4,13.6,193.4,86.4
34,117,37,37,0,3,1,0,1,1,2,2,60.2,214.1,66.10000000000001,64.60000000000001
56,46,37,25,1,0,2,3,3,2,3,3,99.3,80.8,66.60000000000001,46.5
55,166,34,30,1,1,3,3,3,2,2,1,97.5,298.3,63.7,57.5
153,152,5,5,2,2,1,1,3,0,0,0,275.40000000000003,276.6,10.5,10.5
29,14,6,62,3,2,1,0,3,3,2,3,53.7,25.2,10.3,108.60000000000001
15,14,11,61,2,2,0,0,3,3,3,0,27.0,25.2,16.8,109.8
69,92,53,9,1,1,3,3,3,0,1,3,122.7,167.1,98.9,17.7
58,20,7,48,0,1,2,0,2,1,0,0,102.4,36.5,15.6,86.4
153,133,5,38,0,3,0,0,1,3,0,0,274.40000000000003,240.9,9.0,68.4
70,62,19,17,2,0,2,2,2,1,1,3,127.0,110.60000000000001,36.2,30.6
22,4,6,162,3,3,1,1,0,3,0,1,44.1,8.7,12.3,292.1
51,29,49,20,1,3,3,0,2,2,3,3,91.3,54.7,89.7,33.0
19,53,141,28,0,2,1,3,3,3,3,0,31.200000000000003,95.4,252.3,54.9
59,26,62,158,2,0,3,2,2,2,1,3,107.2,44.800000000000004,115.10000000000001,284.40000000000003
26,29,31,55,2,3,1,3,2,1,1,2,47.800000000000004,55.7,56.300000000000004,101.5
58,11,50,70,1,1,1,0,3,1,2,3,102.9,20.3,89.5,123.0
9,127,24,30,1,1,3,2,0,3,1,1,17.7,227.1,46.7,56.0
77,38,36,19,3,0,2,3,2,1,0,1,141.1,67.4,67.8,37.7
12,8,13,28,1,3,1,1,0,1,3,1,23.1,17.9,21.900000000000002,50.9
50,27,162,16,0,0,3,0,2,3,1,2,88.0,45.6,295.1,26.8
16,50,55,34,0,0,1,1,2,0,2,1,26.8,90.0,98.5,61.7
70,10,60,33,3,0,2,0,1,2,0,3,129.5,16.0,111.0,56.4
7,159,7,3,3,3,0,3,1,1,0,1,16.1,289.7,12.6,8.9
39,94,56,63,1,0,1,1,2,0,2,3,69.7,169.20000000000002,100.3,111.9
162,89,81,13,0,2,2,2,1,0,1,0,290.6,163.20000000000002,147.8,26.400000000000002
24,57,67,22,2,0,0,2,0,3,0,2,46.2,99.60000000000001,120.60000000000001,40.6
45,118,64,17,3,0,3,3,2,0,1,3,83.5,212.4,118.7,32.1
48,63,166,58,2,3,1,3,1,0,1,3,88.4,117.9,299.3,105.9
7,22,74,1,3,3,3,0,3,3,2,2,14.100000000000001,41.1,135.70000000000002,0.0
29,58,51,12,3,2,1,2,3,0,1,3,53.7,107.4,92.3,21.6
67,57,61,49,0,1,0,0,3,0,0,0,117.60000000000001,104.10000000000001,109.8,88.2
38,25,51,37,0,1,1,0,0,0,1,1,68.4,46.5,92.3,65.60000000000001
50,34,49,20,1,3,2,1,1,1,2,0,90.5,64.7,89.2,37.5
39,50,124,59,2,1,3,3,2,1,0,2,71.2,90.5,227.70000000000002,108.7
43,57,41,2,0,2,3,0,1,1,1,3,76.4,104.60000000000001,77.3,0.6000000000000001
127,47,6,34,0,2,3,2,1,0,3,3,227.6,87.60000000000001,12.3,61.2
8,137,14,17,2,0,2,3,1,0,2,2,16.4,246.6,26.2,33.1
52,25,69,14,2,2,0,3,2,2,3,0,94.60000000000001,46.0,121.2,29.7
27,60,5,77,2,3,2,1,0,1,1,3,51.6,111.5,11.0,137.1
140,93,59,46,1,1,3,1,2,1,2,1,251.5,167.9,108.7,83.3
69,190,63,1,2,3,1,1,3,3,1,3,124.2,343.5,113.9,0.2999999999999998
0,57,40,1,3,3,3,3,0,1,3,1,0.0,106.10000000000001,73.5,5.3
6,5,50,132,0,1,0,2,2,2,1,1,8.8,8.5,89.0,239.6
67,35,186,67,1,1,0,0,2,0,0,2,120.10000000000001,64.5,334.8,118.60000000000001
180,54,60,35,3,1,0,3,3,2,0,0,325.5,96.7,108.0,67.5
192,67,3,49,3,2,2,1,2,1,2,1,348.1,122.60000000000001,6.4,88.7
26,39,54,41,3,2,1,0,1,1,2,2,50.300000000000004,72.2,96.7,71.8
56,117,117,42,3,2,2,2,2,0,0,1,103.3,213.6,213.6,77.60000000000001
132,10,70,123,3,0,1,2,1,2,2,0,241.1,16.0,125.5,224.4
26,50,13,75,1,3,0,1,0,2,1,3,48.300000000000004,92.5,22.400000000000002,133.5
29,68,46,125,1,1,2,0,0,0,1,1,53.7,123.9,84.8,224.0
30,30,44,42,2,1,0,2,3,3,2,0,54.0,52.5,77.2,78.60000000000001
178,19,34,20,3,3,3,0,0,1,3,3,324.90000000000003,37.7,62.7,33.0
41,95,41,19,1,3,1,3,1,0,3,0,74.3,175.5,72.3,38.7
38,36,187,63,3,1,3,0,3,3,0,3,69.9,63.3,341.1,110.4
153,145,10,30,0,0,0,1,0,3,1,0,275.40000000000003,258.0,17.0,55.5
70,12,132,6,1,3,1,0,2,0,0,0,125.5,26.1,239.1,10.8
125,34,45,33,1,3,0,0,3,3,1,3,223.5,62.7,80.0,56.4
8,29,11,53,1,3,1,0,1,3,1,0,14.9,53.7,20.3,95.4
164,15,9,49,0,3,0,0,0,0,3,1,295.2,31.5,13.2,87.2
69,186,26,13,0,2,0,3,1,1,0,2,123.2,336.8,46.800000000000004,25.900000000000002
116,100,54,68,3,2,3,2,1,3,2,3,212.3,180.0,99.7,122.4
53,59,65,12,3,1,1,2,3,1,0,1,96.9,106.7,118.5,23.6
38,55,60,40,1,3,3,1,0,3,3,1,69.9,100.5,109.5,72.5
17,65,28,170,1,2,1,0,2,3,3,2,30.1,117.0,48.9,304.0
49,42,22,30,1,1,1,1,2,0,0,3,87.7,77.10000000000001,41.1,52.5
17,8,4,8,0,3,2,1,3,1,0,1,27.6,17.9,10.2,14.9
66,11,71,17,1,1,2,1,2,3,2,3,118.3,18.3,128.8,29.1
34,24,23,168,1,3,3,1,3,1,3,1,59.7,46.7,42.9,302.90000000000003
59,17,68,50,2,0,0,1,2,1,1,2,107.2,29.6,121.4,89.5
62,47,37,54,1,2,2,3,0,2,3,0,113.10000000000001,85.60000000000001,66.60000000000001,101.7
60,16,39,61,1,1,2,1,2,2,2,0,107.5,28.3,71.2,111.3
184,46,37,84,1,3,3,0,2,3,2,3,330.7,84.3,69.10000000000001,148.20000000000002
8,58,36,45,0,3,0,3,1,1,0,2,13.4,107.9,64.8,83.5
42,147,30,5,0,1,2,0,0,2,2,3,75.60000000000001,264.1,55.0,6.0
22,182,22,50,0,1,3,1,3,0,0,2,36.6,329.1,44.1,89.5
18,35,12,26,0,3,0,1,2,2,2,3,30.4,65.5,19.6,45.300000000000004
30,62,44,25,1,1,1,0,1,2,1,3,54.5,111.10000000000001,79.7,42.0
48,65,37,52,3,2,0,3,0,3,3,1,90.9,117.0,63.60000000000001,97.10000000000001
46,0,11,68,2,2,1,2,2,3,2,0,83.8,0.0,19.3,125.4
34,81,51,84,3,2,3,1,0,0,2,1,65.7,148.8,94.3,151.70000000000002
112,7,9,187,3,1,2,2,1,3,1,0,205.1,11.1,18.2,339.6
1,3,180,68,3,2,3,0,1,3,1,3,5.3,5.4,327.5,119.4
97,3,138,42,0,2,2,0,0,3,0,0,174.6,5.4,251.4,75.60000000000001
57,34,23,42,2,3,0,0,3,3,3,2,102.60000000000001,62.7,38.4,73.60000000000001
6,42,135,175,2,0,2,1,2,3,0,3,11.8,72.60000000000001,246.0,313.5
17,41,56,39,0,1,1,0,0,3,2,3,30.6,72.3,100.3,67.2
2,10,50,37,2,3,1,2,1,3,3,0,5.6,19.5,88.5,69.60000000000001
11,39,156,13,0,3,0,2,1,1,2,3,18.8,73.7,278.8,23.400000000000002
50,58,27,13,3,3,3,2,2,1,0,2,92.5,107.9,53.1,24.400000000000002
61,29,101,111,2,0,1,2,1,1,3,3,111.8,51.2,180.3,199.8
56,19,68,0,0,3,2,1,2,3,1,2,98.8,35.7,124.4,0.0
60,23,30,58,1,2,0,1,2,0,3,2,107.5,44.4,51.0,103.9
20,46,44,190,0,1,3,2,1,2,0,2,35.0,82.3,83.7,343.0
38,65,22,23,2,2,1,2,3,2,1,1,68.4,118.0,40.1,43.4
48,63,4,40,2,1,3,3,2,3,1,3,87.4,111.9,10.7,73.5
63,166,38,108,3,1,1,0,3,2,2,2,114.9,298.3,67.9,192.4
2,63,15,67,3,0,1,0,1,1,1,2,7.1,112.4,27.5,118.60000000000001
136,19,76,58,3,2,1,1,3,1,2,1,246.3,36.2,136.3,104.9
36,17,89,68,3,0,3,3,1,1,1,2,68.3,29.6,163.70000000000002,124.9
42,9,64,133,1,2,3,3,0,3,2,3,77.10000000000001,16.2,117.7,240.9
43,27,0,13,0,0,1,0,3,3,1,1,74.4,45.6,0.0,22.400000000000002
20,46,0,89,3,3,2,2,1,3,0,1,39.5,84.3,0.0,162.20000000000002
26,17,11,18,3,1,2,0,0,1,0,0,51.300000000000004,31.1,22.8,32.4
106,53,61,12,3,2,2,1,2,1,2,2,193.3,97.4,110.8,21.1
52,45,47,23,0,2,0,2,1,3,2,3,92.60000000000001,81.0,82.60000000000001,41.4
65,156,70,62,3,0,1,2,0,1,0,0,121.5,279.8,127.5,114.60000000000001
5,23,66,141,3,3,0,2,0,3,1,1,13.5,42.9,117.8,255.8
36,104,11,100,0,0,1,0,0,0,0,3,64.8,187.20000000000002,21.3,177.0
41,6,59,54,0,0,0,0,0,2,3,3,73.8,8.8,103.2,94.2
78,92,17,172,3,3,0,3,3,3,3,3,141.9,167.1,27.6,311.1
28,107,40,75,0,3,1,2,3,3,2,1,47.4,194.1,71.5,137.0
18,5,144,30,2,0,3,3,0,2,1,0,35.4,7.0,262.7,58.5
10,34,128,9,3,1,3,0,3,1,0,1,19.5,61.7,234.9,15.2
16,4,22,51,0,1,0,3,0,1,0,2,28.8,7.699999999999999,39.6,94.3
69,95,25,45,3,1,3,0,3,1,0,3,125.69999999999999,171.5,49.5,78.0
121,68,39,19,0,1,2,2,3,3,3,1,214.8,120.9,70.2,36.2
19,27,66,95,2,0,3,1,1,1,3,0,36.2,47.6,120.3,172.5
64,101,71,1,3,3,1,3,0,2,0,3,119.7,184.3,129.3,3.3
0,43,16,49,1,1,0,1,1,3,0,3,0.0,75.9,28.8,86.7
60,42,44,60,3,1,3,3,3,3,1,3,109.5,74.10000000000001,82.7,109.5
40,181,30,8,2,3,0,0,1,0,2,0,74.0,330.3,52.0,14.4
190,37,48,33,3,2,3,0,3,0,3,3,343.5,69.60000000000001,87.9,56.4
50,154,117,116,3,0,2,0,1,0,2,2,93.5,277.2,211.6,206.8
60,174,19,9,2,2,0,1,1,0,3,3,110.0,316.2,31.200000000000003,14.7
35,8,135,176,2,2,3,2,2,3,0,0,64.0,14.399999999999999,247.5,319.8
67,36,58,4,0,0,3,3,3,0,0,0,117.60000000000001,64.8,108.9,11.7
173,6,65,145,3,0,0,1,1,3,1,1,314.90000000000003,7.800000000000001,116.0,261.5
34,6,30,124,3,0,3,1,0,0,0,3,65.7,10.8,58.5,221.70000000000002
7,32,6,11,2,2,3,0,3,0,3,1,12.6,60.6,12.3,18.8
1,39,37,32,1,3,0,1,2,1,1,0,1.2999999999999998,73.7,65.60000000000001,59.1
183,3,38,51,3,0,1,2,2,0,3,3,331.90000000000003,5.4,66.9,91.8
40,5,61,1,3,3,0,2,1,2,2,3,75.5,11.5,107.8,1.7999999999999998
81,66,64,64,1,2,3,2,3,0,2,3,144.3,121.8,117.7,115.2
12,5,129,7,0,0,2,2,0,3,0,2,21.6,6.0,235.20000000000002,13.6
31,60,159,105,2,3,1,2,0,3,0,0,58.800000000000004,109.5,287.7,192.0
53,56,40,18,2,3,0,1,3,3,1,2,95.4,102.3,71.0,31.9
60,56,36,24,3,2,3,0,1,2,2,3,111.5,101.8,67.3,40.2
63,21,100,167,0,2,0,3,0,1,0,3,113.4,39.800000000000004,180.0,302.1
59,52,124,45,2,3,0,3,3,1,0,0,106.2,97.10000000000001,223.20000000000002,85.5
47,70,52,46,0,1,2,2,1,1,2,2,83.60000000000001,126.5,94.60000000000001,83.8
65,26,69,47,3,3,0,3,0,1,0,1,121.5,50.300000000000004,124.2,88.10000000000001
62,189,44,106,0,2,3,3,0,1,2,0,111.60000000000001,342.2,81.7,195.3
63,56,57,30,3,1,3,2,1,1,3,0,116.9,101.3,104.10000000000001,57.0
25,98,72,0,0,3,3,2,0,3,1,3,45.0,177.9,133.1,0.0
15,8,45,54,0,3,1,1,2,3,1,2,25.0,15.899999999999999,81.5,96.7
154,34,68,30,3,1,2,3,1,3,1,3,280.7,59.7,124.4,55.5
36,40,111,136,2,1,3,3,1,0,0,1,66.8,73.5,204.3,248.3
1,69,31,14,1,3,1,3,1,0,0,3,2.3,128.7,57.300000000000004,26.7
37,35,63,47,3,2,3,3,2,3,3,0,69.10000000000001,63.0,114.9,89.10000000000001
9,155,127,35,0,2,1,1,2,2,1,2,14.2,280.0,229.1,62.5
15,38,50,92,1,2,3,3,3,2,0,2,25.5,69.4,94.5,168.1
83,9,60,195,0,3,2,0,2,1,0,3,147.4,19.7,111.0,348.0
40,200,45,6,1,0,0,3,3,0,0,0,70.5,360.0,81.0,15.3
94,45,35,41,1,1,0,1,0,1,2,1,170.70000000000002,81.5,61.0,74.3
61,17,155,34,2,3,1,3,0,1,1,1,112.8,34.1,279.5,64.7
0,46,122,63,0,0,3,2,1,0,0,0,0.0,82.8,224.1,116.4
166,106,17,58,0,0,2,3,2,0,1,1,296.8,190.8,32.6,107.9
45,20,196,31,1,2,1,2,1,0,2,0,81.5,39.0,352.3,58.800000000000004
34,29,36,46,3,3,2,2,2,1,3,1,63.7,55.7,64.8,84.8
21,124,51,185,0,2,2,0,3,1,0,1,34.800000000000004,225.20000000000002,94.8,332.0
200,12,25,57,0,3,0,1,1,2,0,1,359.0,24.1,45.0,103.10000000000001
113,30,63,74,0,1,3,2,1,3,0,2,202.4,52.5,117.9,134.20000000000002
63,16,24,3,1,1,3,2,2,1,1,3,112.9,29.3,46.7,5.4
62,13,8,36,2,2,1,1,2,0,3,3,112.60000000000001,26.400000000000002,12.9,63.3
48,41,7,58,1,1,1,0,2,1,2,0,85.9,74.3,12.1,104.4
42,59,49,112,3,3,1,3,1,1,3,1,79.10000000000001,109.7,86.7,205.1
9,45,43,49,1,0,1,1,2,1,3,0,15.7,80.0,75.9,89.7
125,26,16,47,3,1,2,3,0,2,3,0,229.5,46.300000000000004,28.8,89.10000000000001
70,46,65,46,1,2,2,3,0,0,3,1,127.5,85.8,117.0,86.3
39,20,85,63,1,1,1,2,2,2,1,0,69.7,35.5,153.5,116.4
2,11,18,57,2,1,3,0,0,1,1,2,6.6,20.3,35.9,100.60000000000001
41,1,52,61,0,1,2,0,0,1,1,3,73.8,2.3,95.60000000000001,106.8
38,162,28,8,0,3,1,2,3,3,0,1,65.4,293.1,51.9,16.4
69,31,59,10,2,2,0,0,3,2,2,0,124.2,56.800000000000004,104.2,18.0
36,51,54,56,3,0,2,1,3,2,2,0,66.3,89.8,98.2,102.3
12,20,4,20,2,3,3,2,2,2,2,1,22.6,38.5,9.7,38.0
3,21,61,33,3,0,1,0,0,2,0,1,9.9,35.800000000000004,111.3,58.4
163,50,6,58,0,1,0,2,2,1,1,0,291.40000000000003,90.5,9.8,107.4
25,36,47,42,0,0,1,1,1,3,0,2,44.0,61.8,86.10000000000001,75.10000000000001
30,44,14,152,1,0,1,2,3,2,3,1,52.5,77.2,23.7,275.6
39,68,164,115,0,1,2,1,2,3,2,0,68.2,120.9,296.2,208.5
2,55,15,14,0,0,1,3,0,1,0,2,3.6,98.0,28.5,27.7
46,14,65,46,1,0,1,1,3,3,3,0,81.3,22.2,115.5,84.3
69,27,70,43,2,3,3,2,2,2,0,0,125.2,51.1,130.5,80.4
40,31,12,32,2,1,3,2,0,3,0,3,75.0,54.300000000000004,26.1,57.6
141,57,113,42,0,1,2,0,3,3,2,3,250.8,101.10000000000001,204.4,72.60000000000001
13,53,99,27,0,1,2,3,2,3,2,0,21.400000000000002,93.9,179.20000000000002,53.1
48,129,25,115,0,1,1,1,2,1,1,2,84.4,232.70000000000002,45.5,206.5
5,35,53,63,2,0,3,0,2,2,1,1,10.0,61.0,98.9,112.4
28,63,60,180,1,0,1,2,1,0,1,3,50.9,113.4,108.5,324.0
6,61,56,61,0,1,3,0,3,1,0,0,7.800000000000001,110.3,105.3,109.8
8,113,49,149,3,1,1,3,1,3,3,1,17.9,201.9,86.7,271.7
183,40,56,70,3,0,3,0,3,1,3,0,330.90000000000003,71.0,102.3,126.0
38,25,52,18,2,2,0,1,3,2,1,0,68.4,46.0,92.60000000000001,33.9
10,149,117,15,2,1,1,0,2,2,2,2,19.0,267.7,210.1,25.0
48,66,26,47,1,1,1,2,2,1,2,0,85.9,119.3,46.300000000000004,87.60000000000001
3,80,44,31,0,3,2,2,0,2,1,3,5.4,146.5,81.2,55.800000000000004
48,16,31,66,1,3,3,0,1,3,1,0,86.9,30.299999999999997,59.300000000000004,118.8
40,32,22,73,1,2,1,3,3,2,1,2,70.5,58.6,40.1,133.9
176,27,10,114,2,3,2,2,1,3,2,1,318.8,50.1,19.0,207.20000000000002
63,191,173,61,1,0,0,0,1,2,1,3,113.9,341.8,310.40000000000003,106.8
98,51,196,25,0,0,1,1,2,0,0,1,174.4,91.8,354.3,45.5
29,70,160,180,3,0,2,0,3,3,2,0,53.7,123.0,289.0,324.0
56,45,175,81,0,0,3,3,1,2,3,2,99.8,79.0,316.5,148.3
111,14,62,47,3,2,0,0,3,2,0,3,201.3,26.2,111.60000000000001,81.60000000000001
17,68,80,4,2,1,2,3,0,0,2,0,33.6,123.9,145.0,11.7
126,66,9,33,0,0,1,1,1,1,1,2,225.8,117.8,16.7,58.9
18,54,56,37,3,1,1,3,1,1,3,1,35.9,97.7,99.3,70.10000000000001
1,17,47,17,0,3,2,1,0,0,3,2,1.8,35.1,84.60000000000001,30.1
20,17,2,28,1,2,1,0,0,3,1,0,37.5,30.6,4.1,50.4
38,44,33,63,2,0,2,0,2,0,2,0,69.4,79.2,60.4,113.4
44,42,68,55,3,1,2,0,1,3,2,2,82.7,74.10000000000001,123.4,97.0
35,194,95,109,0,1,3,3,0,2,3,2,63.0,348.7,172.5,198.70000000000002
15,190,44,45,0,0,3,0,3,0,3,3,24.0,342.0,80.7,78.0
37,65,60,45,0,3,3,2,2,2,3,3,64.60000000000001,119.5,109.5,81.0
68,54,151,62,1,2,1,1,0,0,3,2,123.9,100.2,270.3,111.10000000000001
56,153,57,4,0,3,0,1,3,2,3,2,97.8,277.90000000000003,99.60000000000001,6.699999999999999
24,32,59,39,0,0,2,0,2,3,1,2,41.2,54.6,108.2,68.2
24,33,67,12,2,0,1,2,2,3,1,2,44.2,56.4,121.10000000000001,22.6
68,59,40,48,1,2,2,3,2,2,3,2,121.9,107.2,72.0,88.9
24,24,23,36,2,2,3,3,2,3,1,1,44.2,43.2,44.9,68.3
27,48,196,27,2,3,2,3,1,1,0,2,50.6,89.9,355.8,51.1
31,43,3,43,0,1,1,2,1,3,2,3,54.800000000000004,75.9,4.9,77.4
14,33,37,69,2,1,0,0,3,2,0,1,25.2,58.9,66.60000000000001,123.2
57,66,3,188,3,0,2,3,1,3,1,2,106.10000000000001,115.8,7.4,340.90000000000003
20,15,6,8,0,1,3,3,2,2,0,1,34.0,26.5,15.3,17.9
70,92,49,63,2,0,3,0,0,2,2,1,129.0,163.6,90.7,112.4
18,52,4,45,1,3,3,1,3,2,0,1,30.9,96.10000000000001,11.7,81.5
5,36,186,5,1,1,3,2,3,0,3,2,7.5,66.3,336.3,10.0
10,63,24,38,0,0,3,2,0,1,1,1,18.0,112.4,46.7,70.4
34,163,43,158,3,0,1,2,1,1,2,1,64.7,292.40000000000003,76.9,286.40000000000003
55,33,134,59,1,0,2,2,2,3,2,2,98.5,56.4,242.20000000000002,107.2
16,67,70,161,0,1,2,1,1,2,2,3,27.8,120.10000000000001,127.0,288.3
75,68,6,39,1,1,2,0,0,2,1,3,136.5,121.9,12.8,67.2
36,10,44,128,0,3,1,0,1,3,1,1,63.8,19.5,79.7,229.4
60,19,97,54,0,1,1,3,2,2,2,3,106.0,33.7,174.1,98.7
10,64,41,22,0,2,0,0,1,0,3,1,17.0,118.2,70.8,38.6
3,192,108,170,0,2,0,1,3,2,1,1,2.4000000000000004,346.6,193.4,306.5
28,63,81,28,0,0,2,2,3,3,0,3,47.4,110.4,148.8,50.4
12,27,23,178,1,1,2,3,0,1,3,3,23.1,49.1,41.4,321.90000000000003
48,30,66,48,3,0,3,0,3,2,2,3,87.9,52.0,121.3,83.4
130,46,66,70,0,2,1,1,1,1,1,0,233.0,84.8,119.3,127.5
4,25,45,34,3,3,0,0,3,1,0,0,8.7,48.5,81.0,61.2
36,180,0,34,2,3,2,3,3,2,3,2,64.8,326.5,0.0,63.7
51,81,20,31,0,3,3,3,3,1,2,2,88.8,149.3,38.5,58.300000000000004
20,16,12,160,3,3,0,2,0,2,2,2,40.5,31.299999999999997,19.6,289.0
13,51,56,6,2,0,1,0,1,0,2,0,25.400000000000002,91.8,100.3,10.8
50,146,64,43,0,1,1,3,0,2,2,1,90.0,262.3,114.7,80.9
28,61,34,28,3,0,2,0,3,1,2,3,51.9,108.8,62.2,47.4
98,3,38,14,3,1,1,0,3,0,0,3,177.9,6.9,69.9,22.2
6,45,55,43,3,3,3,3,2,3,2,0,13.3,82.5,101.5,81.9
26,54,104,9,3,2,2,0,2,2,2,2,49.300000000000004,98.2,188.20000000000002,14.2
55,4,44,16,1,2,0,2,3,1,2,3,97.5,9.2,77.2,28.8
24,53,11,64,1,1,1,0,1,1,1,0,43.7,95.9,20.3,115.2
13,40,33,178,1,3,0,0,2,3,1,2,22.900000000000002,73.5,58.4,318.40000000000003
34,34,102,18,2,0,0,1,1,1,1,0,63.2,60.2,182.6,33.9
185,50,7,3,0,3,3,3,3,1,0,2,330.0,93.5,17.1,7.9
27,63,46,60,1,0,0,2,1,0,0,1,49.1,113.4,82.8,110.0
55,39,41,28,1,3,2,2,0,1,3,2,100.5,73.7,73.8,51.4
103,5,31,6,2,2,2,1,3,2,0,2,185.4,10.0,58.800000000000004,10.3
49,109,58,65,1,3,1,3,2,1,3,2,87.7,199.70000000000002,102.9,119.5
20,164,12,7,2,3,0,0,3,2,1,3,36.0,297.7,20.6,9.6
30,27,67,24,3,2,1,1,0,3,2,1,58.5,48.6,120.10000000000001,43.7
11,53,68,131,2,0,0,0,1,3,0,2,21.8,92.4,122.4,233.8
37,53,126,68,2,0,0,0,0,1,3,1,69.60000000000001,94.4,223.8,121.4
141,49,2,33,1,0,2,1,1,2,3,3,254.3,86.2,3.5999999999999996,57.9
2,47,42,28,1,0,0,2,3,2,0,0,2.0999999999999996,82.60000000000001,75.60000000000001,53.4
20,35,10,14,2,0,3,0,0,3,2,3,39.0,60.0,20.5,22.2
164,16,29,47,1,0,2,2,0,2,3,3,296.7,26.8,52.2,84.60000000000001
46,2,61,58,2,1,0,3,2,3,3,3,83.8,2.0999999999999996,106.8,105.9
186,0,52,87,2,1,3,2,0,1,0,1,337.8,0.0,98.10000000000001,158.6
70,64,69,48,2,3,0,0,1,1,2,2,128.0,118.7,122.2,84.4
42,18,54,15,1,2,0,3,3,3,2,2,74.10000000000001,32.4,95.2,29.5
1,52,174,59,0,0,3,3,1,0,2,2,0.8,93.60000000000001,315.7,108.7
19,37,28,196,0,0,2,1,2,0,1,0,32.2,66.60000000000001,52.4,354.3
65,130,39,15,3,1,2,0,3,0,2,3,118.5,235.5,71.2,24.0
11,37,25,67,1,2,3,0,0,1,3,1,21.3,68.60000000000001,46.5,119.60000000000001
23,150,16,12,1,0,2,3,2,0,0,3,40.9,270.0,31.8,23.1
19,0,60,130,2,3,2,3,1,1,2,1,36.2,0.0,109.0,237.5
6,66,47,59,3,1,1,3,1,2,1,1,14.3,118.3,85.10000000000001,109.7
46,67,22,45,3,2,0,1,3,1,3,1,84.3,122.60000000000001,36.6,81.5
65,167,89,40,1,3,1,3,2,0,1,2,116.5,305.1,160.70000000000002,74.5
70,15,153,63,2,0,1,1,2,3,2,0,127.0,24.0,274.90000000000003,114.9
19,4,64,147,2,1,2,3,3,2,1,0,34.2,6.699999999999999,117.2,269.1
52,168,113,10,3,0,3,0,2,1,2,0,96.10000000000001,301.40000000000003,205.9,18.0
66,24,11,28,1,1,2,3,0,2,1,2,120.3,42.7,21.8,52.9
155,60,158,27,1,1,2,0,2,2,2,0,278.5,107.5,285.40000000000003,48.6
29,43,70,22,2,2,1,1,2,2,2,3,53.2,78.4,125.5,38.1
56,26,51,108,3,0,0,1,3,0,2,0,102.3,46.800000000000004,89.8,195.9
0,63,55,63,1,1,0,3,3,1,2,2,0.0,113.9,97.0,115.9
29,3,29,191,3,2,1,2,2,1,2,1,54.7,7.4,51.7,345.8
65,38,61,150,1,3,2,2,0,3,3,2,118.5,69.9,109.8,271.0
165,4,185,79,0,1,3,1,3,1,2,0,294.0,7.699999999999999,335.5,143.70000000000002
0,46,20,129,0,2,3,1,0,1,2,1,0.0,84.8,38.5,232.70000000000002
130,78,58,74,0,2,0,2,2,2,2,3,232.0,141.4,102.4,133.20000000000002
84,38,29,63,3,2,1,2,3,3,1,1,152.70000000000002,68.4,52.7,115.4
46,57,31,64,1,0,0,0,3,0,3,1,81.3,102.60000000000001,52.800000000000004,114.2
8,56,3,22,2,2,3,0,3,2,2,0,14.399999999999999,101.8,7.9,39.6
23,12,39,9,2,0,2,0,2,1,1,0,42.4,20.6,72.2,16.2
26,54,57,36,1,3,1,1,1,1,1,0,47.300000000000004,100.7,103.10000000000001,66.3
46,26,5,20,0,0,1,2,3,2,3,1,79.8,44.800000000000004,7.5,38.0
27,53,32,168,2,3,0,0,2,0,0,3,49.6,99.9,57.6,299.40000000000003
19,52,65,13,2,1,0,3,2,0,3,0,35.2,95.10000000000001,114.0,27.900000000000002
18,107,137,142,3,2,1,1,3,2,1,1,33.9,193.6,247.1,256.1
10,42,7,61,1,0,0,1,2,3,0,2,17.5,72.60000000000001,12.6,109.3
33,33,52,38,0,3,3,3,1,0,0,2,58.4,63.9,98.10000000000001,70.9
52,61,10,19,1,0,2,3,3,3,0,3,92.10000000000001,106.8,21.0,35.7
15,95,87,69,1,2,1,1,1,3,0,0,27.5,171.0,158.1,125.7
199,17,67,63,2,0,0,3,3,2,0,0,358.2,28.6,120.60000000000001,117.9
7,128,6,70,3,3,0,2,0,3,0,1,17.1,231.9,10.8,128.0
19,58,141,15,2,0,0,1,1,0,2,0,36.2,104.4,251.8,28.5
25,0,8,2,2,2,2,2,0,1,2,0,48.0,0.0,15.399999999999999,6.6
30,29,4,8,1,2,1,0,0,0,3,3,55.5,55.2,5.699999999999999,11.4
0,18,59,19,0,0,3,2,1,3,1,3,0.0,29.4,109.7,34.2
35,65,41,21,1,3,1,0,0,3,1,1,64.5,118.5,74.3,36.800000000000004
19,131,21,12,1,0,1,3,1,3,3,2,34.7,232.8,36.300000000000004,24.1
57,37,149,104,1,1,0,3,0,3,2,0,104.10000000000001,65.10000000000001,266.2,191.70000000000002
64,62,12,26,2,1,1,2,0,3,0,3,118.2,110.10000000000001,23.1,46.800000000000004
10,111,31,154,1,2,1,3,1,0,0,0,18.5,202.8,57.300000000000004,281.7
12,18,49,77,1,3,3,3,3,2,2,3,20.1,34.9,90.7,140.1
1,140,62,25,1,1,1,2,2,1,0,1,1.2999999999999998,252.5,113.10000000000001,47.0
21,20,160,0,1,0,3,0,1,0,2,1,38.300000000000004,36.0,290.5,0.0
20,60,26,17,2,0,3,1,3,2,2,0,36.0,106.0,49.300000000000004,32.1
62,51,27,25,3,0,1,2,1,0,0,1,115.10000000000001,91.8,50.1,47.0
61,34,24,56,0,3,2,3,1,2,3,3,108.8,63.7,43.2,102.3
54,64,67,63,1,1,0,3,3,2,2,1,95.7,114.7,118.60000000000001,116.9
25,13,77,34,2,2,1,0,0,3,1,2,48.0,23.400000000000002,139.1,59.2
34,45,15,1,1,1,1,0,2,2,0,3,60.7,80.5,28.5,0.0
65,45,45,14,2,1,3,3,0,3,2,1,120.0,79.5,83.5,28.7
6,193,55,72,1,2,2,1,0,2,0,3,12.3,348.40000000000003,102.0,128.1
92,1,38,56,1,1,0,2,1,0,3,3,166.1,3.3,65.4,100.8
65,30,23,84,2,0,1,3,0,2,1,0,120.0,52.0,41.9,155.70000000000002
33,92,35,172,3,1,0,2,1,2,0,1,62.9,165.1,63.0,311.6
10,161,29,43,2,1,3,3,3,1,0,1,18.0,290.3,56.7,80.9
46,137,29,189,2,1,0,3,2,1,1,1,83.8,247.1,51.2,343.7
55,0,36,69,3,3,1,1,2,0,2,2,101.5,0.0,64.3,123.7
16,53,32,40,2,1,2,3,1,0,2,1,30.8,96.9,58.6,75.5
28,42,8,36,0,2,0,1,0,2,0,3,50.4,76.60000000000001,14.4,63.3
150,57,27,14,1,2,2,2,1,0,0,2,270.5,105.60000000000001,51.6,26.2
62,13,3,8,2,0,2,1,2,3,3,2,112.60000000000001,20.400000000000002,5.4,13.9
135,50,30,61,0,1,2,3,0,0,1,1,243.0,91.5,56.0,113.3
60,168,52,52,1,3,0,0,1,3,3,0,108.5,303.90000000000003,90.60000000000001,93.60000000000001
57,55,153,60,2,1,2,2,1,3,1,2,104.60000000000001,97.5,277.40000000000003,109.0
164,70,70,63,3,0,3,2,1,2,0,3,298.7,124.0,130.5,113.4
122,25,152,46,3,0,0,3,1,1,1,2,223.1,44.0,272.6,85.3
30,0,9,7,2,0,0,3,0,3,2,1,57.0,0.0,14.2,16.1
33,49,20,59,3,3,0,0,2,3,2,0,61.9,89.7,34.0,106.2
148,41,1,34,1,0,1,3,3,2,3,1,264.90000000000003,71.8,0.2999999999999998,64.7
5,26,48,16,1,3,3,0,3,1,2,1,7.5,50.300000000000004,88.9,27.8
25,199,42,41,0,2,0,3,1,3,3,2,44.0,358.2,72.60000000000001,76.3
94,33,44,92,1,0,1,3,3,3,1,3,167.70000000000002,56.4,79.7,167.1
20,5,128,31,0,0,3,1,2,3,0,0,34.0,6.0,234.9,57.300000000000004
187,95,15,176,1,1,2,1,0,3,1,1,338.1,169.5,29.0,317.3
37,83,51,4,0,0,2,0,0,3,2,2,66.60000000000001,146.4,92.8,5.2
0,103,76,52,3,2,3,0,1,0,3,0,0.0,188.4,138.3,93.60000000000001
50,32,22,50,3,1,0,2,3,2,0,0,91.5,57.1,39.6,93.0
49,59,53,27,3,0,3,2,2,0,2,2,90.7,106.2,97.9,49.6
28,15,68,56,0,0,3,1,1,3,1,2,49.4,24.0,125.9,100.3
171,35,34,147,0,0,3,2,1,1,1,0,306.8,62.0,64.7,267.6
23,28,36,67,3,0,1,3,1,1,1,3,44.9,49.4,65.3,122.10000000000001
26,35,6,67,0,2,3,0,1,3,3,1,45.800000000000004,63.0,12.3,119.60000000000001
27,2,7,38,2,2,3,1,1,2,3,3,50.6,4.6,14.100000000000001,66.9
51,60,40,18,0,2,1,1,2,0,3,2,89.8,111.0,70.5,31.9
50,14,2,27,3,1,1,1,2,1,0,2,92.5,25.7,5.1,48.1
62,92,4,49,3,1,1,2,2,1,0,3,114.10000000000001,166.1,8.7,88.2
43,39,54,39,1,3,3,3,1,2,0,3,77.9,72.7,101.7,71.7
12,60,9,53,3,0,0,1,2,2,0,2,24.1,106.0,16.2,94.9
179,133,171,53,0,1,1,0,1,2,1,0,321.2,238.9,308.3,95.4
9,23,19,49,1,3,0,0,3,3,1,1,14.7,42.9,33.2,87.2
40,27,23,33,2,0,2,0,1,1,2,0,74.0,47.6,42.4,59.4
114,20,184,108,1,2,1,0,2,2,3,1,204.70000000000002,37.0,329.7,193.4
11,14,7,22,3,3,0,2,2,1,1,1,22.3,28.7,11.6,41.6
29,41,5,2,1,2,3,3,0,2,3,1,53.7,74.8,10.5,7.1
78,4,67,168,2,1,1,1,2,0,1,1,141.4,8.7,121.10000000000001,302.90000000000003
27,58,20,14,3,1,3,1,2,1,0,1,51.1,104.9,40.5,25.7
37,113,8,32,1,1,1,3,0,3,1,2,68.10000000000001,201.9,14.9,60.1
91,56,6,51,0,2,2,2,0,2,1,2,163.8,101.8,12.8,92.8
27,59,54,111,1,0,2,0,2,1,0,0,48.1,105.2,100.2,199.8
0,27,32,23,2,2,0,1,3,2,2,2,0.0,49.6,55.6,40.9
64,3,70,193,0,0,0,0,1,0,1,2,114.2,5.4,125.0,345.40000000000003
8,41,35,18,3,3,3,0,0,0,3,1,18.9,78.3,64.5,31.4
51,30,184,50,0,1,0,1,0,2,3,1,91.8,53.5,328.2,90.5
28,53,189,4,1,0,1,2,0,1,3,1,51.9,94.4,338.7,9.2
43,57,29,67,0,1,0,0,1,3,0,3,76.4,101.10000000000001,52.2,117.60000000000001
28,38,123,46,1,2,0,2,3,1,1,1,48.9,70.4,220.4,84.8
21,61,18,30,2,1,0,3,3,2,0,3,37.800000000000004,109.3,32.4,55.5
13,20,7,150,3,3,3,0,1,0,0,2,26.900000000000002,40.5,17.1,268.0
52,66,46,51,2,0,3,2,1,2,1,2,95.60000000000001,116.8,86.3,92.8
30,105,66,53,3,2,1,0,1,0,3,3,57.5,192.0,117.3,92.4
11,40,39,58,3,0,0,1,2,2,1,1,22.3,70.0,69.2,104.9
46,155,64,6,2,1,0,1,0,2,3,0,85.8,278.5,112.2,12.3
13,49,24,177,2,2,2,1,0,3,1,1,26.400000000000002,88.2,45.2,319.1
7,42,25,5,3,2,2,3,0,3,3,0,17.1,75.60000000000001,45.0,13.5
72,57,8,62,1,1,0,0,0,0,3,3,131.1,104.10000000000001,11.4,108.60000000000001
63,54,20,42,0,3,2,1,3,0,0,1,110.4,101.7,39.0,76.10000000000001
61,49,165,24,2,1,3,0,1,2,1,0,111.8,87.7,300.5,43.2
9,195,50,54,0,1,2,0,1,3,3,0,15.2,349.5,90.0,97.2
65,69,69,159,0,2,2,0,1,0,0,3,116.0,127.2,127.2,283.2
75,71,7,56,3,0,2,1,3,3,2,2,136.5,124.8,13.6,100.3
40,15,148,16,2,0,0,0,1,2,1,0,74.0,25.0,265.40000000000003,28.8
58,28,50,53,2,0,1,1,2,3,1,3,105.4,47.4,90.5,93.9
44,36,31,59,3,3,3,2,0,0,1,3,83.7,69.3,59.300000000000004,106.2
15,67,37,99,3,3,0,3,2,2,3,3,29.5,123.10000000000001,63.60000000000001,179.70000000000002
72,127,17,65,3,1,0,1,1,2,2,1,133.1,228.1,28.6,117.5
142,28,28,56,1,1,1,2,1,0,2,0,256.1,51.9,49.9,103.8
46,5,29,23,0,3,2,0,0,0,3,2,82.8,13.5,52.2,39.4
31,195,10,76,2,0,1,2,0,1,1,1,58.800000000000004,350.0,18.5,138.8
50,13,67,19,1,0,2,3,0,1,3,1,91.5,22.400000000000002,120.60000000000001,37.7
41,22,33,44,2,1,3,3,3,1,0,3,73.8,40.1,63.9,80.7
6,26,76,119,1,1,2,3,3,1,1,3,9.3,47.300000000000004,138.8,215.70000000000002
18,34,7,40,0,0,1,1,0,2,3,0,32.4,59.2,11.1,73.5
166,93,4,40,0,3,3,2,3,2,3,3,295.8,169.9,8.7,72.0
128,28,182,70,0,0,1,1,2,3,1,0,228.4,47.4,328.1,127.5
27,23,125,176,2,0,0,0,2,3,0,0,49.6,38.4,225.0,316.8
22,18,40,54,3,0,1,2,1,3,3,2,43.1,29.4,70.5,98.2
0,109,7,21,1,2,1,3,2,1,3,2,0.0,198.20000000000002,11.1,40.300000000000004
54,26,16,124,2,0,2,2,1,1,1,2,99.2,45.800000000000004,30.8,224.20000000000002
54,8,20,3,2,0,2,1,1,3,3,0,99.2,11.4,36.0,6.9
28,41,18,136,3,1,1,2,1,3,3,0,53.9,72.3,30.9,247.8
32,160,72,48,0,3,2,2,1,1,3,0,56.6,291.5,129.6,89.4
40,3,55,124,2,2,2,2,0,3,0,0,75.0,5.4,102.0,226.20000000000002
36,14,38,19,2,1,2,0,3,1,1,3,64.8,25.7,70.4,31.200000000000003
1,162,22,32,2,3,2,0,3,1,2,3,1.7999999999999998,295.1,40.6,54.6
15,181,76,3,2,1,2,1,0,1,0,2,30.0,326.3,139.8,4.9
171,161,53,20,3,3,3,3,1,0,3,0,311.3,294.3,96.9,40.5
16,65,120,45,3,2,2,2,2,2,2,1,31.299999999999997,118.0,217.0,83.0
19,60,52,72,0,0,0,3,1,1,1,1,33.2,107.0,92.60000000000001,133.1
14,8,37,3,1,2,0,0,1,1,0,1,25.7,16.4,66.60000000000001,4.4
53,28,54,7,0,3,3,0,2,0,1,2,93.4,54.9,100.7,10.6
157,191,61,134,0,3,2,3,1,1,1,2,281.6,347.3,111.8,243.70000000000002
9,2,28,23,0,3,1,2,3,2,0,2,13.2,6.1,51.9,42.4
53,15,35,63,2,2,1,1,1,1,0,0,97.4,29.0,64.5,114.9
11,119,21,51,0,3,3,2,0,0,2,3,19.8,218.70000000000002,40.300000000000004,91.8
54,14,100,35,2,0,0,3,0,2,2,0,100.2,23.2,178.0,67.5
38,10,178,177,1,2,3,2,3,0,1,1,66.9,21.0,323.90000000000003,320.6
43,24,171,67,2,1,1,2,3,1,3,3,77.4,43.7,306.3,120.60000000000001
39,26,32,42,2,3,0,2,0,0,2,2,73.2,51.300000000000004,55.6,76.60000000000001
1,1,26,68,3,1,2,3,3,2,0,3,3.3,1.2999999999999998,49.800000000000004,123.9
56,113,23,79,0,0,3,1,2,2,1,2,98.8,201.4,44.9,141.70000000000002
62,63,195,31,2,2,0,1,3,0,1,0,111.60000000000001,116.4,350.0,57.300000000000004
80,21,74,54,2,2,1,0,3,3,3,3,144.0,37.800000000000004,131.70000000000002,94.2
89,14,106,43,3,0,0,0,3,1,2,0,161.70000000000002,24.2,188.8,77.4
6,30,41,61,3,0,0,2,0,3,1,3,15.3,51.0,72.8,109.8
57,24,68,39,2,3,1,2,0,1,1,3,105.60000000000001,46.7,122.9,70.2
34,48,68,194,3,0,3,3,3,3,0,0,62.7,83.4,126.9,353.7
141,190,7,30,2,0,2,2,2,2,2,0,254.8,340.0,13.6,57.0
32,181,16,1,2,3,1,3,3,2,0,0,57.6,328.3,30.3,6.3
11,32,27,131,2,0,0,1,3,2,0,3,19.8,55.6,48.6,234.3
33,9,18,56,2,2,1,1,0,2,3,2,62.4,17.2,30.9,100.3
64,59,159,52,0,3,1,2,1,2,1,1,114.2,108.7,286.7,95.60000000000001
7,16,22,88,0,1,0,0,2,0,3,2,10.6,30.3,36.6,156.4
148,93,121,110,3,0,0,3,3,1,0,1,267.90000000000003,166.4,217.8,201.5
35,38,28,42,0,0,3,0,2,3,0,1,61.0,65.4,54.9,74.60000000000001
16,66,57,8,2,3,1,3,3,0,2,2,28.8,123.3,102.10000000000001,16.9
119,36,69,52,0,0,3,0,3,0,2,2,211.20000000000002,64.8,126.69999999999999,91.60000000000001
24,1,8,105,1,1,2,1,1,1,3,0,43.7,2.3,14.399999999999999,190.5
14,75,10,119,1,2,2,0,3,2,3,0,23.7,136.0,18.0,214.20000000000002
40,31,20,183,0,0,2,1,0,2,3,0,72.0,53.800000000000004,36.0,330.90000000000003
46,40,70,120,0,2,0,2,2,0,2,3,80.8,75.0,124.0,216.0
8,88,66,11,3,3,2,0,3,3,1,2,15.899999999999999,159.9,120.8,17.8
23,142,35,199,0,3,2,0,0,3,3,0,41.4,257.1,63.0,358.2
144,59,90,60,3,1,0,2,3,1,1,1,260.7,106.7,161.0,110.0
84,15,167,122,0,2,1,2,2,3,0,0,149.20000000000002,27.0,302.1,222.6
61,65,46,150,3,1,3,2,1,0,2,0,113.3,118.5,85.3,273.0
145,28,49,49,1,1,3,2,0,1,3,2,262.5,50.9,89.7,89.2
47,19,52,43,3,0,1,3,1,1,1,3,88.10000000000001,33.2,94.10000000000001,78.9
156,118,1,64,2,1,1,3,1,2,3,1,282.8,211.9,0.2999999999999998,118.7
57,10,35,24,3,2,3,1,2,3,2,3,105.10000000000001,18.0,65.5,41.7
50,60,115,7,1,3,1,3,0,3,0,2,91.5,109.5,208.5,15.100000000000001
7,70,53,28,1,1,2,1,0,3,3,3,14.1,124.5,95.4,48.9
11,61,8,24,2,2,0,1,2,2,3,0,20.8,110.8,11.4,44.7
31,37,71,38,3,3,1,2,1,3,2,0,59.300000000000004,68.10000000000001,127.30000000000001,71.4
6,51,34,32,2,1,2,0,2,2,1,1,11.8,91.3,63.2,56.6
29,7,40,63,2,3,2,0,0,2,2,2,55.2,15.100000000000001,73.0,111.4
65,151,170,125,0,0,1,3,3,2,1,3,114.0,269.8,306.5,226.5
69,25,19,35,3,3,1,0,2,0,3,0,126.69999999999999,49.5,32.7,63.0
182,4,189,1,3,1,0,2,1,0,3,0,331.1,8.7,337.2,4.8
126,3,87,10,1,1,3,2,2,3,1,3,226.3,3.9000000000000004,160.1,18.0
31,57,60,63,0,2,0,3,0,3,1,1,55.800000000000004,102.60000000000001,107.0,116.9
23,27,14,8,0,3,1,1,3,0,2,1,38.4,53.1,24.7,14.9
18,37,56,38,3,2,3,0,2,3,3,1,34.9,66.60000000000001,102.3,67.4
11,70,10,6,3,3,1,0,1,0,2,1,23.3,130.5,17.5,9.8
58,21,36,9,0,0,3,1,3,3,3,0,101.4,34.800000000000004,66.3,17.7
115,46,2,21,0,2,2,0,3,0,0,0,204.0,85.8,6.6,37.800000000000004
60,158,46,19,2,1,1,2,3,3,3,3,108.0,282.90000000000003,81.3,34.2
50,13,93,194,3,2,3,2,1,3,0,2,93.5,23.400000000000002,171.9,350.2
18,199,47,29,1,3,3,1,2,1,3,0,31.9,361.7,86.10000000000001,53.7
48,36,58,29,2,2,1,1,0,2,0,1,89.4,65.8,105.9,52.7
8,37,4,42,2,1,3,2,0,2,2,0,17.4,66.10000000000001,9.7,78.60000000000001
65,46,14,55,1,1,2,0,2,2,1,0,116.5,82.3,27.2,99.0
45,64,1,11,0,2,2,0,3,0,1,0,78.0,118.2,3.8,19.8
126,20,26,17,1,2,2,1,1,0,0,3,227.3,39.0,49.800000000000004,29.1
15,24,61,51,1,1,3,3,3,0,2,3,25.5,44.7,112.3,93.3
60,124,180,63,0,1,0,1,1,0,2,0,107.0,224.70000000000002,322.0,114.9
93,39,56,13,0,3,3,3,1,2,3,3,166.4,72.7,102.3,24.900000000000002
4,0,3,63,0,0,2,3,2,0,3,1,5.2,0.0,5.4,116.9
62,29,33,19,0,1,0,3,3,2,2,1,108.60000000000001,51.7,57.4,37.7
25,26,40,59,3,1,1,3,2,3,0,0,47.5,45.300000000000004,73.5,110.7
111,54,27,63,0,3,3,0,0,3,0,2,199.8,98.7,53.1,111.4
31,66,28,14,0,1,1,2,1,2,1,2,54.800000000000004,118.3,50.9,26.2
19,59,30,67,3,1,3,2,3,2,0,0,35.7,105.7,58.5,123.60000000000001
64,51,31,26,1,3,0,3,1,2,3,3,115.7,94.3,52.800000000000004,48.300000000000004
57,28,14,69,2,3,0,1,2,0,3,0,103.60000000000001,54.9,22.2,125.7
52,35,3,57,0,3,0,2,0,2,2,2,93.60000000000001,65.5,3.4000000000000004,103.60000000000001
40,37,55,11,1,3,0,3,0,2,2,0,73.5,69.10000000000001,97.0,24.3
54,46,186,23,2,3,1,0,2,3,0,1,98.2,84.3,336.3,40.4
47,54,36,14,3,2,3,2,3,1,0,2,86.10000000000001,99.2,69.3,26.2
5,66,5,194,0,0,1,2,1,1,3,1,8.0,117.8,7.5,351.2
27,168,25,24,3,2,0,0,3,0,1,3,50.1,305.40000000000003,44.0,40.2
195,43,33,15,2,0,3,3,0,0,3,2,354.0,77.4,60.9,29.5
45,26,123,30,3,3,1,1,0,2,2,2,85.5,49.300000000000004,220.9,53.5
38,187,115,23,3,1,0,2,2,1,3,3,70.9,337.1,204.0,41.4
56,61,57,58,2,1,0,3,0,1,0,3,103.8,110.3,102.60000000000001,105.9
21,120,50,54,0,1,1,1,3,2,2,0,34.800000000000004,215.5,89.5,98.7
58,5,5,170,1,3,1,2,2,2,0,3,103.9,11.5,10.5,306.0
129,39,18,178,1,1,3,2,3,2,0,2,230.70000000000002,69.7,36.9,321.40000000000003
19,3,69,104,3,3,3,0,1,1,0,3,37.7,8.9,128.7,184.20000000000002
50,49,56,34,2,1,3,2,3,3,2,1,90.0,86.7,103.3,63.2
186,61,44,4,3,1,2,0,2,3,3,1,337.3,108.3,79.2,6.2
18,170,68,29,1,1,2,3,3,0,3,3,30.9,307.5,122.4,53.7
81,35,59,26,0,0,2,0,2,3,0,1,143.8,60.0,109.2,45.800000000000004
11,19,54,5,2,1,3,1,1,2,2,1,21.8,33.7,99.7,9.5
68,56,53,79,0,3,0,1,2,2,2,3,120.4,103.3,93.4,140.70000000000002
125,5,7,28,1,0,1,2,0,0,0,3,226.5,9.0,14.1,50.4
37,45,34,0,3,3,1,1,3,1,2,2,68.10000000000001,84.5,60.7,0.0
63,51,57,42,0,3,0,2,2,0,0,3,111.4,96.3,102.60000000000001,75.60000000000001
62,152,53,20,3,3,3,0,0,0,2,1,116.10000000000001,278.1,97.9,35.0
55,55,156,45,0,2,2,2,2,0,1,3,97.0,102.0,282.8,81.0
147,40,21,4,0,0,0,1,0,2,1,3,264.6,70.0,36.800000000000004,5.699999999999999
53,0,114,67,1,0,0,0,3,1,0,2,93.9,0.0,205.20000000000002,118.60000000000001
162,50,44,129,0,2,3,2,0,0,0,1,291.6,93.0,83.7,234.20000000000002
53,47,50,65,0,0,3,1,2,1,2,0,93.4,83.60000000000001,92.5,118.5
9,9,37,2,0,0,0,2,2,3,0,0,14.2,13.2,66.60000000000001,6.6
177,52,34,69,1,0,1,0,1,2,1,1,319.1,91.60000000000001,61.7,123.2
68,9,115,30,3,1,2,0,0,2,1,1,126.9,15.7,209.0,53.0
12,152,34,70,1,1,2,0,3,2,1,1,20.1,273.1,63.2,125.0
63,51,183,102,2,2,3,2,2,3,0,3,114.4,91.8,333.90000000000003,183.6
53,64,142,36,1,1,1,1,2,3,0,1,94.9,113.7,257.1,65.3
69,67,67,27,2,1,0,1,2,1,0,2,125.2,121.10000000000001,120.60000000000001,48.1
105,43,12,102,3,0,2,2,3,0,0,3,190.5,77.4,24.6,183.6
57,6,74,35,3,1,1,0,2,2,3,3,105.10000000000001,10.3,131.70000000000002,60.0
62,14,68,148,3,2,2,1,1,1,3,2,115.10000000000001,27.2,122.4,265.90000000000003
197,45,1,51,0,1,1,0,3,1,0,3,351.6,81.5,3.3,88.8
50,51,199,15,1,2,1,2,3,2,2,0,88.5,92.8,357.7,30.0
21,74,61,25,2,1,1,2,3,0,3,3,37.800000000000004,134.70000000000002,108.3,45.0
47,48,22,199,1,0,0,1,1,0,0,0,85.10000000000001,86.4,39.6,359.7
194,67,89,3,1,3,3,2,2,2,3,2,348.7,123.10000000000001,161.70000000000002,6.4
5,37,3,15,1,0,3,3,1,1,0,2,9.5,65.60000000000001,9.9,29.5
32,10,53,17,2,3,2,2,1,1,0,2,59.6,21.5,98.4,31.6
32,31,28,60,3,2,2,3,2,2,2,2,60.1,56.800000000000004,51.4,110.5
1,167,38,21,0,3,1,2,0,1,2,3,1.8,304.1,67.9,37.800000000000004
22,50,52,19,1,1,2,2,2,3,1,1,39.1,88.5,95.60000000000001,36.2
17,131,70,65,3,3,0,3,2,2,3,3,33.1,238.3,123.0,118.5
17,49,21,48,1,3,1,3,2,3,1,0,30.1,89.7,38.300000000000004,90.9
20,68,69,7,0,3,3,2,3,1,2,2,33.0,125.9,126.69999999999999,13.6
36,68,3,9,0,1,2,2,3,3,2,3,61.8,120.9,6.4,16.2
28,50,41,52,2,3,0,2,3,2,3,2,50.4,92.5,70.8,94.60000000000001
38,14,42,128,0,2,0,1,3,0,3,3,65.4,28.2,72.60000000000001,228.9
185,27,60,34,2,1,0,3,0,3,1,3,336.0,47.1,107.0,62.7
58,40,28,0,2,1,3,1,3,3,1,2,104.4,70.5,53.9,0.0
22,34,35,58,0,0,3,2,1,1,2,1,38.6,60.2,65.5,106.4
118,175,34,3,2,0,0,1,0,1,2,3,215.4,314.0,59.2,3.9000000000000004
125,6,49,21,2,3,1,0,3,3,1,3,225.0,12.3,88.7,34.800000000000004
18,37,61,125,2,1,3,0,1,2,3,0,34.4,66.10000000000001,111.3,225.0
31,23,12,163,0,1,2,3,2,1,1,1,53.800000000000004,41.9,23.6,296.90000000000003
69,25,10,69,1,2,2,3,3,2,1,2,122.7,46.0,20.0,126.69999999999999
18,22,18,64,2,2,1,1,0,0,0,3,35.4,42.6,33.9,113.7
54,66,7,33,0,2,2,3,1,0,3,1,96.2,121.8,12.6,62.9
24,7,47,4,2,0,2,0,3,0,3,2,43.2,12.6,84.60000000000001,5.2
45,165,97,65,1,2,2,0,0,2,1,3,82.5,298.0,176.6,114.0
49,47,69,59,1,2,2,1,3,0,0,3,86.7,87.60000000000001,127.2,104.7
6,51,30,48,1,0,1,1,3,0,0,2,9.3,91.8,55.5,85.9
20,69,117,164,1,3,0,0,0,1,1,3,37.5,127.69999999999999,209.6,292.2
44,11,11,13,3,0,3,1,0,1,0,3,83.7,18.8,24.3,21.900000000000002
54,11,150,14,0,3,0,0,3,0,3,1,94.2,24.3,267.0,24.2
20,0,7,132,2,1,2,1,1,1,2,2,38.0,0.0,13.6,237.1
150,58,87,145,3,3,1,2,3,1,3,2,271.5,107.9,155.1,262.0
0,184,22,32,2,1,2,1,3,2,3,2,0.0,330.7,39.6,57.1
3,66,174,153,2,3,1,1,2,2,0,0,6.4,121.3,314.7,276.90000000000003
16,19,13,39,0,0,1,0,1,1,1,1,27.8,33.2,23.900000000000002,69.2
34,59,61,52,1,2,3,0,2,1,0,2,60.7,108.2,114.3,91.60000000000001
44,43,119,39,0,1,1,2,3,3,1,0,76.2,75.9,214.70000000000002,73.2
25,32,7,34,0,1,0,1,1,0,3,0,44.0,59.1,9.6,62.7
186,46,22,0,3,0,3,0,0,2,2,1,339.3,80.8,42.1,0.0
59,52,72,42,0,1,3,0,1,1,3,3,105.2,94.10000000000001,131.1,72.60000000000001
25,66,137,121,2,3,3,1,2,3,0,3,46.0,120.3,251.1,216.3
0,30,55,153,2,0,2,2,3,0,2,0,0.0,54.0,100.0,278.40000000000003
36,25,57,45,3,3,2,1,0,2,1,2,69.3,47.5,104.60000000000001,80.5
25,58,11,43,2,2,1,3,2,2,0,0,46.0,105.4,21.3,81.9
31,10,21,52,1,2,2,0,2,1,2,3,55.300000000000004,20.0,38.800000000000004,90.60000000000001
0,30,48,30,1,1,3,3,3,2,2,2,0.0,53.5,88.9,56.5
48,58,5,5,1,3,2,1,2,3,2,0,85.9,105.9,10.0,10.5
68,58,3,52,3,2,2,2,2,1,0,2,124.9,106.4,8.4,94.60000000000001
91,15,33,169,3,2,2,2,1,1,3,3,167.3,29.0,59.4,304.2
65,30,3,15,0,3,2,3,1,0,2,2,116.0,58.5,6.4,29.5
41,154,57,3,0,3,3,3,0,0,1,0,73.8,281.7,106.10000000000001,9.9
3,120,25,5,3,0,0,0,3,2,2,3,6.9,214.0,43.0,6.0
10,46,48,115,3,0,2,2,2,0,3,2,20.5,82.8,86.4,208.0
82,34,46,34,0,2,1,1,3,0,2,2,144.6,64.2,82.3,60.7
30,1,103,70,1,1,1,0,3,1,3,1,52.5,2.3,183.9,125.0
15,3,184,34,1,2,2,2,1,3,3,2,27.5,5.4,331.2,62.2
27,53,16,35,2,2,2,0,0,1,0,0,51.6,97.4,31.8,63.0
45,64,17,141,2,0,2,3,2,3,1,0,82.0,112.2,32.6,258.3
30,20,29,34,1,1,2,3,3,3,1,1,52.5,34.5,54.2,64.7
136,13,5,9,3,1,1,2,1,3,3,1,248.3,21.900000000000002,7.5,18.2
76,46,12,177,2,1,2,3,2,0,3,0,137.8,84.3,21.6,323.1
3,34,33,137,0,0,2,0,3,0,0,0,2.4000000000000004,61.2,62.4,246.6
48,27,2,167,2,2,1,3,2,2,2,1,87.4,49.6,3.0999999999999996,304.1
92,149,86,9,0,2,1,0,0,2,3,3,165.6,269.2,153.3,13.2
105,7,38,20,0,1,3,3,3,1,1,3,186.0,13.1,71.9,37.5
17,56,197,27,2,1,0,2,2,1,3,3,31.6,101.3,351.6,48.6
55,15,54,40,1,0,1,2,1,0,2,2,99.5,27.0,96.7,73.0
48,195,56,101,0,3,2,1,2,1,0,0,84.4,354.5,103.8,183.3
60,85,65,32,2,3,2,3,1,3,0,2,110.0,154.5,120.0,60.1
60,44,69,0,0,0,0,2,0,0,3,3,108.0,79.2,121.2,0.0
34,38,55,23,3,3,3,2,0,2,3,0,65.7,70.9,100.5,44.4
34,22,1,83,2,1,1,1,1,3,1,3,63.2,38.1,2.3,147.9
61,106,28,127,0,3,0,3,2,1,2,2,107.8,194.3,48.4,231.1
29,13,6,21,0,1,0,1,2,3,3,0,50.2,21.900000000000002,7.800000000000001,39.300000000000004
13,29,42,49,0,2,2,1,1,2,0,0,22.400000000000002,53.2,78.60000000000001,89.7
44,52,143,51,3,3,1,1,2,1,0,2,81.7,97.10000000000001,258.90000000000003,91.3
24,12,45,31,1,2,1,1,3,2,1,1,41.7,22.6,81.5,56.300000000000004
52,113,18,6,1,0,2,1,3,3,1,3,92.10000000000001,200.4,34.4,9.3
0,24,47,59,1,2,1,2,2,0,0,2,0.0,46.2,86.10000000000001,107.2
26,4,12,61,0,2,1,3,0,0,3,1,46.800000000000004,10.2,20.1,113.3
17,32,86,8,0,2,3,0,2,0,3,0,28.6,60.6,156.3,14.4
13,5,24,19,3,1,2,3,0,2,1,2,27.900000000000002,8.5,45.2,36.7
31,16,50,44,2,3,0,1,3,3,2,2,55.800000000000004,30.299999999999997,88.0,78.7
23,59,122,159,1,3,2,0,2,0,0,2,40.9,110.7,222.6,284.2
162,23,20,41,1,3,1,2,1,3,2,3,292.1,42.9,35.5,73.8
10,24,85,8,3,1,1,2,0,1,3,2,22.5,43.7,151.5,15.399999999999999
1,33,39,92,3,1,3,0,0,2,3,0,6.3,58.9,71.7,165.6
2,21,130,134,1,3,3,0,0,3,0,1,5.1,39.300000000000004,238.5,240.20000000000002
36,30,162,39,0,1,3,1,2,2,1,1,62.8,53.5,295.1,70.7
52,45,51,82,0,1,0,3,2,1,3,3,91.60000000000001,81.5,88.8,149.1
31,26,8,121,0,2,1,2,1,1,3,0,54.800000000000004,48.800000000000004,12.9,220.8
67,17,12,118,3,0,2,3,0,2,2,0,125.10000000000001,28.6,22.6,216.9
17,74,17,16,1,0,0,0,0,3,0,3,32.1,130.20000000000002,30.6,25.8
31,20,27,22,3,2,1,0,0,0,1,0,60.300000000000004,39.0,49.1,39.6
45,13,29,165,2,0,3,3,0,0,1,1,84.0,23.400000000000002,55.7,300.5
67,16,42,53,3,2,2,1,1,3,2,3,124.10000000000001,28.8,76.60000000000001,93.9
51,57,54,6,0,0,2,0,3,0,3,0,88.8,102.60000000000001,97.2,10.8
30,8,17,77,1,1,0,2,2,2,0,1,53.5,13.9,30.6,140.6
25,30,18,128,2,2,2,3,2,2,2,3,46.0,55.0,33.4,231.9
67,44,0,30,0,3,0,3,0,0,3,2,120.60000000000001,83.7,0.0,56.5
48,11,54,40,0,3,3,1,1,3,1,1,85.4,21.3,100.7,72.5
41,27,12,20,0,2,1,1,1,0,3,1,72.8,51.6,20.1,36.5
197,112,5,1,0,2,1,1,3,2,0,0,351.6,202.6,10.5,3.3
38,48,3,64,1,0,2,1,0,0,0,0,69.9,86.4,8.4,116.7
36,49,137,121,3,3,2,0,3,2,3,0,66.3,90.7,246.6,217.8
9,30,51,25,1,1,2,2,0,1,3,2,17.7,54.5,91.8,46.0
65,62,13,65,3,3,1,3,3,3,0,3,118.5,113.10000000000001,24.900000000000002,118.5
60,65,7,54,0,0,3,3,2,2,0,3,106.0,115.0,17.1,98.7
4,8,14,43,1,3,0,3,1,2,2,3,7.699999999999999,16.9,23.2,78.9
105,32,38,173,1,1,0,3,0,3,1,0,190.5,56.1,67.4,315.90000000000003
58,46,2,139,0,1,1,2,1,1,3,1,103.4,83.3,2.0999999999999996,252.20000000000002
17,21,63,51,3,0,1,2,2,3,3,2,33.1,34.800000000000004,111.9,92.8
113,15,27,70,2,3,2,2,2,1,3,0,204.4,30.5,48.6,129.0
69,27,28,41,0,0,3,2,1,1,1,0,123.2,47.6,53.9,76.8
41,10,60,49,3,2,1,3,3,2,3,0,75.3,19.0,106.5,92.7
47,33,49,40,0,2,3,3,3,3,1,2,81.60000000000001,59.4,91.7,74.5
22,67,13,57,1,1,3,0,3,1,1,0,38.1,121.10000000000001,26.900000000000002,102.60000000000001
1,4,26,34,3,1,1,3,3,2,3,1,3.3,6.699999999999999,45.300000000000004,64.7
135,44,51,3,1,2,0,1,1,1,3,0,243.5,81.2,88.8,6.9
10,42,58,40,1,0,2,2,1,2,1,0,18.5,73.60000000000001,106.4,75.0
25,37,66,31,3,1,0,2,2,2,2,1,47.5,66.10000000000001,116.8,57.800000000000004
40,42,0,40,3,0,0,2,2,0,0,3,74.5,75.60000000000001,0.0,72.0
21,49,23,8,0,0,1,2,2,2,2,0,35.800000000000004,86.2,40.9,17.4
29,10,41,161,0,1,0,2,3,2,3,0,49.2,17.5,70.8,292.8
24,25,64,28,3,1,3,1,1,2,1,3,46.7,44.5,118.7,48.9
61,9,118,24,1,2,3,3,1,3,1,0,110.3,16.2,215.9,47.7
52,64,4,54,2,0,1,1,1,1,0,2,95.60000000000001,114.2,8.7,96.7
29,35,157,66,1,1,1,0,2,1,0,0,51.7,63.5,284.1,118.8
12,27,130,14,0,0,3,0,0,2,2,2,21.6,46.6,236.5,23.2
45,67,4,67,3,1,1,3,1,3,0,3,84.5,119.10000000000001,8.7,122.10000000000001
11,171,9,60,0,3,3,0,0,0,0,1,19.8,312.3,20.7,107.0
60,102,36,43,1,1,0,0,2,3,0,2,107.5,182.1,64.8,75.4
56,171,35,37,3,2,1,1,0,2,3,1,105.3,308.8,61.5,67.10000000000001
29,25,13,24,3,2,2,3,2,3,1,0,54.7,45.0,25.400000000000002,47.7
124,46,20,20,3,2,2,3,2,1,1,3,225.70000000000002,84.8,38.0,37.5
53,9,64,32,2,1,2,2,0,3,3,2,98.4,14.7,115.2,58.6
38,52,44,149,3,2,2,1,3,1,3,2,69.9,95.60000000000001,79.2,267.7
16,155,0,66,0,2,0,0,0,1,3,3,28.8,281.0,0.0,115.8
81,170,14,4,3,2,1,0,1,2,3,3,149.3,307.0,23.7,4.2
10,114,48,84,1,2,3,1,1,2,2,3,18.5,206.20000000000002,88.9,149.70000000000002
2,34,21,50,0,3,2,2,3,3,2,0,0.6000000000000001,62.7,38.800000000000004,93.0
21,130,51,68,2,0,2,2,1,3,3,1,39.800000000000004,231.0,91.8,124.4
18,37,45,61,0,3,3,0,0,2,0,0,32.4,69.10000000000001,85.5,109.8
7,11,23,57,2,3,2,2,3,2,2,1,12.6,22.3,42.4,104.60000000000001
59,45,63,70,3,3,2,1,3,0,0,1,107.7,85.5,116.4,126.5
13,23,40,39,1,1,3,3,2,0,3,1,22.900000000000002,42.9,73.5,73.7
69,81,60,4,1,3,2,1,1,0,0,0,124.7,150.3,111.0,8.7
117,41,44,80,0,3,3,3,3,2,2,0,207.6,76.3,81.7,148.5
36,56,44,30,0,0,0,2,2,1,0,2,62.8,99.8,79.2,55.0
17,0,52,58,3,3,1,3,2,2,3,3,33.1,0.0,92.10000000000001,105.9
34,23,39,153,2,2,0,0,1,2,2,2,63.2,42.4,68.2,273.40000000000003
14,4,108,54,1,1,1,0,0,2,3,0,26.7,6.699999999999999,192.9,97.2
24,50,61,64,2,1,0,0,0,0,3,0,46.2,91.5,106.8,115.2
27,21,20,22,1,0,1,0,1,2,0,2,49.1,35.800000000000004,37.5,37.6
35,56,81,68,2,2,0,1,2,1,0,0,64.0,102.8,145.8,123.9
36,14,36,16,2,1,0,3,1,3,2,1,66.8,23.7,62.8,32.3
59,12,0,48,1,1,1,2,2,0,1,1,105.7,23.1,0.0,88.4
170,38,177,56,2,2,3,2,0,3,0,1,309.0,68.4,323.1,102.8
0,196,30,49,2,3,1,0,2,1,0,2,0.0,356.3,55.5,86.2
68,20,13,36,2,0,2,3,1,0,0,1,124.4,36.0,26.400000000000002,68.3
28,32,187,60,3,2,2,0,3,0,3,3,51.9,60.6,336.6,105.0
173,63,24,64,0,1,1,1,3,2,0,2,308.40000000000003,112.9,44.7,114.7
47,37,102,83,3,1,1,2,0,3,1,0,89.10000000000001,65.10000000000001,184.1,152.4
15,56,68,3,3,1,2,0,2,3,2,1,29.5,99.3,123.4,4.4
61,18,19,15,2,1,0,2,1,3,3,1,111.8,30.9,31.200000000000003,29.0
14,172,39,51,3,2,0,3,2,0,1,1,27.7,312.6,69.2,95.3
199,27,18,65,2,1,3,0,1,3,0,2,360.2,47.1,36.9,115.0
109,50,159,63,3,2,3,3,3,3,2,3,197.70000000000002,90.0,288.7,114.9
137,8,136,4,2,1,0,0,0,0,2,0,249.6,15.9,242.8,7.2
28,123,1,147,0,1,2,0,3,2,3,0,47.4,220.9,1.7999999999999998,264.6
15,121,139,15,0,3,2,2,0,2,2,3,27.0,220.3,251.20000000000002,27.0
28,14,44,33,1,2,2,2,0,3,1,1,51.9,25.2,81.2,61.4
18,70,66,38,2,0,3,0,1,3,2,3,34.4,123.0,121.3,65.4
5,66,57,170,0,2,2,2,2,3,1,3,7.0,118.8,104.60000000000001,306.0
174,43,29,188,1,3,0,2,2,2,1,3,312.7,79.9,51.2,338.40000000000003
67,29,19,54,3,0,2,3,2,2,0,2,123.10000000000001,50.2,37.2,99.7
9,140,54,7,1,2,3,2,3,3,3,1,14.7,252.0,98.7,14.6
3,56,60,37,0,2,1,1,2,0,2,2,3.4000000000000004,103.8,107.5,66.10000000000001
50,137,178,30,0,3,0,2,1,0,3,1,89.0,251.1,317.40000000000003,56.0
16,81,51,2,1,2,1,0,3,3,0,2,27.3,145.8,93.3,1.6
181,68,8,8,3,1,1,3,2,2,3,2,328.3,121.9,12.9,16.9
148,2,50,145,0,0,2,0,3,2,1,3,263.40000000000003,1.6,92.0,258.0
2,12,152,151,0,1,1,2,1,2,1,1,2.6,21.1,274.1,273.8
69,28,68,62,2,0,3,0,3,3,3,2,124.2,47.4,123.9,109.60000000000001
180,61,71,93,2,3,3,2,0,3,2,2,327.0,111.3,130.3,168.4
39,42,55,32,1,0,3,3,1,0,3,2,70.7,75.60000000000001,100.5,60.1
30,4,57,154,2,1,0,3,1,0,3,0,56.0,8.7,99.60000000000001,281.7
38,40,37,8,2,0,2,0,1,1,1,3,70.4,71.0,68.60000000000001,11.4
45,42,168,68,2,2,3,1,2,3,2,0,82.0,75.60000000000001,304.90000000000003,123.9
31,172,50,24,1,2,1,2,0,0,1,3,57.300000000000004,312.6,90.5,43.2
167,20,48,40,2,2,0,1,3,0,1,1,300.6,39.0,85.4,72.5
51,53,173,22,1,1,3,2,0,0,3,2,93.3,96.9,312.90000000000003,40.6
62,123,25,27,0,3,0,0,2,1,3,1,109.60000000000001,224.9,42.0,47.6
106,70,54,2,1,1,0,3,0,1,1,2,192.3,126.5,96.2,6.1
26,45,44,61,3,2,1,3,1,2,2,2,50.300000000000004,82.0,78.7,112.3
9,44,46,190,1,1,1,2,0,2,1,2,17.7,78.7,83.3,343.0
46,136,56,47,1,0,0,3,0,2,1,0,84.3,242.8,99.8,89.10000000000001
65,64,157,12,3,2,2,3,3,0,2,0,118.5,118.2,283.6,26.1
155,24,157,16,2,1,1,0,0,2,3,2,282.0,42.7,281.1,26.8
1,24,25,168,0,3,1,3,3,0,1,3,0.0,47.7,45.5,303.90000000000003
92,2,38,166,2,3,3,2,3,0,1,3,165.6,8.1,71.9,298.8
42,59,0,52,1,1,0,2,1,3,2,2,76.10000000000001,104.7,0.0,94.60000000000001
162,45,37,17,2,1,0,3,1,3,2,3,293.6,79.5,64.60000000000001,32.1
61,24,2,63,0,0,3,3,0,2,0,1,109.8,41.2,8.1,116.9
65,39,56,0,3,2,1,1,2,1,1,0,119.5,72.2,101.3,0.0
18,165,64,5,3,3,1,0,3,1,1,3,33.9,300.5,115.7,6.0
44,17,60,152,2,2,1,1,3,0,3,1,79.2,33.6,106.5,274.1
31,26,34,65,3,2,0,0,2,2,1,2,58.300000000000004,47.800000000000004,60.2,115.0
26,169,3,15,3,0,1,3,2,3,3,2,49.300000000000004,301.2,3.9000000000000004,29.5
4,2,55,43,1,0,1,0,1,1,3,3,7.699999999999999,2.6,97.5,74.4
28,200,31,5,2,2,0,1,3,0,3,1,50.4,363.0,52.800000000000004,9.5
58,46,10,6,1,3,0,1,0,1,0,0,105.9,86.3,18.0,12.3
117,37,57,39,0,3,0,3,0,1,1,2,210.6,70.10000000000001,101.60000000000001,72.7
45,108,26,31,1,3,0,3,2,2,1,2,80.5,196.9,45.800000000000004,58.300000000000004
64,40,39,23,1,2,2,0,1,2,3,0,115.7,73.0,70.2,41.4
83,53,79,22,0,1,0,3,1,1,0,3,148.4,95.9,142.20000000000002,41.1
59,178,51,20,1,2,2,3,3,2,3,3,104.7,321.40000000000003,91.8,37.5
62,95,69,25,0,0,3,2,1,1,1,2,110.60000000000001,170.0,127.69999999999999,46.0
8,39,92,46,1,1,2,2,1,3,1,3,14.9,68.7,167.6,82.8
64,43,42,66,3,0,2,1,1,2,1,3,118.7,75.4,77.60000000000001,117.3
36,59,17,165,1,2,2,0,2,1,1,0,64.3,108.2,32.6,297.0
37,48,34,42,3,1,0,3,3,1,2,0,68.10000000000001,86.9,59.2,80.10000000000001
3,17,68,18,2,2,0,2,0,2,0,0,8.4,31.6,122.4,35.4
172,23,137,51,3,2,3,2,1,1,2,0,313.1,43.4,249.1,94.8
26,20,21,32,3,1,2,0,0,2,0,2,51.300000000000004,35.5,40.800000000000004,55.6
2,55,27,23,3,2,3,0,2,0,0,3,6.1,102.0,53.1,38.4
0,46,23,92,1,3,3,3,0,0,0,3,0.0,87.3,45.9,167.1
24,189,16,161,0,0,3,3,2,3,0,1,41.2,337.2,33.3,293.3
40,7,130,3,1,1,0,2,2,3,3,2,71.5,11.1,231.0,6.4
108,68,14,18,2,1,1,0,1,0,3,2,196.4,123.9,23.7,30.4
128,26,25,1,1,3,3,2,0,0,3,1,231.9,51.300000000000004,46.5,3.8
25,46,42,49,3,0,2,0,1,3,3,1,48.5,79.8,75.60000000000001,87.2
18,23,5,17,1,0,1,3,1,0,1,3,32.9,41.4,9.5,32.1
42,166,4,20,0,2,0,3,0,0,2,1,75.60000000000001,301.8,5.2,39.5
30,40,5,73,3,3,2,3,2,0,2,2,56.5,76.5,10.0,133.9
113,139,4,18,1,2,0,3,3,0,1,3,201.9,253.20000000000002,6.2,33.9
127,25,64,33,0,1,3,1,2,0,2,0,226.6,46.5,117.7,60.9
51,50,165,157,2,3,3,2,0,3,2,0,94.8,91.5,299.5,285.6
64,7,46,13,1,0,1,1,3,1,2,2,113.7,11.6,82.3,22.900000000000002
8,17,10,163,2,0,3,1,1,2,0,0,16.4,28.6,22.5,294.90000000000003
4,22,15,10,3,0,1,2,0,0,2,3,11.7,39.6,26.5,18.0
22,147,152,22,0,3,1,3,2,0,1,0,37.6,269.1,274.1,44.1
125,88,51,70,2,0,2,1,1,2,2,3,227.0,156.4,92.8,124.5
158,15,11,6,0,2,1,3,0,3,2,3,284.40000000000003,27.0,19.3,12.3
28,61,63,48,3,1,1,3,0,2,0,2,54.9,109.3,114.9,88.9
133,144,62,22,0,0,2,0,0,3,2,2,239.4,256.2,112.60000000000001,37.6
20,15,21,32,3,3,3,1,0,1,1,3,40.5,30.5,41.300000000000004,56.1
2,30,29,0,0,1,0,1,0,2,3,0,3.6,53.5,49.2,0.0
13,64,150,25,3,0,3,2,3,1,3,3,24.900000000000002,114.2,271.5,45.0
31,57,197,35,2,2,0,2,1,0,1,0,57.800000000000004,105.60000000000001,353.6,66.0
22,33,59,21,2,2,1,1,3,0,0,0,39.6,62.4,107.7,39.300000000000004
6,42,19,15,2,2,3,1,0,1,0,0,13.8,77.60000000000001,38.7,28.5
103,58,63,30,0,1,0,2,0,3,2,3,185.4,102.9,111.4,54.0
6,56,32,16,3,3,0,3,3,1,3,3,12.3,104.3,54.6,30.299999999999997
18,54,14,54,0,2,1,0,1,3,0,1,31.4,97.2,26.7,96.2
12,186,46,154,2,0,3,0,0,3,3,2,24.6,331.8,84.3,275.2
31,54,24,195,1,0,1,2,2,1,1,2,55.300000000000004,96.2,43.7,352.0
50,154,38,35,0,3,1,1,3,1,3,3,87.0,280.7,66.9,61.5
20,28,11,38,2,2,0,0,3,1,3,3,36.0,52.4,16.8,65.4
50,47,4,159,3,0,1,3,2,3,3,3,92.5,81.60000000000001,5.699999999999999,287.7
25,10,96,62,2,1,0,1,2,0,2,0,46.0,19.5,170.8,113.10000000000001
10,15,188,118,3,1,2,3,3,1,0,0,19.5,27.5,341.40000000000003,216.9
180,23,165,55,1,0,3,0,3,2,3,1,322.5,39.4,298.5,98.0
93,26,25,45,0,0,3,3,0,2,1,0,167.4,44.800000000000004,48.5,85.5
18,42,162,34,0,0,3,2,2,2,3,0,30.4,73.60000000000001,293.1,64.2
30,33,137,41,1,1,3,2,3,1,2,2,52.5,59.9,249.1,74.8
15,44,10,36,1,2,1,0,1,0,3,0,27.5,82.2,16.5,64.8
5,58,33,0,1,1,0,1,1,2,1,2,9.5,103.9,58.4,0.0
104,54,25,52,2,3,1,2,3,2,0,2,187.20000000000002,99.7,46.5,94.60000000000001
35,41,3,1,0,1,3,2,1,1,1,0,62.0,74.3,8.9,4.8
64,44,46,39,3,2,3,3,1,3,1,3,118.7,79.2,86.3,71.7
34,16,85,85,2,1,0,0,3,0,2,0,61.2,30.3,151.0,153.0
5,42,28,52,1,3,0,0,2,3,2,0,8.5,77.10000000000001,48.4,93.60000000000001
3,18,16,43,1,0,0,0,1,2,3,0,5.9,30.4,25.8,77.4
10,2,133,57,3,2,3,0,1,0,3,1,21.5,6.6,240.9,101.60000000000001
28,48,6,9,2,0,1,1,2,3,0,1,51.4,83.4,12.3,16.7
30,4,154,120,2,0,2,3,0,3,3,2,57.0,4.2,277.2,218.5
48,7,66,34,2,0,1,3,2,2,0,2,87.4,10.6,120.3,63.7
3,4,92,50,1,2,1,1,0,1,2,1,6.9,9.2,165.1,90.5
13,27,100,28,1,1,2,1,0,1,1,0,24.900000000000002,49.1,182.0,51.9
37,16,174,20,0,0,3,3,2,0,1,1,64.60000000000001,28.8,316.7,39.5
20,57,64,121,2,3,0,1,2,3,3,2,37.0,104.10000000000001,112.2,217.3
183,60,179,13,2,3,0,0,0,0,0,0,332.40000000000003,112.5,322.2,23.400000000000002
20,4,12,137,0,0,3,1,2,1,1,2,34.0,6.2,25.1,246.1
46,2,17,51,2,0,0,2,0,0,3,3,85.8,3.6,27.6,91.8
54,11,75,14,3,3,0,3,1,3,1,1,100.7,21.3,134.0,28.7
72,67,16,7,1,2,2,3,0,3,1,2,131.1,120.60000000000001,30.8,15.100000000000001
68,26,16,59,1,0,0,0,2,3,1,1,121.9,43.800000000000004,27.8,105.2
42,116,19,38,3,0,2,1,3,0,0,3,77.10000000000001,208.8,37.2,66.9
65,70,15,52,0,1,1,1,3,0,1,1,114.0,127.5,27.5,94.10000000000001
50,47,13,13,2,2,3,3,3,0,2,1,90.0,87.60000000000001,25.900000000000002,26.900000000000002
95,4,45,42,1,0,2,0,3,1,3,2,169.5,6.2,81.0,73.60000000000001
68,24,57,43,0,3,0,2,1,2,3,1,121.4,45.7,99.60000000000001,79.4
33,15,67,54,3,1,1,2,1,3,0,3,62.9,25.5,122.10000000000001,97.2
69,42,57,35,0,3,1,0,2,3,2,3,122.2,77.10000000000001,102.10000000000001,60.0
197,11,1,23,0,2,3,2,2,0,1,3,352.6,22.8,5.3,41.4
30,59,36,13,2,3,3,1,0,0,3,3,57.0,110.7,66.3,21.900000000000002
35,67,40,186,0,2,0,0,3,3,3,3,60.0,120.60000000000001,69.0,331.8
23,51,23,69,3,2,3,0,0,1,3,1,45.9,93.8,42.9,123.2
49,28,186,195,0,2,1,0,1,3,2,1,87.2,50.4,334.3,350.0
48,151,8,6,2,1,3,3,0,2,1,2,89.4,271.3,17.9,13.3
49,33,65,1,3,2,2,1,3,0,3,1,89.7,62.4,117.0,2.3
55,94,15,164,0,2,0,2,1,2,0,3,98.0,170.20000000000002,27.0,295.2
22,22,198,100,1,3,2,1,0,1,2,1,41.1,43.1,357.40000000000003,180.5
30,129,32,0,2,2,0,0,3,1,3,2,54.0,234.20000000000002,54.6,0.0
4,27,34,12,3,2,2,3,3,1,3,3,8.7,50.6,61.2,23.1
13,127,27,101,2,3,3,1,0,2,0,0,26.400000000000002,231.1,53.1,183.3
67,18,9,59,2,1,3,0,1,0,2,3,122.60000000000001,33.9,18.7,103.2
11,59,24,70,0,2,1,2,2,1,0,3,17.8,108.2,44.7,126.0
34,99,20,63,0,3,1,0,3,0,2,2,58.2,182.70000000000002,35.5,111.4
103,187,114,60,0,2,1,0,1,3,0,0,184.4,336.6,206.70000000000002,108.0
14,38,46,130,0,0,3,0,1,2,2,3,24.2,66.4,85.3,231.0
9,18,12,68,0,3,1,3,2,1,3,2,14.2,35.9,20.1,124.9
68,45,36,11,1,0,1,1,1,3,0,3,122.9,78.0,66.3,18.3
58,49,22,113,0,3,0,1,0,3,0,0,104.4,89.7,39.6,204.9
67,81,84,69,2,2,2,0,3,3,1,1,120.60000000000001,145.8,153.20000000000002,123.2
63,57,33,58,1,3,1,1,3,3,3,2,111.9,104.10000000000001,57.9,103.9
43,1,171,0,1,3,0,1,1,3,2,0,77.9,3.3,305.8,0.0
34,34,77,15,0,2,3,2,3,0,3,0,58.2,64.2,140.1,30.0
37,46,10,12,0,3,3,0,3,3,0,0,63.60000000000001,84.3,22.5,21.6
69,22,62,172,3,2,3,0,3,0,0,3,125.69999999999999,42.6,116.10000000000001,306.6
68,28,104,56,0,0,2,1,1,2,1,3,121.4,48.4,189.20000000000002,99.3
36,66,53,13,1,2,1,1,0,0,2,3,66.3,121.8,94.9,21.900000000000002
85,70,143,100,2,2,3,2,3,0,3,2,153.0,129.0,258.90000000000003,181.0
68,90,21,66,1,2,3,3,0,0,1,3,123.9,165.0,41.300000000000004,120.3
60,0,31,47,3,3,1,2,1,2,0,3,111.5,0.0,57.300000000000004,84.60000000000001
104,53,20,46,2,3,1,2,0,1,2,2,190.20000000000002,98.9,35.5,83.8
9,19,55,132,2,1,3,1,0,0,3,0,19.2,35.7,100.5,239.1
40,55,64,12,2,3,3,0,1,2,2,2,74.0,101.5,117.7,19.6
42,180,25,48,2,2,2,1,1,3,3,2,77.60000000000001,324.0,45.0,85.9
132,126,11,53,3,0,2,1,2,2,3,3,240.1,224.8,19.8,93.9
11,8,47,31,1,0,0,3,2,1,3,0,19.3,13.4,81.60000000000001,60.300000000000004
19,28,108,51,2,0,1,0,3,1,2,0,34.2,49.4,193.9,91.8
70,70,8,62,2,2,2,0,0,3,0,3,129.0,126.0,17.4,108.60000000000001
40,19,33,30,1,3,3,1,1,2,0,1,72.5,36.7,63.9,54.5
65,128,103,32,3,0,1,1,2,1,3,0,119.5,229.4,183.9,59.1
17,3,11,50,3,3,1,1,1,3,3,1,34.1,6.9,18.3,90.5
113,23,121,149,3,0,2,0,0,1,3,2,207.9,40.4,217.8,266.2
98,173,50,53,1,0,1,0,1,2,3,3,176.9,309.40000000000003,88.5,92.4
54,49,59,6,2,2,2,3,3,3,1,2,97.2,88.2,108.2,13.3
7,198,156,8,1,3,1,2,2,2,3,1,12.1,358.90000000000003,279.3,16.4
67,5,55,59,3,1,1,2,1,3,2,0,124.10000000000001,7.5,98.5,109.2
21,44,181,113,1,1,3,3,1,1,1,2,38.300000000000004,79.7,329.3,205.9
6,34,7,49,0,2,0,1,2,2,1,3,8.8,62.2,11.6,86.7
53,64,45,126,0,2,1,1,3,3,3,0,92.4,115.2,79.5,228.3
12,36,52,57,3,1,3,2,1,0,3,1,25.1,66.3,95.10000000000001,104.60000000000001
23,8,67,63,1,3,2,1,1,1,2,1,41.9,17.9,121.60000000000001,113.9
14,117,54,68,0,0,3,3,1,2,3,0,24.2,208.6,98.7,126.9
187,42,79,131,0,3,3,1,3,0,2,2,333.6,80.10000000000001,144.70000000000002,235.3
38,176,3,26,3,0,3,1,0,2,3,1,72.9,314.8,6.9,47.300000000000004
177,40,9,10,0,2,1,2,2,2,0,1,316.6,73.0,17.7,20.0
24,48,40,95,0,0,1,2,1,0,1,2,42.2,86.4,72.5,172.0
57,1,57,69,1,0,3,0,3,2,2,3,101.10000000000001,0.0,105.10000000000001,121.2
35,58,19,127,3,3,0,3,1,3,2,1,66.5,105.9,32.2,232.1
70,28,115,174,0,3,2,0,2,1,1,1,124.0,53.9,209.0,312.2
196,39,56,9,2,0,3,1,2,0,1,2,353.8,70.2,104.3,15.7
24,186,51,175,1,0,0,3,2,3,0,0,42.7,331.8,91.8,319.5
54,28,56,50,2,0,1,3,3,1,0,1,97.2,49.4,102.3,93.5
1,39,63,83,2,0,1,2,3,2,1,2,1.7999999999999998,68.2,113.9,150.4
42,33,0,50,1,0,3,2,3,1,0,0,74.10000000000001,58.4,0.0,93.0
22,69,36,9,1,0,0,3,1,1,3,1,40.1,123.2,61.8,19.7
59,99,31,50,0,0,0,3,2,1,1,2,104.2,177.20000000000002,54.800000000000004,92.5
39,26,30,4,2,2,2,0,0,0,1,1,73.2,49.800000000000004,56.0,6.2
5,56,40,26,3,2,0,2,3,1,2,3,10.5,102.8,70.0,46.800000000000004
47,8,7,5,2,2,1,1,2,0,1,3,85.60000000000001,17.4,13.1,7.5
10,24,6,195,1,0,3,3,0,0,0,3,19.5,43.2,15.3,352.5
24,50,178,36,0,2,3,3,1,0,3,1,42.2,93.0,321.90000000000003,68.3
132,182,150,44,1,2,2,0,1,2,2,1,238.1,328.6,271.0,78.2
39,97,22,59,3,3,2,2,2,0,0,2,72.7,179.1,42.6,107.2
19,93,15,166,2,3,3,1,3,0,1,3,34.2,171.9,30.5,297.3
61,40,22,56,1,3,1,2,2,1,2,0,109.3,75.5,39.1,103.8
28,70,14,33,1,2,1,3,0,0,3,2,51.9,129.0,23.7,61.9
44,13,55,68,0,2,0,2,1,1,1,3,78.2,25.400000000000002,98.0,122.4
53,9,30,1,2,0,3,3,3,2,0,3,95.4,14.2,58.5,3.3
49,32,29,7,2,2,3,0,1,2,2,3,90.2,58.6,54.7,9.6
15,95,50,100,1,1,3,2,3,3,0,2,25.5,169.5,94.5,181.0
28,43,41,45,2,1,3,3,3,2,2,1,50.4,76.9,76.3,84.5
25,91,14,64,2,0,2,1,3,0,1,2,45.0,163.8,27.2,114.7
21,37,56,194,2,1,3,0,1,1,2,0,39.800000000000004,67.10000000000001,103.3,349.2
30,3,64,12,2,2,3,2,1,2,3,0,56.0,6.4,116.7,24.6
67,24,50,70,2,2,3,1,3,3,2,1,120.60000000000001,43.2,92.5,126.5
158,22,56,55,3,0,1,1,0,2,2,0,288.90000000000003,37.6,100.3,100.5
123,53,86,39,3,1,0,2,0,3,2,3,225.9,93.9,152.8,70.2
49,48,31,7,3,1,2,1,3,2,3,2,89.7,85.9,55.800000000000004,12.1
9,33,184,62,0,3,1,1,3,1,0,0,13.2,62.9,332.7,113.10000000000001
52,68,171,39,3,0,1,1,3,3,3,0,95.10000000000001,119.4,306.3,71.7
32,18,22,21,3,1,3,0,3,2,3,2,59.1,31.9,41.1,35.800000000000004
62,26,9,49,2,3,2,0,1,2,2,2,113.60000000000001,49.300000000000004,17.2,86.2
69,55,45,16,1,2,2,1,3,1,0,3,122.7,101.0,84.0,27.3
44,15,19,41,2,1,3,1,0,2,3,2,82.2,26.5,35.7,73.3
2,28,37,21,3,3,3,3,3,1,2,2,5.1,53.9,69.10000000000001,40.300000000000004
44,64,12,61,3,2,2,0,3,3,0,1,80.7,115.2,24.6,108.8
21,26,8,28,1,2,2,0,1,0,3,3,38.300000000000004,49.800000000000004,14.399999999999999,47.4
40,104,184,2,1,1,2,3,0,0,3,2,73.5,188.70000000000002,331.2,6.1
24,37,41,51,1,0,3,3,0,3,0,2,44.7,63.60000000000001,78.3,94.3
0,21,27,1,3,1,3,2,1,2,1,2,0.0,37.300000000000004,52.1,2.8
46,3,18,32,3,2,0,1,1,1,2,1,86.3,7.4,30.4,58.1
52,10,164,2,1,1,2,0,3,3,0,1,92.10000000000001,16.5,298.2,2.6
12,60,62,51,0,1,2,1,2,2,2,1,19.6,107.5,112.60000000000001,92.3
40,25,70,13,1,2,0,0,0,0,0,2,73.5,48.0,126.0,21.400000000000002
36,15,24,63,1,2,1,0,1,0,3,0,65.3,30.0,41.7,113.4
56,118,61,10,1,1,1,1,1,3,1,3,101.3,210.9,110.3,16.5
33,28,33,6,1,0,2,2,2,0,2,3,58.9,50.4,60.4,10.8
61,64,89,168,3,1,3,0,3,1,0,3,111.3,115.7,164.70000000000002,299.40000000000003
26,12,22,163,3,2,1,2,0,1,2,2,51.300000000000004,23.6,39.1,294.40000000000003
67,199,66,64,2,3,2,1,3,3,2,3,120.60000000000001,359.7,119.8,113.7
51,50,36,58,1,1,3,1,1,2,3,3,92.3,89.5,66.3,102.9
192,73,60,60,0,2,3,1,2,3,1,2,343.6,131.4,111.5,107.5
200,4,17,200,1,2,3,1,3,3,2,0,358.5,7.199999999999999,33.1,361.5
30,27,20,36,3,1,2,1,0,2,1,0,58.5,48.1,38.0,66.3
30,56,27,14,3,2,0,1,2,2,0,1,56.5,101.8,48.6,25.7
118,13,25,6,2,0,3,2,0,3,3,2,215.4,20.400000000000002,46.5,11.8
64,52,150,4,3,1,0,0,3,1,3,1,116.7,94.10000000000001,267.0,6.2
20,37,9,163,1,2,1,3,3,3,2,2,34.5,66.60000000000001,15.7,295.90000000000003
4,24,78,5,3,3,3,0,2,0,2,2,9.7,47.7,142.9,7.0
29,11,49,17,2,3,0,2,1,1,2,3,54.2,23.3,86.2,30.6
8,53,48,11,2,0,2,3,3,0,1,0,14.399999999999999,95.4,88.4,24.3
53,8,19,70,2,1,2,3,1,3,1,3,97.4,12.9,36.2,127.5
55,1,71,31,0,0,1,1,2,2,2,3,97.0,0.0,127.30000000000001,54.300000000000004
24,70,46,2,3,1,0,1,3,0,2,2,44.7,127.5,80.8,3.0999999999999996
1,68,7,18,0,2,3,0,2,0,1,2,0.0,125.4,16.1,30.4
45,46,156,42,2,0,1,3,3,3,2,2,81.0,79.8,280.3,78.10000000000001
16,134,120,70,1,1,0,2,3,2,2,3,27.3,240.70000000000002,214.0,126.0
40,55,35,54,0,2,3,3,0,0,1,1,72.0,102.0,66.5,100.7
64,125,31,33,1,0,3,1,2,1,1,2,114.7,224.0,59.300000000000004,58.9
40,2,123,63,3,0,1,0,0,2,1,0,76.5,1.6,221.9,113.4
57,59,156,89,1,3,3,3,1,1,2,1,103.10000000000001,109.7,283.3,163.70000000000002
52,15,34,194,2,0,1,2,0,1,2,1,96.60000000000001,26.0,60.7,351.2
98,103,3,1,0,3,3,2,3,1,2,1,173.4,188.9,7.9,3.8
30,33,195,38,2,3,3,0,1,2,0,3,56.0,61.9,355.5,65.4
5,27,22,69,3,2,3,1,1,3,0,1,12.5,48.6,44.1,124.7
13,82,29,13,3,0,1,1,1,1,0,2,26.900000000000002,146.6,53.7,22.900000000000002
17,11,32,13,2,1,3,3,3,2,0,2,30.6,19.3,62.1,25.900000000000002
53,7,70,60,2,2,2,1,3,2,3,0,95.4,13.6,126.0,109.5
48,16,12,29,3,1,1,2,3,2,1,3,87.9,28.3,22.1,52.2
99,1,24,26,0,1,3,2,3,3,3,0,175.20000000000002,0.2999999999999998,44.7,49.800000000000004
25,51,112,139,3,1,1,1,2,2,1,3,47.5,91.3,202.1,248.70000000000002
180,31,53,33,1,1,3,0,1,1,3,0,324.5,56.300000000000004,96.9,59.4
56,5,61,33,1,3,1,3,3,1,2,2,99.3,12.5,109.3,61.9
68,4,35,16,3,0,3,2,1,2,0,1,125.9,5.2,67.5,30.8
70,69,55,65,2,3,2,3,0,1,2,2,129.0,127.69999999999999,100.0,119.5
75,40,68,41,3,1,1,3,2,0,0,3,137.5,73.5,123.9,75.3
0,43,76,140,2,1,0,0,3,2,0,3,0.0,76.9,136.8,249.0
35,9,67,68,2,0,0,3,0,0,2,2,66.0,16.2,118.60000000000001,124.9
131,0,86,5,1,2,2,0,2,1,3,3,235.3,0.0,154.8,6.0
20,39,64,35,3,3,3,0,2,1,2,0,38.5,73.7,117.7,63.0
70,1,67,143,3,3,2,1,2,2,2,2,128.5,4.3,121.60000000000001,256.90000000000003
13,60,68,50,1,1,3,2,1,1,2,1,23.900000000000002,108.5,124.9,92.0
63,173,20,16,2,3,2,2,0,2,2,3,116.4,313.90000000000003,37.0,28.8
52,195,26,63,1,3,1,0,1,1,0,2,94.10000000000001,354.5,48.300000000000004,111.4
43,156,37,190,3,1,3,1,3,1,0,2,78.9,281.3,71.10000000000001,341.5
42,39,16,41,2,1,2,3,2,0,2,0,76.60000000000001,71.7,29.8,78.3
27,126,10,36,1,2,3,1,2,2,2,0,48.1,227.8,20.5,66.3
165,28,2,16,0,1,2,2,1,1,0,3,296.0,50.9,6.6,28.8
60,7,50,55,2,1,0,3,2,0,1,0,109.0,14.1,89.0,103.5
47,177,42,13,0,1,2,2,1,2,2,0,83.60000000000001,318.1,76.60000000000001,26.400000000000002
12,29,35,68,0,3,3,2,3,0,0,0,18.6,56.7,67.5,125.4
183,67,126,6,3,2,1,3,2,2,1,1,331.90000000000003,121.60000000000001,227.3,14.3
165,2,91,23,3,2,2,3,1,0,3,0,300.5,6.6,163.8,45.9
36,67,20,111,3,3,0,0,1,1,3,2,68.3,124.10000000000001,33.0,197.8
35,156,50,8,1,0,3,0,2,2,1,3,62.5,278.8,93.5,11.4
21,47,3,55,1,1,2,2,3,3,1,2,36.300000000000004,83.10000000000001,7.4,100.0
181,88,37,61,3,1,2,3,3,1,0,0,327.3,158.9,69.60000000000001,114.3
64,17,49,37,1,0,3,3,3,0,1,0,113.7,30.6,91.7,71.10000000000001
18,55,30,33,2,2,2,3,2,3,1,3,33.4,99.0,56.0,60.9
122,45,16,95,3,2,2,2,3,3,0,0,221.1,81.0,31.8,174.0
133,62,25,22,1,2,3,0,3,0,3,1,237.9,114.60000000000001,46.5,38.6
43,50,10,61,2,3,1,3,3,3,2,2,77.4,91.5,17.5,112.3
12,43,63,0,3,1,2,0,1,0,1,1,25.1,78.9,115.4,0.0
1,17,37,69,2,0,1,1,2,3,1,0,2.8,27.6,67.10000000000001,125.7
20,68,53,56,3,0,2,1,0,2,0,0,40.5,120.4,98.4,102.3
45,56,19,10,3,3,0,3,0,2,1,1,85.5,103.3,33.2,21.5
33,9,115,20,3,1,0,2,3,1,3,0,60.9,16.7,204.0,39.0
134,24,11,182,1,3,1,0,0,1,3,2,242.70000000000002,46.7,18.3,325.6
60,43,196,7,1,0,0,0,0,0,1,1,109.5,77.4,351.8,11.6
17,182,88,111,2,3,0,3,0,1,0,0,33.6,331.1,158.4,204.3
7,65,110,56,2,2,1,1,3,0,0,0,12.6,120.0,199.5,102.3
33,17,44,49,1,2,1,3,2,2,0,3,58.9,31.6,80.7,89.7
36,23,128,26,3,2,0,0,0,3,2,0,69.3,41.4,228.4,46.800000000000004
37,18,70,11,0,0,2,3,3,3,3,0,63.60000000000001,29.4,126.0,24.3
30,66,22,56,0,1,2,2,2,0,3,3,52.0,120.3,39.6,100.8
56,29,11,200,1,1,0,0,2,2,3,3,100.3,51.7,16.8,357.0
31,105,44,84,1,2,1,0,0,0,2,2,57.300000000000004,192.0,78.7,149.20000000000002
29,62,25,69,0,0,1,3,2,2,1,1,50.2,109.60000000000001,45.5,127.69999999999999
67,16,175,45,2,1,2,0,1,3,1,2,122.60000000000001,27.3,317.0,79.0
36,33,12,51,3,2,2,0,3,3,1,1,66.3,59.4,23.6,90.8
172,32,65,116,2,1,2,2,3,1,3,0,309.6,58.1,117.0,211.8
39,39,6,60,0,2,3,3,1,0,0,0,69.2,73.2,15.3,112.5
55,10,45,61,2,2,0,1,2,2,2,3,100.0,19.0,79.0,108.3
61,173,45,120,0,2,2,3,2,1,2,0,107.8,313.40000000000003,82.0,220.5
27,33,40,42,1,3,1,0,1,0,3,3,49.1,63.9,70.5,72.60000000000001
25,130,1,63,2,2,0,3,2,3,3,0,46.0,234.0,0.0,117.9
70,32,129,60,1,1,1,1,2,2,1,0,125.5,57.1,232.70000000000002,109.5
64,52,190,99,1,0,1,0,1,2,2,0,115.7,91.60000000000001,341.5,178.20000000000002
58,3,167,58,0,3,0,0,0,2,2,1,104.4,7.9,298.6,103.4
70,53,181,175,2,2,2,1,3,0,1,3,126.0,98.4,327.8,313.5
28,133,30,11,2,0,2,2,2,3,0,1,51.4,236.4,57.0,21.8
60,82,107,176,2,0,0,1,1,2,1,3,110.0,145.6,191.6,315.3
63,20,68,9,1,1,2,3,2,2,2,2,112.9,35.5,123.4,18.7
48,111,6,5,3,2,1,1,0,2,2,3,90.9,200.8,10.3,7.5
11,65,4,51,2,2,1,1,1,3,2,0,21.8,117.0,6.699999999999999,93.3
96,32,46,17,2,1,3,0,1,0,0,1,174.8,59.1,87.3,29.6
146,46,54,67,3,0,3,3,0,1,0,1,267.3,81.8,101.7,124.10000000000001
17,9,21,119,2,1,2,3,0,0,2,0,33.6,17.7,38.800000000000004,218.70000000000002
140,62,194,39,0,1,2,0,2,0,2,0,250.0,113.10000000000001,350.2,70.2
199,10,25,17,3,2,3,0,2,1,3,1,360.7,20.0,46.5,29.6
0,53,41,69,0,2,0,0,0,1,2,1,0.0,97.4,71.8,123.2
47,60,20,23,3,3,1,1,3,3,1,1,86.10000000000001,109.5,36.5,41.9
67,39,18,26,3,1,3,1,1,1,0,1,124.10000000000001,70.7,36.9,47.300000000000004
50,7,44,37,3,0,3,2,2,1,0,2,92.5,11.6,83.7,67.60000000000001
8,14,45,184,1,0,0,1,1,3,1,0,14.9,22.2,80.0,332.7
21,80,13,26,0,0,2,0,2,0,1,2,35.800000000000004,144.0,25.400000000000002,44.800000000000004
16,83,58,59,2,1,2,3,3,1,1,3,28.8,149.9,106.4,107.7
160,150,8,145,3,2,1,1,0,1,0,1,292.5,272.0,15.9,261.5
34,62,118,21,2,3,2,1,3,3,3,2,61.2,113.10000000000001,212.4,37.300000000000004
55,51,64,134,2,1,3,0,3,3,2,0,99.0,90.3,117.7,241.20000000000002
53,40,39,45,0,2,0,0,1,3,1,0,94.4,72.0,69.2,81.0
40,35,28,148,3,3,3,0,3,2,0,3,73.5,65.5,54.9,263.40000000000003
65,10,22,56,0,1,3,1,0,2,1,1,117.0,17.5,43.1,101.3
2,72,61,52,3,3,2,0,0,3,1,2,8.1,131.1,111.8,91.60000000000001
50,48,65,55,2,3,1,2,0,1,2,0,93.0,89.9,116.5,102.0
37,102,199,55,0,0,3,2,0,3,3,1,66.60000000000001,180.6,359.7,101.0
46,70,191,29,2,2,1,1,1,3,0,0,84.8,126.0,345.3,53.7
46,81,87,65,0,2,2,1,1,3,0,3,81.8,145.8,159.6,115.5
69,34,66,33,0,0,0,2,3,3,3,0,121.2,58.2,115.8,62.4
13,5,60,31,3,0,0,0,0,2,3,0,27.900000000000002,7.0,105.0,55.800000000000004
9,126,1,60,2,3,1,2,2,2,2,3,17.2,229.3,1.2999999999999998,108.0
38,70,20,40,1,2,1,1,3,1,0,2,66.9,128.0,37.5,71.5
65,69,12,3,3,2,3,2,2,3,3,1,119.5,124.2,23.1,7.4
34,90,18,6,0,0,0,1,3,2,2,0,58.2,160.0,30.4,12.3
9,15,46,16,1,0,3,2,3,0,3,0,14.7,27.0,84.3,31.8
33,8,24,34,0,2,0,3,3,0,3,1,56.4,17.4,40.2,64.7
55,125,55,31,3,1,2,3,3,3,3,3,100.5,223.5,99.0,57.300000000000004
46,65,25,10,3,3,0,1,2,1,1,2,85.3,120.5,44.0,17.5
62,119,171,88,3,0,0,2,2,0,1,1,114.10000000000001,214.20000000000002,306.8,160.4
39,18,14,22,1,3,2,3,2,2,0,0,69.7,34.9,28.2,44.1
129,44,9,40,2,1,3,1,0,3,1,2,235.20000000000002,77.7,19.7,71.5
43,3,44,0,1,3,3,0,3,2,1,3,75.9,7.9,82.7,0.0
5,30,111,54,1,0,1,3,3,0,2,1,7.5,54.0,199.3,100.7
93,41,25,47,1,2,3,2,1,2,2,2,167.9,74.8,47.5,85.60000000000001
42,93,51,95,1,1,0,2,2,3,3,3,75.10000000000001,165.9,88.8,171.0
60,65,51,32,2,3,1,1,1,1,3,1,110.0,120.5,90.3,58.1
22,58,23,69,3,3,2,1,2,1,3,0,42.1,107.9,41.4,125.7
24,49,1,50,2,3,1,2,3,0,0,3,43.2,92.7,3.3,90.0
34,21,51,20,0,2,2,3,2,1,2,1,59.2,39.800000000000004,92.8,39.5
171,29,17,56,0,1,0,1,2,2,0,3,305.8,51.7,30.6,99.3
40,70,45,73,0,1,1,0,1,2,3,0,71.0,125.5,79.5,131.4
23,48,67,51,3,3,1,0,1,2,3,0,44.9,88.9,119.10000000000001,91.8
58,54,57,42,2,3,2,0,2,2,0,0,105.4,99.7,105.60000000000001,75.60000000000001
69,62,102,30,3,3,2,1,3,2,0,0,125.69999999999999,114.10000000000001,186.6,55.5
17,5,146,3,3,3,1,1,0,3,2,2,35.1,10.5,262.3,4.9
46,3,23,44,3,2,3,3,2,0,0,0,85.3,8.4,45.9,83.7
7,20,169,65,1,3,0,0,2,1,0,1,12.1,39.5,304.2,116.0
59,31,68,68,0,3,3,3,0,0,2,1,106.2,60.300000000000004,124.9,125.9
180,169,20,68,1,0,1,0,3,2,2,0,322.5,302.2,35.5,122.4
40,114,10,37,2,1,1,3,1,2,0,3,74.0,204.70000000000002,19.5,68.10000000000001
68,143,112,15,1,3,0,3,1,0,0,1,122.9,261.90000000000003,201.6,30.5
34,49,51,34,0,0,1,0,3,0,3,0,58.2,88.2,90.3,61.2
17,5,50,35,1,2,0,3,3,1,3,2,29.1,11.0,87.0,65.5
52,53,52,8,0,0,1,3,0,2,1,3,93.60000000000001,93.4,94.10000000000001,15.899999999999999
30,20,69,59,1,3,3,0,1,0,1,2,54.5,40.5,127.69999999999999,104.2
197,38,1,93,0,1,3,3,1,0,1,3,353.6,69.9,5.3,168.9
59,1,180,88,1,0,2,1,2,1,0,2,105.7,0.8,327.0,157.9
29,13,92,20,1,0,0,3,2,2,1,0,51.7,21.400000000000002,164.6,40.5
36,24,32,180,3,0,2,1,0,1,2,0,69.3,42.2,58.6,325.5
52,20,39,49,0,0,1,0,1,0,0,3,92.60000000000001,36.0,71.7,85.2
133,60,68,51,2,1,2,0,1,2,2,0,241.4,107.5,123.4,91.8
2,121,27,26,2,0,0,1,3,0,0,0,3.5999999999999996,217.8,48.6,48.300000000000004
10,51,56,161,1,2,1,3,2,1,2,2,17.5,93.8,100.3,292.3
72,46,1,36,3,1,0,0,1,0,2,1,133.1,84.3,0.0,63.8
166,4,25,0,3,0,1,3,1,1,3,1,302.3,6.2,43.5,0.0
14,48,10,48,3,1,1,3,0,1,1,3,29.7,86.9,18.5,87.9
143,10,5,91,2,3,3,1,3,0,0,1,257.40000000000003,22.5,13.5,164.3
34,64,33,64,1,2,2,0,2,1,2,2,60.7,117.2,60.4,113.2
68,66,47,39,2,2,3,0,3,3,3,3,122.4,118.8,86.10000000000001,67.2
10,158,31,62,1,0,1,3,3,1,3,3,16.5,283.40000000000003,54.300000000000004,113.10000000000001
17,49,3,70,2,2,3,2,2,3,3,2,31.6,88.2,6.9,127.0
63,39,142,41,0,2,3,1,1,3,2,0,112.4,70.2,258.1,75.3
68,66,16,67,1,1,3,1,3,0,1,1,120.9,120.3,32.3,121.10000000000001
26,22,58,19,0,3,3,3,2,1,1,0,44.800000000000004,43.1,107.9,38.7
62,1,14,12,0,2,2,3,1,0,1,2,110.60000000000001,4.8,27.2,24.1
2,15,170,43,1,3,1,3,0,0,3,0,5.1,31.5,304.5,81.9
37,68,22,48,0,1,3,2,3,1,1,0,63.60000000000001,122.9,43.1,89.4
139,66,45,54,1,2,0,3,2,3,2,3,249.70000000000002,118.8,79.0,98.7
55,9,27,140,0,2,1,0,0,0,3,3,99.0,19.2,47.1,249.0
45,21,66,57,2,2,2,1,2,2,2,2,82.0,38.800000000000004,119.8,102.10000000000001
56,9,41,20,3,0,3,0,0,3,3,3,105.3,13.2,75.3,33.0
63,182,0,10,3,0,2,0,0,1,0,3,117.9,326.6,0.0,15.0
15,62,135,6,3,0,3,1,3,2,3,2,28.5,109.60000000000001,244.5,10.3
173,17,11,29,2,2,1,2,3,0,1,2,311.40000000000003,33.6,20.3,53.2
29,29,1,62,1,1,2,2,0,1,0,0,53.7,52.7,4.8,114.60000000000001
4,22,52,9,2,0,3,1,0,1,1,1,10.2,38.6,97.10000000000001,16.7
55,20,69,15,1,0,1,3,0,2,2,1,100.5,34.0,123.7,30.5
29,96,193,20,3,0,3,1,3,1,0,2,53.7,171.8,351.90000000000003,35.5
31,64,42,21,3,1,0,2,2,2,0,3,58.300000000000004,114.7,75.60000000000001,37.800000000000004
120,8,19,149,1,1,3,2,0,0,0,0,217.5,15.9,38.7,271.2
30,30,1,23,1,3,1,1,0,0,0,2,55.5,58.5,3.3,40.9
35,2,51,33,1,3,3,2,1,3,3,0,63.5,5.1,93.3,62.4
85,77,22,0,3,2,2,3,3,3,0,2,154.5,138.6,42.6,0.0
12,43,74,27,3,1,3,1,0,1,1,2,26.1,77.9,136.70000000000002,48.1
106,63,52,50,1,3,0,0,0,3,3,0,192.3,114.9,90.60000000000001,90.0
10,190,136,10,0,3,0,3,1,2,2,3,17.0,344.5,242.8,19.5
65,140,22,22,0,2,0,2,0,1,3,1,117.0,254.0,36.6,41.6
65,61,175,64,1,1,3,1,3,3,0,2,115.5,108.3,319.5,114.7
27,44,54,181,3,2,2,2,1,1,0,3,52.1,81.2,100.2,325.8
145,195,45,12,0,0,1,3,0,2,1,0,261.0,349.0,81.5,26.1
37,173,37,1,0,1,1,2,1,0,0,0,65.60000000000001,312.90000000000003,68.10000000000001,4.8
24,4,150,28,0,2,1,3,1,3,0,0,42.2,7.199999999999999,271.5,54.9
37,63,63,0,0,1,0,3,3,0,2,2,63.60000000000001,114.9,111.4,0.0
24,33,99,167,0,1,3,2,0,2,3,1,43.2,58.9,179.70000000000002,302.6
62,14,60,34,1,2,3,3,1,0,1,0,112.10000000000001,28.2,111.5,65.7
34,32,132,69,3,0,3,0,1,3,1,1,64.7,54.6,241.1,123.2
64,30,80,24,2,1,0,0,0,0,2,2,118.2,55.5,142.0,41.2
36,136,71,20,1,0,2,2,2,1,2,2,64.3,243.8,128.8,37.0
30,25,70,51,2,0,3,1,0,0,0,3,57.0,45.0,130.5,90.3
30,45,123,54,0,2,0,1,2,1,2,0,52.0,83.0,219.4,98.7
32,31,2,35,1,0,1,0,0,3,2,2,59.1,52.800000000000004,3.0999999999999996,61.0
56,36,68,45,0,0,2,2,0,2,0,2,100.8,62.8,125.4,82.0
23,64,193,5,0,0,3,0,3,2,1,0,38.4,113.2,350.90000000000003,9.0
49,90,47,9,1,1,1,2,2,2,1,0,87.7,161.5,85.10000000000001,19.2
8,33,12,69,1,2,2,1,2,0,3,3,13.9,62.4,21.6,122.7
37,26,46,59,0,3,1,2,0,2,3,2,66.60000000000001,49.300000000000004,81.3,107.2
61,52,60,28,0,0,3,1,3,3,3,0,106.8,90.60000000000001,109.5,51.9
167,20,147,107,2,3,1,0,1,1,2,3,302.6,39.5,264.1,189.6
42,132,16,17,1,3,3,1,1,3,2,3,76.10000000000001,239.1,31.299999999999997,29.1
145,35,61,35,2,0,0,0,2,0,0,0,262.0,63.0,109.8,63.0
9,47,37,63,1,0,3,3,3,3,0,0,14.7,81.60000000000001,71.10000000000001,117.9
17,10,0,40,1,1,1,1,0,0,0,1,32.1,19.5,0.0,72.5
3,41,82,60,0,3,2,1,2,2,0,3,3.4000000000000004,76.3,150.6,106.5
47,34,42,12,0,1,2,2,0,2,3,3,84.60000000000001,60.7,75.60000000000001,21.6
7,20,28,4,2,0,1,1,3,3,3,0,12.6,33.0,48.9,8.7
96,169,24,65,3,2,1,2,3,1,0,3,174.3,306.2,44.7,117.0
63,50,96,50,0,0,3,2,3,2,3,2,110.4,88.0,174.3,91.0
64,58,200,163,3,2,2,3,1,0,3,2,118.7,107.4,360.0,295.90000000000003
25,57,179,5,1,1,0,3,2,3,3,3,44.5,101.10000000000001,319.2,10.5
32,32,57,25,2,0,0,1,0,2,2,3,60.6,55.6,100.60000000000001,43.5
100,53,54,5,1,3,0,1,1,2,0,2,180.5,97.9,97.2,8.5
35,70,34,19,2,3,2,1,1,3,2,0,65.0,127.5,62.2,35.7
28,56,69,43,2,3,1,2,1,3,0,0,52.4,102.3,125.7,80.4
11,6,31,9,1,2,3,2,0,2,1,0,21.3,11.8,59.300000000000004,19.2
31,31,69,16,3,3,2,2,3,0,0,1,57.300000000000004,60.300000000000004,127.2,30.8
67,129,48,40,3,1,0,0,0,0,2,2,125.10000000000001,233.70000000000002,84.4,70.0
62,0,43,11,2,2,3,0,0,1,3,0,114.60000000000001,0.0,78.9,19.8
40,66,9,48,3,0,0,1,1,3,1,0,75.5,115.8,15.2,87.9
3,24,32,10,3,1,0,2,0,3,3,0,9.9,41.7,54.6,21.0
56,183,48,151,2,1,3,3,2,2,0,3,101.8,328.90000000000003,90.9,273.3
39,31,58,51,3,1,0,1,3,2,0,3,71.7,55.300000000000004,104.4,90.3
55,22,47,36,0,2,2,3,2,1,3,0,97.0,41.6,84.60000000000001,69.3
63,8,120,27,3,2,1,3,2,3,1,2,115.9,14.399999999999999,216.5,51.1
76,66,63,27,3,3,2,2,0,2,1,0,141.3,121.3,115.4,51.6
64,63,13,20,3,3,0,3,1,0,2,0,118.7,117.9,21.400000000000002,40.5
32,30,64,114,2,0,0,2,3,0,1,2,57.6,54.0,114.2,206.20000000000002
10,40,4,9,3,0,3,2,3,1,1,2,19.5,71.0,10.7,17.2
10,32,33,110,2,2,0,2,0,2,2,3,21.0,58.6,57.4,198.0
56,26,17,7,0,2,2,2,2,1,2,1,98.8,48.800000000000004,31.6,14.6
38,53,38,10,2,0,3,2,2,2,1,2,69.4,93.4,71.9,19.0
5,180,49,28,0,2,2,3,1,2,1,2,8.0,325.0,90.2,52.9
96,9,40,69,2,0,3,1,1,1,3,1,174.8,15.2,73.5,124.7
32,152,65,68,1,1,1,2,3,3,3,1,56.1,272.1,115.5,124.4
9,10,5,67,3,3,1,1,0,0,2,2,20.7,22.5,8.5,120.10000000000001
50,8,24,37,2,1,1,3,3,0,0,1,90.0,15.9,44.7,70.10000000000001
44,52,68,46,2,3,3,3,0,0,1,2,82.2,98.10000000000001,125.9,85.3
170,18,3,160,3,2,1,2,2,2,2,3,308.5,33.4,4.9,288.0
41,66,99,60,2,2,3,2,0,0,1,1,76.8,121.8,181.70000000000002,110.0
57,37,20,62,0,0,1,0,0,0,1,2,102.60000000000001,66.60000000000001,36.5,109.60000000000001
192,5,49,180,3,1,3,0,1,3,1,3,349.1,7.5,91.7,321.0
29,79,2,65,3,1,0,0,1,0,2,0,55.7,143.70000000000002,1.6,117.0
2,51,29,18,1,2,0,3,2,2,1,1,3.0999999999999996,92.8,51.2,35.9
65,10,62,7,3,3,2,2,2,3,2,2,119.5,19.5,112.60000000000001,13.6
150,142,39,64,3,0,3,3,1,1,0,0,273.5,254.6,74.7,119.7
55,63,167,51,3,3,2,2,3,3,2,3,100.5,114.9,301.6,91.8
53,15,184,60,0,3,0,3,3,0,2,3,92.4,31.5,329.2,109.5
15,68,57,179,3,2,1,1,3,0,1,1,28.5,125.4,103.10000000000001,322.7
104,66,63,62,2,1,1,1,0,0,2,2,190.20000000000002,120.3,112.9,111.10000000000001
33,53,77,36,3,2,2,1,0,3,1,2,63.9,95.4,140.6,64.3
73,116,189,181,2,2,2,1,2,2,3,0,132.4,209.8,340.2,327.3
59,56,68,25,1,0,0,3,1,0,1,2,106.7,100.8,121.4,47.5
29,64,27,64,0,2,3,0,3,1,3,0,49.2,117.2,50.1,115.2
68,147,9,34,1,2,0,1,2,1,2,0,121.9,266.6,14.2,62.7
3,63,47,44,3,3,3,3,2,3,0,0,7.9,114.9,89.10000000000001,83.7
22,67,48,5,2,0,2,2,2,0,3,3,40.6,120.60000000000001,86.4,9.0
16,147,64,61,0,3,0,0,1,2,3,3,27.8,267.1,112.2,106.8
58,27,68,36,2,2,0,2,0,0,2,0,107.4,51.6,120.4,67.8
69,194,52,67,0,3,0,1,0,0,0,1,124.2,353.7,93.60000000000001,121.10000000000001
60,49,49,187,0,2,2,2,3,0,1,3,105.0,91.2,90.2,336.6
56,23,22,20,3,3,1,1,3,3,1,0,102.3,42.9,40.1,37.5
70,82,29,168,3,2,3,1,1,2,3,2,129.5,148.6,53.7,301.90000000000003
11,30,38,60,1,0,2,3,2,0,2,1,19.3,54.0,69.4,111.5
40,61,41,41,1,1,2,2,1,3,3,1,72.5,108.3,73.8,75.8
94,141,0,4,2,2,2,1,1,2,0,2,171.20000000000002,254.8,0.0,6.699999999999999
48,5,28,10,0,3,2,1,0,0,0,3,86.4,13.5,53.4,16.5
15,8,19,42,2,0,0,0,0,1,2,3,30.0,13.4,32.2,72.60000000000001
14,57,50,43,2,2,2,1,2,2,2,1,26.2,103.60000000000001,91.0,77.9
177,33,2,14,3,0,1,2,3,2,2,0,320.1,57.4,3.0999999999999996,28.2
59,5,69,61,0,3,3,0,2,2,1,2,104.2,11.5,127.69999999999999,107.8
10,23,10,14,2,0,1,0,0,1,0,0,21.0,40.4,19.5,25.2
49,43,44,42,1,1,0,3,2,2,2,2,87.7,76.9,77.2,78.10000000000001
124,43,14,29,1,1,2,1,3,1,0,1,221.70000000000002,77.9,28.2,52.7
93,24,4,9,0,2,2,1,3,2,1,1,164.4,44.2,9.2,16.7
28,5,34,8,2,0,0,3,3,1,1,0,50.4,8.0,60.2,18.9
31,97,105,72,3,1,2,1,2,1,3,3,58.300000000000004,175.1,189.0,128.1
61,49,179,35,1,2,0,1,3,1,3,0,108.3,90.2,319.2,64.5
23,63,28,31,2,2,0,1,1,1,2,3,43.4,115.4,48.4,54.300000000000004
127,49,22,8,3,3,2,0,0,1,0,3,233.1,91.7,42.6,11.4
40,31,12,1,2,1,2,0,2,0,2,3,73.0,57.300000000000004,22.6,0.0
49,4,37,3,3,3,1,2,2,3,3,2,90.7,8.7,65.10000000000001,6.4
77,8,15,57,3,3,0,1,1,2,0,3,142.1,16.9,27.0,101.10000000000001
82,76,48,103,2,3,0,2,1,2,1,2,149.6,139.3,85.4,186.4
2,40,27,12,3,0,2,1,2,3,2,0,6.1,69.0,49.6,23.1
1,16,60,30,1,0,2,1,2,0,3,2,1.2999999999999998,28.8,108.0,53.5
64,135,64,34,3,1,2,2,0,3,1,2,119.7,241.5,117.2,62.2
40,22,1,100,0,1,0,1,3,0,2,3,69.0,41.1,0.0,178.5
14,0,36,60,0,2,3,3,0,3,1,1,25.2,0.0,68.3,111.5
182,51,60,44,0,3,3,3,0,2,0,2,327.6,94.3,112.5,81.7
49,193,47,18,3,1,3,1,1,2,1,1,91.7,346.90000000000003,88.10000000000001,32.9
19,44,39,48,3,2,1,0,3,2,1,3,35.7,80.2,70.7,83.4
109,39,40,5,1,0,0,1,1,3,0,0,196.70000000000002,67.2,72.0,10.5
13,144,69,40,1,3,0,1,1,2,0,1,23.900000000000002,261.7,124.2,72.5
50,0,26,23,1,0,0,3,0,3,0,2,91.5,0.0,46.800000000000004,43.9
60,29,80,45,2,2,1,1,0,3,1,3,111.0,52.2,144.5,79.5
55,20,23,46,0,0,2,2,3,2,2,2,96.0,34.0,42.4,83.8
99,49,58,35,0,1,2,3,1,2,3,3,177.20000000000002,87.7,104.4,64.5
55,80,37,132,3,1,1,3,0,1,0,3,103.5,144.5,68.10000000000001,239.1
43,59,182,60,0,0,0,0,2,3,1,1,75.4,103.2,326.6,107.0
4,7,37,31,1,3,1,0,3,0,0,2,5.699999999999999,17.1,68.10000000000001,53.800000000000004
196,5,8,34,0,3,1,3,1,1,2,2,351.8,12.5,13.9,63.7
39,35,31,28,0,2,0,1,1,2,0,3,69.2,64.0,55.800000000000004,48.9
56,127,42,57,1,0,1,3,1,2,1,0,101.3,226.6,76.10000000000001,107.10000000000001
53,63,19,1,3,0,2,3,1,2,2,3,98.9,111.4,35.2,3.3
61,36,27,131,3,0,1,3,3,0,2,0,111.3,64.8,48.1,240.3
1,53,66,28,0,3,1,0,2,3,1,0,0.0,96.9,119.3,50.4
63,13,16,43,3,1,0,3,2,0,1,0,115.9,24.900000000000002,27.8,81.9
61,24,38,54,2,1,1,3,1,3,1,1,111.8,41.7,68.9,100.7
42,16,92,60,0,1,2,3,1,1,3,0,74.60000000000001,29.3,165.6,112.5
85,7,67,53,3,2,0,0,0,0,0,1,157.5,15.6,120.60000000000001,94.4
39,120,27,41,3,2,0,2,0,2,1,1,74.7,217.0,47.6,75.8
45,21,38,21,3,0,1,3,0,1,1,0,85.5,36.800000000000004,68.9,42.300000000000004
30,72,24,36,2,2,3,3,1,2,2,0,56.0,130.6,45.7,69.3
28,69,59,68,0,0,2,1,2,2,1,3,48.4,122.2,108.2,120.9
65,41,53,17,3,0,3,2,0,0,0,2,121.5,73.8,99.9,31.6
15,120,63,5,3,0,2,3,2,0,3,1,29.5,216.0,113.4,12.5
54,68,90,50,1,3,1,0,3,1,1,3,95.7,125.9,162.5,87.0
8,36,51,7,2,2,2,3,1,0,1,0,16.4,67.8,93.8,17.1
58,13,67,20,0,1,3,0,0,2,3,2,104.4,22.900000000000002,122.10000000000001,34.0
92,109,8,10,1,3,2,2,1,3,0,0,166.1,197.70000000000002,17.4,21.0
6,7,175,44,2,1,0,3,2,0,1,3,11.8,14.1,314.0,80.7
49,107,62,26,3,1,1,3,2,0,3,1,90.7,194.1,110.10000000000001,50.300000000000004
94,7,58,27,1,2,3,2,0,3,2,1,170.70000000000002,12.6,106.9,50.6
6,36,33,163,1,0,2,2,2,1,3,2,10.3,63.8,59.4,294.40000000000003
0,136,11,6,0,3,1,0,1,3,2,2,0.0,246.3,19.3,8.8
50,142,68,3,0,2,0,0,3,0,2,3,87.0,258.6,120.4,2.4000000000000004
66,158,21,24,1,0,1,1,3,3,2,0,117.3,281.40000000000003,37.300000000000004,44.7
67,117,66,50,0,2,0,3,2,2,2,3,118.60000000000001,211.6,116.8,91.5
67,0,153,66,1,1,2,2,3,1,3,0,119.10000000000001,0.0,275.40000000000003,121.8
19,2,155,27,0,2,3,2,0,0,1,2,34.2,6.6,282.5,49.6
44,15,177,153,3,2,3,2,0,1,0,3,83.7,29.0,323.1,275.40000000000003
193,53,167,18,1,2,3,0,2,2,3,1,346.90000000000003,96.4,302.1,31.4
27,24,67,13,3,2,2,0,0,2,0,3,53.1,44.2,123.60000000000001,20.400000000000002
63,32,106,58,1,1,0,0,0,1,0,3,114.9,58.1,190.8,101.4
90,56,6,200,3,1,0,3,2,1,0,3,164.5,101.3,10.8,361.5
55,125,62,193,1,1,2,1,0,3,1,3,100.5,223.5,113.60000000000001,345.90000000000003
36,10,37,7,2,1,1,2,1,0,2,2,66.8,19.5,66.10000000000001,13.6
4,10,62,25,3,3,1,3,2,3,1,1,9.7,19.5,112.10000000000001,48.5
18,66,81,89,0,1,1,3,2,3,1,2,30.4,117.3,146.3,162.70000000000002
0,11,64,63,1,1,3,3,1,0,2,3,0.0,21.3,117.7,114.9
69,42,198,18,3,1,3,0,1,1,1,3,127.69999999999999,76.10000000000001,359.90000000000003,29.4
60,95,2,9,1,3,2,2,3,2,1,2,106.5,173.5,5.6,17.2
122,98,2,27,2,1,0,0,1,1,2,1,221.6,176.9,1.6,47.6
40,101,125,59,0,0,3,3,2,2,0,1,70.0,179.8,229.5,109.7
149,15,33,62,3,2,1,3,2,3,1,3,270.7,27.0,59.9,113.10000000000001
4,15,1,53,0,2,3,2,2,2,2,2,5.2,28.0,4.3,96.4
70,7,65,3,3,2,1,3,3,2,1,2,127.5,13.6,117.5,7.9
28,68,43,52,0,1,2,0,3,0,2,2,47.4,123.9,78.4,91.60000000000001
183,21,92,56,0,0,0,0,0,1,0,0,329.40000000000003,36.800000000000004,165.6,100.8
61,189,44,67,3,2,1,3,0,1,1,2,114.3,342.2,79.7,123.10000000000001
36,41,22,0,0,1,3,2,3,3,2,0,61.8,72.3,42.1,0.0
24,6,25,69,3,3,1,2,2,0,1,3,45.7,15.3,45.5,124.2
135,175,40,38,1,2,2,1,1,1,0,3,243.5,317.0,75.0,66.9
41,33,30,65,3,3,3,2,2,0,0,1,76.3,63.9,58.5,119.0
70,124,15,49,0,0,2,3,2,2,0,1,124.0,221.20000000000002,30.0,91.7
38,62,11,87,0,2,1,0,3,0,1,0,65.4,114.60000000000001,20.3,156.6
163,30,36,49,0,0,2,0,3,0,1,3,290.40000000000003,54.0,66.8,85.2
49,38,40,28,2,1,1,1,1,1,3,1,90.2,68.9,70.5,50.9
172,0,189,57,0,2,0,3,0,0,1,2,309.6,0.0,339.2,105.10000000000001
112,29,27,37,2,0,2,3,3,0,0,1,201.6,52.2,51.6,70.10000000000001
70,59,46,57,2,2,2,0,1,2,2,2,128.0,107.2,83.8,100.60000000000001
27,30,64,17,2,2,0,0,1,2,0,1,50.6,55.0,115.2,29.6
136,118,156,40,1,2,3,2,3,0,0,3,243.3,215.4,285.3,72.0
151,148,12,0,1,0,1,0,0,1,1,0,273.3,265.40000000000003,22.1,0.0
176,136,19,47,2,2,3,2,0,2,3,3,319.8,245.8,35.7,84.60000000000001
172,186,32,29,1,0,0,0,0,2,1,1,311.1,332.8,56.6,51.2
195,72,10,21,3,1,3,0,1,2,0,0,354.5,129.1,22.5,37.800000000000004
10,138,27,38,0,1,3,0,0,1,1,0,18.0,248.9,52.1,68.4
18,51,27,69,0,3,0,1,3,1,2,0,29.4,95.3,46.6,125.7
137,9,39,166,0,2,0,2,1,3,2,1,245.6,16.2,68.2,300.8
14,50,54,75,2,3,0,0,0,0,0,0,28.2,94.5,97.2,135.0
55,33,47,36,2,3,1,0,0,0,3,3,102.0,63.9,83.10000000000001,61.8
148,6,25,49,1,1,3,1,3,0,3,1,264.90000000000003,12.3,46.5,88.7
61,23,158,52,2,2,1,0,3,1,0,2,109.8,43.4,285.90000000000003,91.60000000000001
182,52,17,123,0,0,1,0,2,1,1,1,325.6,92.60000000000001,31.1,220.4
188,47,196,27,3,0,3,2,1,3,1,3,341.90000000000003,81.60000000000001,356.3,48.6
35,41,57,7,2,3,3,1,2,0,0,0,64.0,78.3,107.10000000000001,14.1
41,50,62,1,3,1,0,2,0,3,3,2,78.3,88.5,108.60000000000001,2.8
5,3,126,16,3,1,1,1,3,2,1,3,10.5,4.9,227.3,27.3
65,24,103,156,1,3,1,0,0,1,1,2,118.5,46.7,185.9,278.8
59,104,5,62,0,2,1,3,0,2,1,3,106.2,188.20000000000002,9.5,113.10000000000001
9,53,19,60,0,0,3,2,0,2,2,2,16.2,93.4,36.7,109.0
24,151,135,36,1,0,1,2,1,1,0,0,43.7,270.8,244.5,67.8
85,93,44,50,1,0,3,3,0,3,0,1,154.5,164.4,83.7,93.5
109,52,15,36,1,1,1,3,0,3,2,2,197.70000000000002,92.10000000000001,26.5,67.3
1,17,122,33,2,2,1,3,3,1,2,3,1.7999999999999998,32.6,219.1,60.9
44,37,44,17,0,2,0,2,0,3,3,1,79.2,66.60000000000001,76.2,32.6
67,33,45,177,2,0,2,2,0,0,0,0,123.60000000000001,59.4,84.0,321.6
55,37,66,69,1,1,0,2,2,3,0,0,98.5,65.10000000000001,118.8,127.2
139,28,28,10,0,2,2,3,2,1,0,2,248.20000000000002,52.4,53.4,20.5
102,187,21,153,0,3,0,2,1,1,2,0,182.6,340.1,35.800000000000004,278.40000000000003
23,28,3,9,3,3,2,1,1,3,0,1,44.9,51.9,8.4,16.7
30,77,25,8,1,2,1,1,1,0,3,2,54.5,141.6,43.5,13.9
54,0,27,69,1,0,0,2,3,1,0,2,95.7,0.0,48.6,125.2
1,155,57,60,3,3,1,2,2,0,0,2,4.3,283.5,104.10000000000001,109.0
148,60,29,38,2,2,2,0,1,3,0,3,268.40000000000003,108.0,55.2,65.4
29,31,17,61,3,0,0,3,1,2,3,3,55.7,53.800000000000004,27.6,111.3
2,7,3,48,2,1,2,0,1,2,0,0,5.6,12.1,8.4,86.4
40,51,86,29,1,2,2,1,3,0,2,1,70.5,94.8,155.8,52.7
15,144,43,57,1,3,1,2,0,0,0,1,28.5,263.7,78.9,104.60000000000001
62,41,11,187,1,1,3,3,3,3,3,1,110.10000000000001,72.3,21.3,340.1
15,70,17,74,3,0,3,2,3,3,3,2,28.5,123.0,32.1,134.20000000000002
54,18,44,23,2,0,1,0,1,0,3,3,99.2,32.4,77.7,38.4
39,53,132,16,1,0,0,1,2,3,3,0,69.7,92.4,234.6,30.3
37,8,150,17,1,3,1,2,1,2,1,1,67.10000000000001,16.9,270.5,32.6
75,60,123,115,2,2,0,1,1,2,1,0,137.0,109.0,220.4,208.5
61,36,35,44,3,0,3,3,2,0,1,3,112.3,64.8,66.5,80.7
31,62,179,18,1,1,0,3,1,2,0,1,56.300000000000004,111.10000000000001,322.2,35.9
130,69,63,50,1,3,1,1,2,3,3,2,233.5,125.69999999999999,111.9,89.5
20,59,34,170,1,0,0,3,0,2,2,1,37.5,104.2,59.2,309.5
37,197,54,6,0,2,2,0,0,0,2,1,66.60000000000001,357.6,98.2,9.8
36,13,3,35,0,0,2,1,0,1,2,3,64.8,22.400000000000002,6.4,61.5
30,90,87,20,0,3,0,1,2,0,1,1,52.0,166.5,155.6,36.5
171,27,56,23,0,3,0,1,0,1,0,2,307.8,52.1,100.8,40.9
164,63,2,11,3,1,0,0,1,1,0,3,298.7,113.9,3.6,16.8
89,12,58,89,3,3,3,1,0,1,0,3,164.70000000000002,25.1,108.9,158.70000000000002
16,26,54,52,1,2,0,3,1,0,2,2,29.3,49.800000000000004,95.2,96.10000000000001
70,142,53,141,0,3,1,3,0,2,3,3,126.0,258.1,93.9,255.3
34,165,155,32,1,2,2,3,2,0,3,0,60.7,300.0,279.0,62.1
134,67,38,12,3,2,2,1,1,2,0,3,244.70000000000002,121.60000000000001,71.4,20.1
21,7,52,41,2,1,2,2,0,3,0,3,40.800000000000004,11.1,96.60000000000001,73.8
49,38,19,28,0,2,2,1,1,2,0,2,87.2,69.4,37.2,49.9
185,34,17,156,0,2,3,0,2,1,2,0,331.0,63.2,33.1,280.8
5,31,56,63,0,1,3,2,0,2,0,1,9.0,55.300000000000004,105.3,115.4
5,70,184,0,1,0,1,2,2,1,0,3,8.5,125.0,332.7,0.0
14,191,2,56,1,3,3,2,0,2,2,1,26.7,346.3,6.1,102.8
26,119,72,35,1,3,2,2,3,1,3,2,45.300000000000004,217.70000000000002,129.6,64.0
24,30,41,33,0,0,1,2,2,3,3,0,41.2,51.0,72.3,62.4
173,44,66,21,2,3,0,0,0,0,0,0,314.40000000000003,83.7,118.8,37.800000000000004
31,18,45,86,1,2,0,0,1,3,3,2,56.300000000000004,32.4,78.0,152.8
63,151,163,156,3,2,0,0,2,0,1,2,115.9,274.8,292.40000000000003,278.8
10,41,167,43,0,3,1,0,3,1,3,3,15.0,77.3,299.1,74.4
83,5,28,136,1,2,2,3,2,0,0,0,148.9,12.0,53.4,249.3
60,118,10,143,1,3,2,1,1,3,1,2,108.5,213.9,20.0,256.90000000000003
20,28,27,38,3,1,3,3,2,0,2,0,38.5,51.9,51.1,72.9
123,21,64,54,3,0,0,1,0,1,0,2,225.9,36.800000000000004,115.2,96.7
25,23,65,45,0,2,2,3,2,0,1,3,43.0,44.4,119.0,82.5
150,60,27,66,2,2,3,3,0,1,2,2,273.0,110.0,51.1,121.3
18,79,27,165,3,2,1,1,0,1,2,0,36.9,144.20000000000002,48.1,298.5
3,22,73,16,2,2,2,2,2,0,3,0,6.4,42.6,131.4,31.8
12,131,47,84,3,3,0,0,2,3,1,1,24.1,237.3,83.60000000000001,150.20000000000002
148,19,14,26,3,1,1,0,3,3,0,2,267.90000000000003,32.7,26.7,44.800000000000004
175,68,24,141,2,3,0,2,2,0,0,0,316.0,126.9,43.2,256.8
70,51,91,5,2,2,2,0,0,3,1,3,129.0,91.8,165.8,6.0
61,31,35,12,1,2,0,1,2,0,3,3,109.3,58.800000000000004,60.0,20.1
59,142,39,69,1,3,1,2,0,2,3,3,107.7,258.1,68.7,124.2
6,43,54,65,0,2,0,2,3,3,1,1,7.800000000000001,77.4,96.2,119.0
24,160,25,53,1,0,3,2,2,3,0,1,42.7,285.0,49.5,97.4
18,69,45,21,2,0,3,1,1,3,1,1,34.4,121.2,84.5,38.300000000000004
1,60,47,103,3,0,0,3,1,0,0,2,5.3,108.0,84.60000000000001,187.9
128,91,17,61,1,3,3,1,0,3,1,2,231.9,165.3,34.1,109.3
47,52,68,9,2,0,2,0,3,3,0,0,84.60000000000001,90.60000000000001,125.4,16.2
58,0,40,58,3,3,1,0,3,1,0,0,105.9,0.0,73.5,104.4
199,28,54,18,0,3,3,2,2,1,0,1,356.2,53.9,101.7,34.4
64,48,86,158,0,1,3,1,0,2,0,3,115.2,85.9,159.3,282.90000000000003
63,26,41,17,3,2,2,2,1,3,3,1,116.9,46.800000000000004,73.8,32.6
20,179,14,30,3,0,1,0,3,2,1,2,37.5,320.2,25.7,52.0
68,56,8,0,0,0,3,1,0,0,0,3,122.4,100.8,18.9,0.0
30,62,170,21,2,3,0,1,3,1,0,2,54.0,115.10000000000001,306.0,37.300000000000004
59,173,40,42,0,1,3,2,0,1,1,0,106.2,311.90000000000003,75.5,78.60000000000001
23,37,43,40,1,0,1,1,0,0,3,3,42.9,66.60000000000001,75.9,70.5
66,59,63,61,2,3,3,3,0,2,2,0,121.8,108.7,115.9,114.3
31,55,27,65,1,3,0,0,2,2,0,3,55.300000000000004,101.5,48.6,114.0
47,34,4,14,2,0,3,3,0,0,2,2,87.60000000000001,61.2,9.7,27.7
60,34,24,7,3,2,1,3,0,0,2,1,112.5,64.2,42.7,16.1
58,20,20,96,0,0,0,3,2,1,2,0,102.4,35.0,34.0,177.3
37,6,45,20,2,0,2,1,1,0,2,0,68.60000000000001,10.8,82.0,37.5
49,46,125,23,2,3,3,1,3,3,2,3,88.2,84.3,227.5,39.9
82,55,190,153,0,2,3,1,3,2,2,1,144.6,100.0,344.5,275.90000000000003
158,56,4,1,1,0,0,0,3,0,0,3,282.90000000000003,100.8,7.2,0.0
40,57,13,50,3,1,0,3,0,3,1,3,76.5,101.10000000000001,22.400000000000002,91.5
33,16,69,81,0,1,3,0,3,2,2,2,56.4,28.3,126.69999999999999,143.8
154,31,50,9,2,1,0,2,2,2,1,0,278.2,55.300000000000004,89.0,19.2
45,15,32,23,3,0,0,1,2,2,0,3,83.5,25.0,57.6,39.9
3,64,66,43,0,0,3,2,0,3,2,1,5.4,112.2,121.3,79.4
56,29,41,63,3,0,2,3,3,3,0,2,102.3,49.2,76.8,115.9
51,137,8,9,1,2,2,3,0,2,3,3,93.3,247.6,14.399999999999999,17.7
56,17,68,38,0,0,3,3,2,3,2,3,98.8,27.6,124.9,69.9
27,35,29,47,1,2,0,3,1,3,3,3,49.1,63.0,49.2,86.10000000000001
88,3,57,36,2,0,0,3,2,0,1,1,159.4,5.4,101.60000000000001,68.3
0,10,141,5,3,3,2,0,2,3,3,3,0.0,19.5,253.8,6.0
183,16,70,85,2,1,0,3,2,1,1,0,330.40000000000003,29.3,125.0,157.5
50,63,8,35,0,3,2,3,2,1,2,2,88.0,116.9,15.399999999999999,65.5
49,148,51,59,1,2,3,3,3,0,1,0,86.7,269.40000000000003,95.3,110.7
180,53,35,58,1,3,2,3,0,2,3,2,325.5,97.9,63.0,106.9
176,54,42,55,3,1,3,3,3,0,3,2,318.3,98.7,77.10000000000001,101.5
108,57,31,55,0,0,2,3,2,1,1,3,192.4,101.60000000000001,57.800000000000004,100.5
76,99,37,63,2,0,0,1,2,3,0,0,137.8,175.20000000000002,66.60000000000001,114.9
11,127,68,160,3,3,2,2,2,3,3,0,22.3,230.1,122.4,291.0
165,29,33,129,3,3,0,1,3,2,0,0,298.5,54.7,59.4,233.70000000000002
22,47,1,44,3,1,2,0,1,3,2,2,43.1,83.10000000000001,2.8,77.2
34,41,25,37,1,2,1,2,1,2,3,0,61.7,74.8,43.5,69.60000000000001
53,193,61,173,3,3,1,1,1,2,0,1,98.9,349.90000000000003,111.3,311.90000000000003
67,49,63,28,2,2,3,0,2,1,3,1,121.60000000000001,90.2,114.9,49.4
15,61,200,15,2,3,2,1,0,3,2,3,30.0,111.3,361.0,25.5
105,53,136,52,3,0,0,1,1,0,1,0,192.5,95.4,243.8,95.10000000000001
186,64,121,51,1,3,2,0,3,0,2,1,333.3,119.7,218.8,90.8
20,35,8,5,2,2,1,3,0,1,0,2,39.0,65.0,15.9,11.5
35,39,39,66,2,3,1,2,3,1,1,0,63.0,73.7,70.7,121.8
68,58,60,27,1,0,2,3,0,2,2,3,123.9,102.4,109.0,50.1
68,55,85,46,3,0,1,2,0,2,0,3,126.9,97.0,154.5,82.8
44,194,32,51,3,1,0,1,3,2,1,0,80.7,348.7,56.6,93.3
49,33,36,61,2,2,0,2,2,2,0,2,89.2,60.4,64.8,110.8
50,65,10,55,1,0,2,0,1,0,2,0,90.5,117.0,19.0,99.0
58,45,54,25,0,3,1,1,0,1,1,1,104.4,84.5,97.7,45.5
61,9,67,36,2,0,0,2,1,2,3,0,111.8,14.2,117.60000000000001,67.8
56,60,154,6,2,2,0,2,2,3,0,2,101.8,108.0,277.2,11.8
21,28,48,61,3,1,3,1,3,3,3,3,39.300000000000004,48.9,87.9,108.3
44,24,33,7,3,0,1,3,3,0,3,1,80.7,43.2,57.9,16.1
59,91,32,142,1,0,0,3,2,0,0,1,105.7,163.8,57.6,259.1
20,17,45,68,3,1,1,3,0,2,2,3,40.5,30.1,80.5,123.9
32,117,84,59,0,1,3,0,2,2,3,3,55.6,210.1,152.70000000000002,103.2
41,48,47,39,1,1,1,3,0,1,0,3,75.3,86.9,86.10000000000001,71.7
109,41,39,14,1,0,2,1,2,2,1,1,195.70000000000002,71.8,72.2,25.7
59,38,48,55,3,0,3,0,3,2,0,2,107.7,66.4,90.9,97.0
12,3,40,56,0,0,3,0,3,2,3,0,18.6,3.4000000000000004,73.5,100.8
38,54,13,6,2,1,2,2,1,3,1,3,70.4,95.7,25.400000000000002,10.8
63,31,179,21,3,2,1,0,1,1,3,3,116.9,57.800000000000004,320.7,34.800000000000004
100,29,13,43,0,1,1,0,0,1,3,2,180.0,52.7,21.900000000000002,75.4
67,27,58,39,2,2,0,3,0,1,0,1,123.60000000000001,50.6,104.4,73.7
53,15,47,63,2,3,3,1,1,3,1,3,97.4,28.5,88.10000000000001,111.9
43,46,45,13,1,2,2,2,0,3,2,1,78.9,82.8,82.0,25.400000000000002
174,147,69,56,1,2,0,3,1,2,3,0,313.7,265.6,121.2,105.3
19,104,140,48,1,2,2,0,0,0,1,3,35.7,190.20000000000002,254.0,83.4
5,64,52,44,3,1,1,1,3,2,3,0,10.5,114.7,92.10000000000001,80.7
15,54,16,21,1,3,3,2,3,3,1,0,25.5,98.7,32.3,40.800000000000004
181,67,58,33,1,3,1,3,2,1,0,2,325.3,124.10000000000001,105.9,61.9
45,69,3,52,2,3,1,3,2,3,2,2,82.0,125.69999999999999,4.9,96.10000000000001
60,180,97,49,3,1,2,1,2,0,2,3,110.5,325.5,175.6,86.7
22,57,2,20,3,0,2,3,2,3,2,2,42.1,99.60000000000001,4.6,38.5
129,119,165,57,2,0,0,2,0,0,0,1,235.20000000000002,214.20000000000002,297.0,104.60000000000001
28,19,61,193,1,2,3,2,3,1,0,1,48.9,36.2,114.3,349.40000000000003
32,133,67,167,0,0,3,0,3,1,1,3,54.6,238.4,124.10000000000001,297.6
174,30,64,44,2,1,3,1,0,2,1,2,316.2,53.5,118.7,78.7
60,83,43,153,2,3,3,1,0,0,1,0,111.0,153.9,80.9,276.90000000000003
160,182,43,101,3,2,3,2,3,0,0,1,289.5,330.6,81.9,183.8
22,70,1,101,3,3,2,3,3,3,0,2,41.1,127.5,4.8,184.3
65,47,21,66,2,1,3,0,0,1,2,1,120.0,85.10000000000001,40.300000000000004,117.8
35,35,67,57,0,1,3,3,0,2,0,3,63.0,62.5,125.10000000000001,104.10000000000001
35,18,34,6,1,0,3,2,2,0,3,3,62.5,32.4,62.7,10.8
33,62,57,34,0,1,2,0,1,1,2,3,58.4,112.10000000000001,103.60000000000001,58.2
15,68,20,59,1,1,1,0,1,1,3,0,27.5,122.9,34.5,106.2
156,57,63,6,2,2,2,1,1,0,0,3,282.8,105.60000000000001,116.4,9.3
15,85,66,70,2,2,0,2,2,3,2,2,28.0,153.0,116.8,127.0
34,31,49,53,3,1,0,1,2,0,2,3,63.7,57.300000000000004,86.2,93.9
3,33,165,18,2,0,0,2,3,0,2,1,5.4,59.4,295.0,34.4
45,23,169,38,1,3,1,3,2,2,2,2,80.5,43.9,303.7,70.9
61,53,68,34,3,2,3,2,3,1,0,1,111.3,97.4,126.9,63.2
54,18,162,49,0,1,2,3,1,0,3,0,96.2,33.9,291.6,92.7
2,55,45,49,2,2,2,2,0,3,2,1,6.6,99.0,82.0,90.2
44,31,90,68,3,1,2,0,0,0,1,2,83.7,57.300000000000004,164.0,120.4
20,33,121,10,2,0,1,0,2,3,0,2,37.0,56.4,219.3,16.0
43,19,63,44,1,0,2,2,3,2,0,3,75.9,32.2,116.4,79.2
20,34,44,174,2,2,3,3,1,0,0,1,38.0,64.2,83.7,316.7
171,52,129,32,2,3,2,0,1,2,0,2,309.8,96.10000000000001,235.20000000000002,55.6
47,60,10,54,0,3,2,2,2,2,0,1,82.60000000000001,110.5,21.0,99.2
49,65,47,58,0,1,1,0,2,2,1,0,86.2,116.5,85.10000000000001,104.4
61,1,63,0,2,0,0,1,0,3,3,0,112.8,0.0,110.4,0.0
18,81,45,49,0,0,0,0,0,0,0,1,32.4,145.8,81.0,87.2
61,46,91,8,0,3,3,0,2,0,2,3,107.8,87.3,166.3,11.4
103,10,3,11,2,0,0,1,2,1,1,3,186.4,17.0,4.4,18.3
67,43,7,13,3,1,2,2,3,3,2,3,122.10000000000001,75.9,13.6,23.400000000000002
185,65,57,18,3,1,2,0,0,0,2,3,337.5,118.5,103.60000000000001,29.4
52,36,168,26,0,1,1,1,3,2,2,2,90.60000000000001,64.3,301.90000000000003,46.300000000000004
38,20,119,48,2,0,3,0,0,3,3,2,71.4,33.0,215.70000000000002,84.4
24,137,18,17,2,1,1,1,3,0,0,1,43.2,248.1,33.9,31.1
44,18,1,199,0,3,0,0,0,3,0,3,79.2,33.9,1.8,355.2
26,67,18,67,3,2,3,1,2,3,0,2,49.300000000000004,120.60000000000001,36.9,120.10000000000001
35,37,56,107,0,3,1,3,2,1,0,3,61.0,70.10000000000001,102.3,194.1
30,33,66,34,1,1,2,0,1,1,3,1,54.5,59.9,118.8,60.2
51,8,43,35,1,2,1,1,0,3,3,2,93.3,14.399999999999999,75.9,62.5
191,63,37,20,0,3,0,1,1,3,3,2,342.8,114.9,63.60000000000001,35.5
64,182,55,31,0,1,0,3,1,1,3,0,114.2,328.1,96.0,60.300000000000004
4,35,15,54,3,3,0,0,0,1,0,1,11.7,66.5,27.0,96.2
18,48,95,63,3,0,3,2,0,2,1,3,36.9,84.4,174.5,113.4
58,19,40,54,1,1,0,3,2,2,2,1,103.9,33.7,70.0,100.7
109,1,20,32,3,1,2,2,1,1,2,0,199.70000000000002,2.3,37.0,60.6
60,66,195,48,2,3,2,3,3,1,0,2,108.0,122.3,354.0,88.9
69,39,22,38,1,0,0,0,2,0,0,0,123.7,70.2,39.6,68.4
35,137,160,113,3,1,3,2,2,3,1,2,65.5,245.1,291.5,204.4
24,55,67,51,2,0,3,1,2,0,3,1,44.2,99.0,122.10000000000001,92.3
57,183,36,46,0,2,0,1,1,2,3,1,101.60000000000001,330.40000000000003,61.8,83.3
50,16,55,25,1,2,3,1,3,2,2,0,88.5,29.8,101.5,46.5
61,168,45,86,2,1,2,0,0,3,3,2,112.8,300.90000000000003,81.0,152.8
67,39,171,27,3,3,2,3,0,0,1,3,125.10000000000001,74.7,309.8,50.1
58,16,48,23,2,0,1,0,0,1,2,2,107.4,27.8,85.9,39.4
25,34,73,23,1,2,2,1,1,3,3,2,45.5,61.2,131.4,40.9
117,165,12,70,1,3,2,3,2,2,1,1,210.1,299.5,23.6,129.5
57,46,24,66,0,0,0,2,1,0,3,0,101.60000000000001,82.8,40.2,121.8
58,21,47,179,2,1,2,3,3,3,2,0,104.4,36.300000000000004,85.60000000000001,326.7
47,173,106,39,1,1,0,1,3,2,1,3,83.10000000000001,310.90000000000003,189.8,68.7
123,8,65,24,0,3,1,1,0,2,0,0,221.4,16.9,118.5,44.7
55,17,27,55,2,3,3,1,0,2,0,1,102.0,33.1,53.1,99.5
169,14,21,61,2,2,1,2,2,2,2,0,305.2,26.2,37.300000000000004,112.8
29,39,29,30,3,3,2,2,2,0,0,0,54.7,74.7,55.2,57.0
60,120,24,66,1,1,3,3,1,2,0,2,108.5,215.5,47.7,121.3
55,52,59,42,1,3,2,3,1,3,2,1,99.5,95.10000000000001,107.2,79.10000000000001
135,50,21,56,1,0,2,1,3,0,3,1,241.5,90.0,37.800000000000004,101.3
15,12,196,9,1,3,2,3,1,2,2,2,27.5,24.1,353.8,18.7
67,42,6,5,0,1,3,1,3,1,3,3,117.60000000000001,76.10000000000001,12.3,7.5
27,32,38,149,2,3,3,2,0,1,2,3,51.6,61.1,70.9,268.2
153,28,64,67,0,0,2,1,3,1,2,3,272.40000000000003,49.4,116.2,119.10000000000001
37,40,28,21,1,3,2,2,0,2,1,1,68.10000000000001,74.5,52.4,39.800000000000004
42,7,42,48,2,1,3,2,2,3,1,2,76.60000000000001,11.1,79.10000000000001,87.4
51,12,125,58,0,1,3,0,0,1,0,2,91.8,22.1,229.5,102.4
28,7,68,24,0,3,3,1,1,1,1,0,49.4,16.1,125.9,44.7
14,64,12,21,0,2,3,2,0,0,0,3,25.2,118.2,26.1,37.800000000000004
60,152,28,126,0,2,3,1,2,2,0,3,106.0,274.6,54.9,225.3
88,0,92,1,2,3,2,2,1,2,0,3,160.4,0.0,168.6,1.7999999999999998
163,59,25,78,2,3,0,2,2,2,3,0,294.40000000000003,108.7,42.0,143.4
6,39,51,60,3,3,0,0,3,0,2,1,12.3,74.7,89.8,107.0
68,62,67,11,1,2,3,0,3,2,2,1,120.9,112.60000000000001,123.10000000000001,18.8
10,14,23,56,1,1,3,3,1,1,0,3,18.5,25.7,45.9,102.3
63,126,65,18,2,1,0,3,3,1,2,3,113.4,227.3,115.0,33.9
45,8,30,53,0,2,0,3,3,3,1,0,78.0,14.399999999999999,53.0,99.9
86,122,51,182,2,2,1,3,1,3,3,1,156.8,219.6,90.3,331.1
26,106,7,144,1,0,3,1,1,2,3,2,47.300000000000004,188.8,14.100000000000001,258.7
160,8,25,79,0,2,3,2,2,0,3,2,286.0,17.4,46.5,143.20000000000002
16,59,28,42,2,2,1,1,0,0,0,2,31.8,109.2,51.9,75.10000000000001
53,142,10,31,0,0,2,1,2,0,1,1,93.4,255.6,20.0,56.300000000000004
22,43,42,50,2,2,2,3,3,2,3,3,39.6,78.4,75.60000000000001,91.5
38,31,52,9,2,3,2,2,2,0,1,0,69.4,60.300000000000004,95.60000000000001,19.2
9,94,6,159,3,1,1,2,0,3,1,1,20.7,167.70000000000002,11.3,288.2
63,65,15,132,1,3,2,1,1,3,0,3,113.9,118.5,30.0,236.1
99,14,29,127,0,2,3,1,3,3,1,0,175.20000000000002,25.2,55.7,230.1
27,144,68,100,3,3,0,3,1,0,0,2,52.1,263.7,122.4,182.5
11,30,51,52,1,2,3,3,3,0,3,2,18.3,57.0,93.3,96.10000000000001
20,54,63,21,2,0,0,3,1,2,0,1,38.0,95.2,113.4,41.300000000000004
69,42,54,124,1,1,2,3,2,2,1,3,123.7,75.10000000000001,99.2,224.70000000000002
63,58,18,40,2,1,3,3,0,1,0,3,116.4,104.9,36.9,73.5
52,59,39,141,2,0,0,2,3,2,0,3,93.60000000000001,104.2,70.2,253.8
3,149,5,65,3,1,2,3,3,2,0,3,6.9,267.7,12.0,118.5
142,69,41,43,0,2,2,2,3,2,2,2,252.6,125.2,74.8,78.4
54,28,33,57,2,0,3,0,3,3,0,0,97.2,47.4,63.9,102.60000000000001
38,37,15,35,2,0,2,1,3,2,3,1,68.4,64.60000000000001,27.0,63.5
125,137,184,41,1,0,1,2,1,1,0,3,225.5,245.6,332.7,73.8
105,19,35,88,0,1,0,3,2,2,3,1,187.0,33.7,60.0,161.9
32,26,32,60,1,2,3,2,1,2,3,1,58.1,47.800000000000004,59.1,110.0
20,142,27,50,1,0,3,1,0,3,0,1,37.5,252.6,53.1,90.5
48,39,152,31,1,1,0,0,3,0,3,2,84.9,71.7,270.6,53.800000000000004
67,194,64,45,3,0,3,1,1,2,3,3,124.10000000000001,347.2,116.7,79.5
150,12,18,23,2,2,1,3,0,1,3,1,273.0,23.6,30.9,44.9
110,20,15,68,0,3,3,0,1,3,1,0,197.0,37.5,30.5,122.4
9,164,15,67,3,0,1,2,3,1,2,2,17.7,294.2,26.5,121.60000000000001
61,11,187,102,0,3,1,2,3,0,3,1,106.8,24.3,335.1,185.6
24,49,118,10,2,2,1,0,1,2,3,1,45.2,89.2,210.9,17.0
39,41,36,33,0,1,3,1,3,1,2,3,67.2,74.3,67.3,57.9
67,199,5,61,2,1,0,2,1,2,0,3,122.60000000000001,357.7,9.0,109.8
13,54,163,1,1,3,2,3,2,2,1,0,22.900000000000002,99.7,295.40000000000003,6.3
120,18,15,62,1,1,1,2,2,0,3,3,215.5,33.9,25.5,111.60000000000001
39,43,52,47,3,3,2,3,1,3,2,0,73.7,78.9,94.60000000000001,89.10000000000001
62,40,42,12,3,2,3,2,3,0,2,2,113.10000000000001,75.0,78.10000000000001,22.6
26,16,40,6,3,0,1,0,3,1,1,0,48.300000000000004,27.8,72.5,10.8
36,35,70,45,0,2,1,0,3,0,1,3,61.8,66.0,126.5,78.0
43,49,29,136,2,1,2,2,1,0,0,3,79.4,89.7,55.2,244.8
14,61,22,38,0,0,3,2,2,0,1,1,23.2,109.8,43.1,70.4
29,51,54,46,1,0,0,0,2,0,0,3,51.7,91.8,97.2,79.8
69,65,90,27,0,2,0,3,3,2,1,1,121.2,118.0,161.0,52.1
6,34,65,47,1,1,0,3,0,2,3,0,12.3,60.7,114.0,89.10000000000001
199,16,9,29,3,0,2,0,2,2,3,1,360.7,26.8,16.2,51.2
9,169,66,49,3,3,0,0,0,3,2,0,20.7,305.7,116.8,88.2
58,93,2,2,2,1,2,3,1,0,2,2,106.4,168.9,4.6,6.1
52,44,111,43,3,3,3,1,2,1,1,0,96.10000000000001,82.7,203.3,78.9
83,36,114,55,2,2,1,3,2,3,1,0,150.4,64.8,205.70000000000002,103.5
12,62,18,56,0,1,1,1,3,0,1,1,18.6,113.10000000000001,32.9,101.3
127,46,49,20,0,2,3,1,1,0,3,0,227.6,85.8,89.7,37.5
70,105,68,47,3,1,0,1,2,3,1,3,128.5,187.5,121.4,83.10000000000001
48,7,155,27,0,0,2,3,1,0,0,3,85.4,12.6,282.0,50.1
56,29,20,20,0,1,1,2,0,3,1,0,100.8,50.7,36.5,39.0
142,74,150,63,0,1,1,3,0,3,2,3,255.6,131.70000000000002,269.5,114.9
8,69,91,66,0,2,2,0,2,0,3,0,12.4,127.2,163.8,118.8
39,122,2,168,2,3,2,1,0,3,2,2,73.2,221.1,4.6,301.90000000000003
8,2,27,95,1,3,1,0,2,1,2,1,13.9,7.1,48.1,170.0
7,69,66,38,3,3,1,0,1,0,0,3,16.1,128.7,120.3,65.4
30,125,143,5,0,3,1,1,3,0,1,1,51.0,229.5,257.90000000000003,9.5
56,91,56,191,1,2,2,3,2,3,2,2,100.3,163.8,101.8,346.3
45,31,40,50,3,0,3,2,3,3,0,2,82.5,52.800000000000004,76.5,91.0
22,0,24,39,1,3,2,1,0,0,0,0,41.1,0.0,46.2,71.7
150,175,46,27,3,0,1,0,2,0,0,0,272.5,315.0,84.3,48.6
0,157,21,97,3,1,0,2,1,3,2,1,0.0,281.1,35.800000000000004,176.6
39,35,38,1,2,0,0,0,0,1,3,1,73.2,62.0,65.4,0.8
69,57,29,62,1,1,0,2,1,2,1,3,124.7,102.10000000000001,51.2,111.60000000000001
51,53,45,47,1,1,1,3,0,0,3,2,93.3,96.9,79.5,87.10000000000001
0,44,87,47,1,2,2,0,2,2,0,0,0.0,80.2,159.6,84.60000000000001
62,137,126,3,1,2,0,2,3,3,2,2,110.10000000000001,246.6,224.8,6.4
43,158,39,62,3,1,3,2,2,1,0,2,79.9,284.90000000000003,74.7,112.60000000000001
25,3,22,19,2,1,3,2,2,0,2,0,46.0,6.9,42.1,37.2
33,81,28,45,1,1,3,3,1,3,3,1,59.9,144.3,51.9,84.5
43,17,70,48,0,3,2,1,3,2,2,2,74.4,33.1,127.0,85.9
30,6,32,12,3,3,0,0,3,0,1,3,55.5,15.3,56.6,18.6
61,17,48,17,3,0,1,2,3,2,2,1,111.3,28.6,85.9,32.6
29,32,26,3,3,2,3,0,1,1,3,1,55.7,59.6,48.300000000000004,4.4
47,103,7,60,0,1,2,2,0,2,3,2,84.60000000000001,184.9,12.6,109.0
57,67,33,22,0,2,0,3,2,0,2,0,100.60000000000001,123.60000000000001,57.4,44.1
48,4,172,65,2,2,2,1,2,3,3,2,87.4,7.199999999999999,309.6,116.5
55,59,38,48,1,0,1,3,3,3,1,0,97.5,103.2,68.9,90.9
58,9,12,5,3,2,0,3,0,3,2,1,108.9,16.2,19.6,12.5
70,39,72,9,0,1,2,1,0,0,3,0,126.0,71.7,129.6,17.7
69,198,57,145,2,2,1,3,1,3,2,0,126.2,356.40000000000003,102.10000000000001,265.5
9,23,17,44,0,2,1,0,1,0,0,3,15.2,44.4,32.1,76.2
40,53,61,22,0,3,2,3,2,1,3,0,70.0,98.9,109.8,44.1
90,6,176,48,1,1,2,0,0,1,2,3,163.5,11.3,317.8,83.4
112,44,6,29,2,1,2,0,0,2,1,3,204.6,78.7,12.8,49.2
36,28,12,91,2,2,1,0,1,0,0,2,66.8,53.4,23.1,161.8
35,177,60,29,3,0,0,0,0,0,2,1,67.5,318.6,106.0,51.2
10,151,53,56,1,0,3,0,3,1,3,1,16.5,270.8,96.9,99.8
195,39,31,1,0,2,3,2,2,2,2,3,349.0,71.2,58.300000000000004,1.7999999999999998
115,1,3,6,3,3,3,3,1,0,1,2,210.5,6.3,8.9,13.3
32,2,15,16,3,3,1,3,1,2,2,0,61.1,6.1,26.5,33.3
34,30,13,64,1,2,2,0,1,0,1,2,61.7,57.0,25.400000000000002,113.2
58,16,41,42,0,1,2,3,1,2,3,3,103.4,28.3,73.8,77.10000000000001
173,42,1,56,2,1,3,0,0,2,2,1,314.40000000000003,75.10000000000001,4.3,99.8
70,42,41,36,3,3,0,1,2,1,2,3,128.5,79.10000000000001,71.8,63.3
31,0,71,162,2,0,1,1,3,0,3,1,55.800000000000004,0.0,126.30000000000001,292.1
59,21,178,0,3,3,1,1,1,2,2,1,109.7,40.300000000000004,319.90000000000003,0.0
57,54,175,57,2,0,1,1,0,1,3,3,105.60000000000001,96.2,313.5,101.10000000000001
5,16,93,43,3,2,1,3,2,1,0,2,11.5,30.8,168.9,79.9
61,69,40,10,1,2,1,1,2,1,2,0,109.3,126.2,71.5,19.5
42,44,4,68,2,3,0,0,0,1,3,1,78.60000000000001,82.7,4.2,121.4
55,36,20,58,3,1,0,1,1,3,3,1,102.5,63.3,33.0,104.9
33,93,14,165,3,3,3,1,0,1,1,0,63.9,170.9,28.7,298.5
39,116,182,41,2,2,0,1,0,2,1,3,73.2,209.8,326.6,72.3
32,30,7,68,0,1,3,3,0,1,2,2,57.6,54.5,15.100000000000001,124.9
12,55,33,98,2,0,2,3,0,2,1,2,24.6,97.0,61.4,178.9
11,180,37,54,2,3,1,3,1,2,1,1,21.8,326.5,67.10000000000001,100.7
23,38,34,124,0,2,2,1,1,2,1,3,40.4,69.4,63.2,221.70000000000002
18,172,145,22,0,3,0,1,1,1,0,2,31.4,313.1,261.0,39.1
27,59,68,171,1,2,3,3,1,3,3,2,49.1,106.2,123.9,310.3
118,53,1,62,1,2,2,1,3,0,3,0,210.9,98.4,1.7999999999999998,113.10000000000001
18,10,21,102,1,3,2,0,2,1,1,2,31.9,21.5,39.800000000000004,181.6
32,35,157,151,3,2,3,3,1,0,1,0,61.1,66.0,286.1,276.3
10,43,61,83,2,1,0,1,1,2,0,3,20.0,76.9,109.8,147.9
29,71,36,148,2,3,3,1,0,3,1,0,55.2,129.3,68.3,267.90000000000003
42,31,61,13,3,2,2,3,2,2,0,2,78.10000000000001,56.800000000000004,112.8,25.900000000000002
31,62,66,52,0,1,3,0,0,3,2,3,55.800000000000004,110.10000000000001,121.3,90.60000000000001
67,59,9,25,2,2,0,0,2,1,1,0,121.60000000000001,108.2,15.2,45.0
1,93,15,8,1,0,2,2,3,3,0,3,0.2999999999999998,164.4,30.0,14.399999999999999
27,64,46,17,0,0,3,3,1,0,0,1,47.6,115.2,87.3,34.1
27,52,36,9,0,3,1,0,3,2,0,3,45.6,96.10000000000001,66.3,13.2
35,64,68,56,3,3,3,1,3,1,2,2,64.5,118.7,124.9,100.3
66,31,62,40,0,3,0,3,3,2,1,2,115.8,58.300000000000004,110.60000000000001,74.5
52,63,154,3,1,3,3,1,3,1,0,2,92.10000000000001,116.9,281.7,4.9
12,68,123,7,1,1,3,2,3,0,3,1,20.1,123.9,222.9,14.6
191,7,45,69,0,3,1,3,3,1,2,2,340.8,16.1,80.5,126.69999999999999
61,22,129,9,0,3,2,2,1,2,3,3,108.8,42.1,232.20000000000002,16.2
112,41,32,12,0,0,3,3,0,2,2,1,201.6,71.8,60.1,25.1
41,152,13,52,3,0,2,0,2,2,1,2,76.3,271.6,25.400000000000002,91.60000000000001
50,1,29,107,1,2,3,3,0,2,0,2,91.5,2.8,56.7,195.1
42,124,187,65,0,0,2,2,2,0,2,0,73.60000000000001,223.20000000000002,337.6,120.0
55,12,12,52,0,1,0,2,0,1,1,2,99.0,22.1,20.6,94.60000000000001
51,97,11,13,2,2,3,3,3,1,0,2,91.8,176.6,24.3,25.900000000000002
44,31,186,42,2,2,2,3,1,1,0,0,81.2,57.800000000000004,337.8,80.10000000000001
12,32,8,30,1,1,1,1,3,3,2,2,20.1,56.1,13.9,53.5
34,59,80,69,3,3,3,1,3,0,2,3,62.7,110.7,146.5,122.7
84,141,190,53,3,2,3,3,2,0,1,1,153.70000000000002,256.8,345.5,98.9
44,46,53,25,0,3,2,2,2,0,3,2,77.2,87.3,95.4,46.0
3,178,29,14,0,2,3,1,1,1,1,0,4.4,322.40000000000003,55.7,26.7
188,40,42,61,0,3,0,2,3,0,2,3,335.40000000000003,76.5,73.60000000000001,109.8
84,150,73,35,1,0,1,2,3,1,3,3,149.70000000000002,269.0,129.9,63.0
60,43,1,55,3,1,1,2,0,0,2,2,112.5,78.9,1.2999999999999998,100.0
13,7,182,25,3,0,2,2,1,0,1,0,26.900000000000002,12.6,329.6,48.0
64,63,55,41,0,0,3,2,1,3,1,2,114.2,110.4,102.5,74.8
52,28,44,54,0,0,3,1,2,3,0,0,91.60000000000001,47.4,83.7,98.7
3,95,50,57,3,1,3,2,0,2,2,0,9.9,170.5,92.5,105.60000000000001
31,52,54,7,1,0,1,1,1,2,0,3,56.300000000000004,91.60000000000001,98.7,11.1
66,63,52,38,1,1,2,1,2,1,2,2,118.3,113.9,94.60000000000001,67.9
40,51,169,55,0,3,2,2,2,0,2,2,70.0,96.3,305.2,100.0
47,20,41,6,3,3,0,0,1,3,1,1,88.10000000000001,37.5,72.8,9.8
31,27,19,51,0,1,1,2,0,0,3,1,55.800000000000004,50.1,32.7,93.8
42,42,17,67,2,2,2,1,2,0,3,1,76.60000000000001,78.60000000000001,30.6,121.10000000000001
3,66,30,68,2,3,1,0,3,2,0,2,5.4,121.3,55.5,120.4
19,3,33,67,3,2,2,3,0,1,3,1,38.7,7.4,59.4,124.10000000000001
44,89,69,106,1,3,3,0,1,3,3,3,79.7,161.70000000000002,125.69999999999999,187.8
62,173,30,64,2,2,0,2,0,3,2,1,114.60000000000001,311.40000000000003,52.0,117.2
97,57,18,35,0,1,1,0,1,1,1,3,173.6,103.10000000000001,32.9,60.0
0,5,18,177,3,1,3,3,2,0,0,1,0.0,10.5,36.9,322.1
83,23,28,47,0,3,2,0,0,0,2,3,149.4,45.9,51.4,81.60000000000001
70,185,107,19,0,3,1,2,3,1,2,2,123.0,336.5,192.1,35.2
168,11,60,93,0,3,3,3,1,3,2,1,301.40000000000003,21.3,110.5,170.9
78,55,67,18,2,0,2,1,0,2,1,2,143.4,97.0,122.60000000000001,31.9
68,54,15,41,3,0,0,2,2,1,0,2,124.9,96.2,27.0,74.8
43,59,64,169,3,0,3,3,3,2,1,2,78.9,104.2,118.7,306.7
12,62,61,48,0,2,0,0,2,3,0,1,19.6,111.60000000000001,109.8,85.4
26,172,36,37,0,1,3,1,1,2,3,1,45.800000000000004,309.1,66.3,67.10000000000001
2,35,58,57,0,3,1,2,2,2,1,3,1.6,65.5,104.9,102.60000000000001
0,63,59,34,2,2,0,1,1,1,1,1,0.0,115.4,105.2,61.7
67,183,47,91,0,1,0,0,1,3,2,0,119.60000000000001,327.90000000000003,82.60000000000001,163.8
64,47,46,41,1,3,3,3,1,2,3,0,115.7,87.10000000000001,84.3,78.3
34,53,51,55,2,2,2,0,2,1,0,2,62.2,97.4,94.8,97.0
73,29,131,48,2,2,1,3,2,3,3,2,132.4,52.2,234.3,88.9
57,57,61,35,2,3,1,2,0,1,2,0,105.60000000000001,106.10000000000001,109.3,66.0
28,9,5,3,1,1,0,1,0,1,1,0,51.9,16.7,8.0,6.9
54,66,27,47,3,0,0,2,1,1,1,3,100.7,117.8,47.6,84.60000000000001
61,59,12,24,3,1,1,3,2,1,1,0,112.3,106.7,22.1,47.7
63,14,64,61,1,2,2,2,3,2,2,2,111.9,26.2,116.2,110.8
169,52,196,68,1,0,3,3,1,3,2,2,304.7,90.60000000000001,355.3,124.9
42,142,32,15,0,0,1,1,2,1,2,0,73.60000000000001,254.6,57.1,28.5
163,0,4,83,0,2,0,2,0,3,1,3,293.40000000000003,0.0,6.2,149.4
27,19,57,51,0,0,0,0,3,2,3,1,45.6,32.2,99.60000000000001,90.8
49,174,49,10,1,3,0,2,3,0,3,0,86.7,317.7,85.2,21.0
29,26,64,1,2,2,0,2,0,1,0,3,55.2,48.800000000000004,115.2,1.7999999999999998
18,18,25,175,3,2,0,0,2,1,3,3,34.9,34.4,42.0,312.0
155,182,43,11,3,3,3,1,0,1,2,1,283.5,331.1,79.9,20.3
66,77,72,4,3,3,2,3,3,0,1,3,120.3,143.1,131.6,8.7
25,153,52,66,3,2,2,2,2,3,0,0,47.5,275.40000000000003,96.60000000000001,121.8
45,155,5,64,1,2,1,0,2,2,1,3,80.5,280.0,9.5,112.2
18,119,63,19,0,1,0,0,2,3,1,3,30.4,212.70000000000002,112.4,31.200000000000003
98,131,97,11,0,2,3,0,1,3,3,2,175.4,235.8,176.1,17.8
61,49,59,29,3,1,0,3,3,3,3,1,111.3,86.7,103.2,55.7
62,39,66,36,1,3,1,3,3,3,0,3,110.10000000000001,71.7,120.3,66.3
47,167,11,24,1,0,2,1,2,3,2,2,84.10000000000001,297.6,20.8,42.7
22,169,51,12,1,2,1,3,1,1,2,3,40.1,306.2,91.3,23.1
46,7,2,27,1,2,3,1,3,0,2,1,81.3,15.6,6.1,49.1
119,30,8,23,1,3,2,3,1,3,1,3,214.70000000000002,55.5,16.4,42.9
91,156,33,40,3,2,0,2,2,2,2,2,166.3,281.8,57.4,73.0
77,173,51,7,1,2,1,1,1,2,2,1,139.1,312.40000000000003,91.3,13.1
67,19,52,167,0,0,1,3,3,0,3,1,117.60000000000001,34.2,92.10000000000001,304.1
53,4,23,180,1,3,3,1,0,1,1,2,96.9,10.7,44.9,323.5
18,37,66,163,0,3,2,0,0,3,3,1,32.4,68.10000000000001,118.8,292.40000000000003
10,65,5,86,2,0,0,0,3,0,2,1,18.0,117.0,7.0,153.8
55,56,39,33,1,2,2,1,0,3,3,1,100.5,100.8,70.2,59.9
49,31,23,10,2,1,0,1,3,0,1,2,88.2,57.300000000000004,40.4,17.5
134,67,60,37,3,1,2,2,2,3,0,2,243.70000000000002,119.10000000000001,111.0,67.60000000000001
14,45,52,32,3,3,2,3,3,1,0,1,26.7,84.5,96.60000000000001,61.1
52,53,39,54,1,2,2,2,2,2,2,0,93.10000000000001,96.4,71.2,100.2
56,36,40,54,1,0,0,0,0,1,2,3,102.3,63.8,70.0,94.2
121,20,47,54,1,0,1,2,0,1,2,2,219.3,35.0,84.10000000000001,98.2
56,3,136,147,2,0,1,1,1,1,3,3,102.8,4.4,243.3,263.1
192,50,64,21,2,0,2,0,0,1,3,1,348.6,89.0,115.2,36.800000000000004
44,47,41,64,3,0,3,3,3,1,1,1,80.7,83.60000000000001,77.3,118.7
26,20,30,46,1,0,3,2,1,1,2,3,47.300000000000004,35.0,56.5,82.8
37,33,116,36,1,1,0,3,0,3,1,0,68.10000000000001,57.9,207.8,69.3
59,96,133,8,2,0,3,0,1,1,0,0,108.2,171.8,243.9,14.4
14,48,31,35,3,0,1,2,3,1,1,0,26.7,85.4,56.300000000000004,66.0
59,73,67,53,1,3,2,1,3,2,3,2,104.7,133.9,120.60000000000001,94.9
60,34,162,67,1,1,1,3,2,3,2,1,107.5,59.7,291.1,124.10000000000001
0,35,107,3,0,1,2,3,3,0,1,1,0.0,64.5,194.6,8.9
42,8,195,165,0,2,0,3,2,3,1,1,73.60000000000001,14.399999999999999,350.0,300.5
182,170,21,37,3,3,3,3,3,3,0,2,329.1,307.5,42.300000000000004,69.10000000000001
16,55,58,33,2,3,2,1,3,2,2,1,28.8,101.5,105.4,59.9
44,50,22,15,2,2,3,0,3,2,2,0,79.2,91.0,42.1,27.0
181,199,106,2,3,1,3,3,1,1,1,1,329.3,358.7,194.3,7.1
58,103,159,50,1,0,1,3,3,0,0,1,102.9,185.4,287.7,93.5
2,24,79,11,0,1,1,2,0,1,2,3,3.6,43.7,141.70000000000002,19.8
13,69,26,27,2,3,2,1,1,3,3,1,25.400000000000002,125.69999999999999,46.800000000000004,49.1
194,63,9,181,3,2,0,2,2,2,1,0,351.7,114.4,15.2,328.8
4,7,1,61,3,0,0,1,2,2,0,3,9.7,10.6,1.8,108.3
64,61,95,38,0,0,1,0,0,0,0,0,115.2,109.8,172.5,68.4
107,12,37,70,3,3,1,3,2,3,2,0,195.1,23.1,66.10000000000001,130.5
148,49,30,160,0,1,1,3,3,1,1,2,263.40000000000003,88.7,54.5,290.5
1,58,53,30,3,1,2,0,3,3,0,1,3.3,102.9,98.4,53.0
183,64,54,24,3,2,1,2,1,0,0,2,332.90000000000003,118.2,98.7,44.2
7,35,40,17,2,0,0,0,2,3,0,1,13.6,60.0,72.0,29.6
25,67,9,11,0,3,3,2,0,1,1,0,45.0,124.10000000000001,19.7,22.8
24,28,113,100,2,1,2,3,3,1,3,2,43.2,50.9,203.4,182.5
185,9,75,69,0,1,2,0,1,1,2,0,332.0,16.7,136.0,124.2
21,18,21,56,3,1,3,3,1,0,2,2,41.300000000000004,33.9,40.300000000000004,103.3
116,66,4,22,2,3,0,1,3,3,3,2,208.8,120.3,4.2,39.1
160,46,13,193,1,2,3,0,0,3,0,2,289.5,82.8,27.900000000000002,345.40000000000003
3,30,43,111,1,2,0,3,2,0,0,2,4.9,57.0,77.4,202.3
14,11,39,49,0,0,1,1,1,2,0,2,24.2,17.8,71.7,87.7
9,56,12,66,0,3,2,3,0,3,2,1,16.2,102.3,22.6,122.3
59,135,66,130,2,0,0,3,0,3,0,0,109.2,240.0,118.8,238.5
198,59,63,53,2,2,0,3,1,2,1,1,358.40000000000003,107.2,112.4,98.9
158,32,97,194,0,2,0,2,3,0,2,3,281.40000000000003,60.6,172.6,349.2
39,0,117,97,1,3,0,2,3,3,0,1,68.7,0.0,210.6,176.6
119,53,7,8,2,2,1,0,3,0,0,3,214.20000000000002,98.4,14.1,11.4
99,43,69,33,2,1,2,3,2,3,2,0,179.20000000000002,75.9,125.2,63.9
67,21,43,15,3,2,1,3,3,3,1,1,122.10000000000001,37.800000000000004,77.9,30.5
51,91,56,18,3,1,2,2,3,1,2,3,93.3,164.3,101.8,32.4
27,145,64,31,3,3,0,0,1,3,3,2,52.1,262.5,112.2,53.800000000000004
53,46,70,52,3,3,3,0,3,3,0,0,96.9,84.3,130.5,93.60000000000001
31,30,53,39,3,1,1,1,2,1,0,3,58.300000000000004,54.5,96.9,68.7
35,22,26,57,0,3,3,0,0,3,2,2,63.0,41.1,49.300000000000004,100.60000000000001
3,15,44,70,3,2,0,3,3,3,3,2,6.9,27.0,76.2,128.5
155,137,3,27,1,1,3,2,2,3,2,0,278.5,245.1,7.9,51.6
102,64,3,61,1,2,1,1,1,3,1,2,184.1,115.2,5.9,109.3
29,19,47,33,3,0,2,3,1,3,0,1,55.7,31.200000000000003,87.60000000000001,62.9
34,21,12,52,2,3,2,3,1,2,3,1,63.2,40.300000000000004,21.6,97.10000000000001
130,85,195,37,0,3,3,0,3,2,3,1,231.0,155.5,352.5,65.60000000000001
153,18,42,60,2,1,1,3,0,0,2,2,278.40000000000003,33.9,75.10000000000001,110.5
111,36,119,13,0,1,3,1,1,1,1,1,198.8,65.3,217.70000000000002,23.900000000000002
37,1,12,57,0,3,3,0,0,2,3,2,66.60000000000001,4.3,23.1,100.60000000000001
30,9,39,47,1,3,1,2,1,3,1,3,54.5,17.7,70.7,84.60000000000001
56,184,52,190,3,0,0,3,3,0,2,1,102.3,331.2,91.60000000000001,345.5
121,67,59,48,0,2,2,2,1,1,0,2,216.8,122.60000000000001,109.2,87.4
63,111,10,26,2,0,2,3,0,1,1,0,116.4,198.8,20.0,51.300000000000004
25,67,43,18,1,1,2,3,3,3,3,3,43.5,119.10000000000001,77.4,33.9
25,0,43,20,1,3,0,2,0,3,2,0,46.5,0.0,75.4,39.0
34,130,5,67,2,3,3,3,3,2,0,3,61.2,236.5,13.5,122.10000000000001
28,32,39,90,0,2,0,3,2,3,3,0,48.4,57.6,67.2,166.5
5,5,55,66,3,1,0,0,3,1,3,1,10.5,9.5,96.0,117.8
167,13,39,44,3,2,1,2,2,2,3,0,303.1,24.400000000000002,68.7,82.2
56,182,50,26,0,0,0,0,1,2,3,1,99.8,325.6,87.0,45.800000000000004
11,32,164,59,0,3,0,3,3,3,1,2,16.8,59.1,294.2,108.7
56,20,60,17,3,3,0,2,2,2,0,1,103.3,38.5,108.0,32.6
41,27,59,7,0,0,3,3,2,3,0,3,71.8,45.6,110.7,14.100000000000001
52,65,58,65,1,2,0,0,3,1,2,3,92.10000000000001,119.0,102.4,114.0
17,52,2,63,3,3,3,2,1,2,1,0,34.1,96.10000000000001,7.1,116.4
24,69,22,120,0,2,0,1,2,2,0,3,41.2,125.2,39.6,214.5
27,34,148,8,3,3,3,0,3,2,0,2,50.1,63.7,270.90000000000003,12.4
20,55,15,93,2,2,3,0,3,2,3,1,36.0,100.0,28.5,166.4
29,110,74,10,0,1,2,1,2,1,0,2,50.2,198.5,136.20000000000002,17.5
5,6,11,7,3,2,3,2,3,1,3,1,10.5,12.8,21.3,14.6
85,77,9,50,1,1,0,3,2,2,1,2,152.5,138.1,15.2,92.5
153,63,43,17,3,3,0,0,3,3,2,2,276.90000000000003,114.9,75.4,28.6
40,9,55,64,1,3,0,3,0,3,3,2,73.5,17.7,96.0,117.7
53,63,9,58,1,1,3,1,2,0,0,2,94.9,114.9,20.7,103.9
54,22,77,150,3,3,3,3,3,1,2,1,98.7,43.1,141.1,273.5
79,117,29,15,2,1,1,3,1,0,1,1,144.20000000000002,212.1,52.7,30.5
0,40,20,54,2,0,2,1,1,2,2,3,0.0,70.0,37.0,95.7
143,15,178,131,3,3,3,0,1,3,0,1,260.90000000000003,28.5,324.90000000000003,234.8
119,65,22,44,3,0,2,2,2,2,2,0,216.70000000000002,115.0,40.6,82.2
152,13,61,9,3,0,1,3,1,2,1,1,277.1,21.400000000000002,110.3,19.7
20,63,24,57,0,2,1,3,2,1,2,2,34.0,115.4,42.7,105.10000000000001
65,28,61,24,2,0,3,2,1,3,1,1,119.0,47.4,113.3,45.2
7,19,10,24,3,0,0,3,3,0,3,2,14.100000000000001,34.2,15.0,45.7
178,75,34,91,0,3,0,3,3,1,3,0,317.40000000000003,138.5,58.2,168.3
19,26,9,38,0,0,1,1,0,1,1,3,34.2,45.800000000000004,16.7,66.9
49,2,38,56,0,0,0,2,1,3,2,1,87.2,0.6000000000000001,66.4,102.8
44,48,54,21,0,1,3,2,1,3,3,1,78.2,84.9,98.7,39.800000000000004
185,29,5,26,3,2,1,1,0,0,1,0,337.5,55.2,9.5,48.300000000000004
38,16,64,66,0,3,3,2,1,1,2,0,67.4,32.3,117.7,121.8
58,17,120,115,0,1,3,2,3,1,3,3,101.4,31.1,217.5,207.0
1,2,57,46,2,1,0,3,1,1,3,2,3.8,4.1,99.60000000000001,85.3
29,43,32,200,2,3,1,3,3,3,3,1,52.2,78.9,56.1,363.5
47,100,26,42,0,1,2,2,0,3,3,3,84.60000000000001,178.5,46.800000000000004,75.60000000000001
28,65,46,35,0,1,0,3,0,0,0,1,50.4,118.5,82.8,66.5
126,29,9,72,0,1,1,0,0,0,3,1,226.8,53.7,14.7,128.6
33,181,57,166,0,0,2,0,3,0,2,3,56.4,325.8,103.60000000000001,295.8
51,167,38,39,2,2,1,1,0,0,3,3,94.8,303.6,66.9,68.7
35,10,25,45,0,1,3,3,1,1,3,2,62.0,18.5,46.5,83.5
39,101,45,141,2,2,1,3,2,1,2,3,71.2,183.8,80.5,255.3
16,31,42,18,1,1,3,3,3,1,3,0,27.3,56.300000000000004,77.10000000000001,36.9
13,29,16,56,1,1,3,3,1,1,3,3,23.900000000000002,52.7,30.299999999999997,102.3
20,40,24,64,0,0,0,2,0,1,0,3,36.0,71.0,43.2,115.2
27,2,59,10,2,0,1,3,1,0,0,1,50.6,3.6,107.7,21.5
17,70,42,8,2,2,1,0,1,2,1,0,32.6,127.0,76.10000000000001,14.4
25,54,164,184,2,3,0,3,0,1,3,3,48.0,100.7,292.2,332.7
41,62,88,98,2,0,1,2,0,2,0,3,76.8,109.60000000000001,159.9,176.4
34,52,5,49,2,3,1,3,3,2,1,2,61.2,96.10000000000001,9.5,90.7
13,11,69,41,1,1,0,3,2,0,2,1,22.900000000000002,21.3,122.2,77.3
54,13,37,15,2,1,2,2,1,3,0,1,99.2,21.900000000000002,69.60000000000001,29.0
56,66,13,22,2,0,3,0,1,3,2,1,102.8,115.8,25.900000000000002,38.6
27,119,38,52,1,0,2,0,2,0,2,1,48.1,214.20000000000002,69.4,92.60000000000001
32,67,184,2,1,0,0,0,1,2,1,3,58.1,118.60000000000001,330.2,0.6000000000000001
100,15,6,14,1,2,0,2,1,0,3,3,180.5,30.0,7.800000000000001,25.2
37,159,51,77,3,3,1,1,2,3,1,1,69.10000000000001,287.7,92.3,139.1
64,22,92,93,3,2,0,3,1,1,1,0,118.7,41.6,164.6,171.9
5,179,32,33,0,0,3,2,0,0,2,2,9.0,322.2,60.1,60.4
32,66,96,47,0,1,1,0,2,2,1,2,55.6,118.3,173.3,82.60000000000001
1,39,16,85,3,0,2,3,1,2,0,0,5.3,68.2,31.8,157.5
54,21,24,26,1,0,2,2,2,2,2,2,96.7,35.800000000000004,44.2,47.800000000000004
51,150,5,78,2,1,2,3,1,0,2,3,93.8,271.5,10.0,141.9
69,41,41,1,1,2,1,2,0,1,2,2,125.7,75.8,73.3,2.8
6,35,13,29,3,3,1,1,0,0,1,1,15.3,67.5,23.900000000000002,52.7
70,28,62,62,3,1,1,1,2,3,3,2,128.5,48.9,110.10000000000001,111.10000000000001
36,11,57,42,3,2,1,0,0,0,2,3,69.3,22.8,102.10000000000001,72.60000000000001
2,15,55,124,3,1,2,2,2,1,2,1,6.1,27.5,100.0,225.20000000000002
10,53,184,80,0,0,0,2,1,3,0,3,17.0,92.4,331.2,144.0
58,7,5,10,1,0,0,2,2,2,2,1,103.9,10.6,7.0,20.0
7,113,39,57,0,1,0,2,2,2,1,3,10.6,202.9,69.2,102.60000000000001
39,52,21,45,2,1,2,2,3,0,3,1,70.2,95.10000000000001,37.800000000000004,83.0
3,56,61,2,3,3,3,3,3,1,0,1,6.9,104.3,114.3,7.1
26,148,9,3,0,0,1,2,3,3,2,1,43.800000000000004,263.40000000000003,15.7,7.4
69,32,17,174,2,3,0,3,2,0,1,1,125.2,62.1,29.6,316.7
40,25,54,60,0,0,1,1,3,1,1,1,69.0,44.0,97.7,108.5
52,52,54,3,1,1,0,3,1,3,0,2,94.10000000000001,92.10000000000001,97.2,7.9
70,110,71,37,1,2,2,0,3,3,3,3,124.5,198.0,127.80000000000001,63.60000000000001
36,41,129,154,1,0,2,3,2,3,1,1,64.3,70.8,234.20000000000002,280.7
4,48,31,0,1,2,1,2,3,1,1,0,5.699999999999999,88.4,56.300000000000004,0.0
80,30,22,69,3,2,0,2,0,3,2,1,148.5,54.0,37.6,126.2
116,75,187,59,3,2,0,1,0,2,1,1,213.3,136.0,335.6,106.7
48,36,37,51,2,1,1,3,2,2,2,2,87.4,64.3,66.10000000000001,94.3
15,59,25,21,2,1,1,0,3,1,1,1,27.0,106.7,45.5,36.800000000000004
74,31,38,49,3,2,0,1,0,2,2,0,137.70000000000002,56.800000000000004,66.4,89.7
59,186,14,68,3,0,2,2,0,0,1,0,110.7,334.8,27.2,125.4
18,47,48,44,1,0,3,2,3,2,0,3,30.9,82.60000000000001,90.9,79.2
29,36,42,45,2,1,3,3,2,2,2,2,53.2,64.3,78.10000000000001,83.5
23,32,66,16,2,3,3,0,1,2,3,2,43.4,60.1,120.3,26.8
27,169,47,7,1,0,2,0,3,0,2,1,47.1,304.2,85.60000000000001,11.6
62,37,38,99,1,3,3,0,1,2,1,0,112.10000000000001,69.10000000000001,71.9,178.20000000000002
11,41,106,140,3,3,0,3,3,2,2,2,21.3,76.3,188.8,254.5
29,115,60,32,3,2,2,0,0,3,0,1,56.7,207.0,111.0,56.6
99,7,92,114,2,0,1,1,0,1,0,2,181.20000000000002,11.6,167.1,204.70000000000002
26,26,117,75,2,1,3,2,0,1,2,2,49.800000000000004,47.300000000000004,213.1,136.0
83,63,15,66,0,1,0,1,3,2,3,3,146.4,112.9,24.0,117.3
150,42,60,34,0,3,2,0,1,3,1,0,269.0,77.10000000000001,110.0,61.2
3,3,12,184,3,1,1,1,0,1,3,3,9.9,5.9,20.1,329.7
54,58,38,6,1,1,0,2,2,0,3,1,96.7,105.9,65.4,12.8
181,51,36,26,1,3,1,2,2,0,2,1,325.3,96.3,64.3,48.800000000000004
10,51,22,28,1,1,0,2,2,0,0,0,17.5,93.3,39.6,53.4
138,123,92,192,3,1,2,1,2,1,3,0,250.9,221.9,165.6,347.1
5,153,24,8,3,2,0,0,0,3,0,1,13.5,275.40000000000003,43.2,13.4
8,126,147,17,2,0,0,3,2,0,2,2,15.399999999999999,226.8,262.6,33.1
5,46,31,107,1,2,1,2,1,3,0,3,9.5,82.8,57.300000000000004,192.6
14,55,147,53,2,1,1,2,0,3,1,0,28.2,97.5,265.1,98.4
17,55,35,43,2,3,3,0,3,3,1,0,30.6,100.5,66.5,77.4
11,68,195,73,2,2,3,1,0,1,3,3,22.8,124.4,352.5,129.9
200,13,60,26,2,3,3,0,1,1,3,0,362.0,26.900000000000002,109.5,46.800000000000004
32,158,62,18,0,0,1,1,0,1,2,3,57.6,283.40000000000003,111.10000000000001,30.9
47,39,19,51,2,2,2,0,3,1,3,3,84.60000000000001,72.2,34.2,88.8
36,149,58,115,0,1,3,3,0,1,1,3,64.8,268.7,107.9,208.5
102,55,14,3,3,2,1,3,0,2,0,0,188.1,100.0,26.7,9.9
49,87,56,33,1,3,1,1,0,0,2,1,89.7,161.1,100.3,59.9
27,32,37,68,1,1,2,0,3,1,2,3,47.1,58.1,67.60000000000001,119.4
26,23,135,126,2,1,1,3,3,0,2,2,46.800000000000004,42.9,242.5,229.3
66,37,8,30,1,1,1,1,2,0,2,2,118.3,68.10000000000001,13.9,53.5
8,197,16,28,3,3,2,3,1,0,0,0,17.9,359.1,31.8,54.9
92,54,40,97,1,0,2,0,3,1,1,2,164.1,96.2,74.0,172.6
21,19,95,65,0,2,1,3,2,3,0,3,35.800000000000004,34.2,172.5,118.5
55,6,33,38,3,0,0,1,1,1,1,1,102.5,9.8,58.4,68.9
123,16,121,49,0,0,3,2,0,3,0,2,221.4,25.8,222.3,89.2
24,3,59,65,1,1,2,0,0,3,2,0,44.7,3.9000000000000004,107.2,117.0
50,61,54,87,3,0,1,1,3,0,0,0,91.5,109.8,98.7,158.1
43,32,37,194,1,0,3,2,2,3,1,1,76.9,54.6,70.10000000000001,351.2
56,8,180,48,1,0,1,3,1,2,0,0,101.3,12.4,325.5,90.9
56,6,106,108,1,2,1,1,1,0,3,0,101.3,13.8,189.3,195.9
14,36,32,2,2,0,2,2,0,1,1,2,28.2,63.8,59.6,4.6
13,154,134,62,1,2,0,0,2,3,3,2,22.900000000000002,277.2,238.20000000000002,109.60000000000001
45,66,67,19,2,2,2,1,0,0,1,2,84.0,121.8,122.60000000000001,33.7
36,60,0,29,0,0,0,3,2,1,2,1,62.8,107.0,0.0,55.7
187,57,36,4,3,2,0,1,1,0,0,0,340.1,105.60000000000001,64.8,8.7
55,69,45,30,2,2,2,3,1,1,0,2,101.0,126.2,84.0,56.5
18,20,51,101,1,2,2,2,3,0,2,0,30.9,39.0,92.8,184.8
47,70,1,17,1,3,3,1,2,0,2,1,84.10000000000001,130.5,4.3,31.1
60,69,41,16,1,1,3,0,1,2,0,1,108.5,123.7,78.3,27.8
44,23,21,47,2,3,3,1,1,1,2,3,81.2,44.9,40.300000000000004,83.10000000000001
182,62,8,174,1,1,0,0,1,1,1,1,328.1,112.10000000000001,13.4,312.2
192,53,1,172,2,0,0,2,1,2,3,1,347.6,93.4,0.0,311.6
62,15,45,161,1,3,1,2,0,3,0,2,113.10000000000001,28.5,82.5,290.8
99,27,26,45,3,2,2,2,3,2,2,1,179.70000000000002,49.6,47.800000000000004,83.0
20,24,55,51,3,2,2,0,0,1,1,3,40.5,45.2,101.0,88.8
0,19,55,66,1,1,0,1,0,2,1,3,0.0,33.7,98.0,117.3
80,31,40,31,0,2,1,3,2,1,0,2,142.0,57.800000000000004,73.5,58.300000000000004
30,48,199,44,1,1,1,0,3,2,0,2,52.5,85.9,359.7,77.2
75,117,87,55,1,0,0,1,3,0,0,2,133.5,210.6,156.6,98.5
64,70,50,19,0,3,2,0,0,1,2,1,115.2,129.5,91.0,33.2
34,49,44,52,2,0,0,3,1,2,2,3,63.2,86.2,77.2,95.10000000000001
172,13,47,23,0,2,3,1,3,2,3,3,306.6,24.400000000000002,86.10000000000001,39.9
52,12,54,10,0,0,1,3,0,0,3,3,93.60000000000001,21.6,95.7,19.5
70,34,58,37,1,2,2,3,2,3,1,1,125.5,61.2,106.4,70.10000000000001
6,28,53,57,2,2,0,2,2,2,0,2,11.8,51.4,95.4,103.60000000000001
63,65,52,5,0,2,0,0,0,1,2,1,113.4,119.0,91.60000000000001,8.0
69,61,88,47,1,2,0,1,2,2,2,3,123.7,110.8,156.4,83.10000000000001
18,52,72,10,2,3,0,3,2,1,3,0,33.4,97.10000000000001,126.6,22.5
30,13,45,4,1,1,2,3,1,3,2,0,54.5,21.900000000000002,82.0,11.7
48,47,44,6,0,0,1,0,0,2,3,2,86.4,82.60000000000001,77.7,8.8
44,52,39,141,0,1,3,1,1,3,3,2,78.2,92.10000000000001,71.7,253.3
65,49,42,0,2,3,2,2,3,1,0,1,117.0,91.7,78.60000000000001,0.0
16,16,70,38,1,3,3,2,1,3,3,3,29.3,30.299999999999997,127.5,68.4
70,57,10,177,1,3,1,0,2,0,2,0,125.5,107.10000000000001,17.5,318.6
19,50,68,66,3,0,1,0,2,2,2,3,36.7,88.0,121.9,115.8
43,58,176,45,2,0,0,2,0,2,3,1,80.4,102.4,313.8,83.0
66,150,8,62,0,0,0,1,2,2,2,3,116.8,268.0,12.4,110.10000000000001
35,34,36,69,2,0,3,1,1,0,3,0,65.0,61.2,66.3,125.7
43,56,38,16,1,2,3,3,2,3,2,0,76.9,100.8,70.9,33.3
32,22,49,36,1,0,3,0,0,1,2,2,59.1,38.6,90.7,62.8
110,59,46,52,2,2,1,2,0,1,2,1,201.0,108.2,82.3,95.60000000000001
114,195,25,24,3,0,1,3,0,2,0,3,209.70000000000002,349.0,46.5,44.7
28,53,42,46,1,1,1,1,3,3,1,0,48.9,93.9,76.10000000000001,84.3
10,189,77,24,0,2,0,3,0,1,2,1,18.0,342.2,136.6,46.7
41,38,86,46,3,3,3,1,1,1,2,1,77.3,71.9,157.3,83.3
5,62,14,41,0,2,3,3,1,2,3,1,8.0,112.60000000000001,26.7,77.3
26,151,69,24,1,1,0,1,3,3,1,0,45.300000000000004,270.3,123.2,44.7
61,70,27,12,3,1,1,3,1,1,0,2,113.3,126.5,50.1,24.1
57,48,35,7,2,1,0,2,1,1,2,2,104.60000000000001,86.9,61.0,13.6
53,45,169,56,3,2,0,2,1,3,3,0,98.9,81.0,301.2,103.8
26,63,90,4,0,0,0,1,3,3,2,0,43.800000000000004,110.4,160.0,8.7
28,185,29,2,0,2,2,1,0,1,3,0,50.4,335.0,52.2,5.1
7,69,98,44,0,3,2,1,1,3,3,3,11.6,125.69999999999999,176.4,77.7
58,3,34,23,1,0,2,3,1,3,2,1,104.9,2.4000000000000004,62.2,44.9
28,34,20,40,1,3,3,3,1,1,3,2,50.9,64.7,37.5,74.5
16,64,10,199,2,0,1,1,3,1,2,0,28.8,114.2,17.5,359.7
25,200,83,17,3,3,1,2,1,0,0,2,48.5,364.5,150.9,31.6
121,51,25,34,1,1,1,1,2,0,3,0,217.3,93.3,43.5,62.7
35,10,23,32,2,1,0,2,0,2,0,2,66.0,17.5,41.4,58.6
43,33,52,53,3,3,3,2,1,3,0,2,80.9,60.9,98.10000000000001,96.4
66,54,42,58,0,2,3,0,3,2,3,0,115.8,98.2,77.10000000000001,104.4
65,66,69,27,3,0,3,1,2,1,1,2,119.5,117.8,127.69999999999999,48.1
72,29,64,82,0,2,2,3,3,0,1,3,126.6,55.2,117.2,149.1
2,40,52,186,3,0,1,2,1,2,3,1,7.1,70.0,92.10000000000001,336.8
6,56,162,67,3,1,0,2,3,2,2,1,12.3,100.3,289.6,122.60000000000001
63,4,8,16,0,2,0,3,3,2,1,1,110.4,8.2,13.4,32.3
55,199,28,98,1,3,2,2,0,3,2,0,100.5,359.7,51.4,179.4
37,18,194,38,2,1,0,0,3,1,3,2,66.60000000000001,32.9,346.2,66.4
41,197,31,2,1,1,2,2,3,2,0,3,72.3,354.1,58.800000000000004,3.5999999999999996
45,34,84,52,0,0,1,3,3,3,2,1,78.0,58.2,150.70000000000002,97.10000000000001
191,12,47,161,3,3,0,2,2,1,3,1,346.3,25.1,81.60000000000001,291.8
50,16,29,53,2,3,2,2,2,2,3,2,91.0,31.299999999999997,52.2,96.4
15,21,30,161,1,1,2,0,0,0,3,0,28.5,39.300000000000004,54.0,289.8
110,16,23,26,3,3,2,0,2,2,3,0,200.5,31.299999999999997,41.4,46.800000000000004
44,12,185,62,0,2,2,2,0,0,0,0,79.2,24.6,336.0,114.60000000000001
100,15,57,20,3,2,1,2,3,2,1,0,181.5,28.0,103.10000000000001,39.0
47,43,46,18,0,1,1,1,0,3,1,0,84.60000000000001,75.9,83.3,33.9
55,69,6,27,0,2,0,3,3,2,3,2,96.0,125.2,7.800000000000001,51.1
10,71,4,43,1,3,1,1,1,1,2,0,18.5,131.3,6.699999999999999,78.9
41,16,7,56,1,1,3,3,2,3,2,1,73.3,27.3,15.100000000000001,104.3
16,0,70,144,2,1,0,3,2,3,1,2,29.8,0.0,125.0,261.7
17,41,49,64,0,1,0,0,0,1,1,2,30.6,74.3,87.2,113.2
1,31,3,55,0,0,0,0,2,0,0,1,0.0,55.800000000000004,5.4,98.0
2,112,35,35,0,1,1,0,0,1,3,2,3.6,202.1,61.5,61.0
25,15,52,65,3,2,0,0,0,3,1,1,49.5,27.0,92.60000000000001,116.0
28,74,132,36,3,1,1,3,1,0,0,1,53.9,134.70000000000002,239.1,68.3
65,33,16,28,1,0,1,3,2,3,0,3,116.5,56.4,30.3,51.9
101,8,29,16,2,2,1,1,1,3,2,0,183.8,14.399999999999999,51.7,30.3
43,39,64,5,3,3,0,1,3,0,2,0,78.9,74.7,113.2,10.5
31,44,38,21,0,2,3,2,2,3,1,0,53.800000000000004,79.2,71.9,40.800000000000004
172,63,27,9,3,1,1,2,1,0,0,3,313.1,114.9,50.1,16.2
56,28,23,34,0,2,3,2,2,3,0,1,98.8,50.4,45.9,63.2
64,19,64,104,3,3,0,3,2,1,2,3,117.7,37.7,113.2,188.70000000000002
51,67,138,20,3,3,2,2,2,3,3,1,94.3,122.10000000000001,248.4,38.0
199,184,72,3,3,0,0,3,3,2,3,0,359.7,329.2,126.6,9.9
31,10,2,45,0,0,3,2,0,0,0,0,55.800000000000004,18.0,8.1,84.0
30,29,142,0,0,1,0,0,1,1,0,2,53.0,52.7,255.6,0.0
11,66,38,137,3,1,1,1,1,1,1,1,23.3,119.3,68.9,247.1
152,176,31,69,1,0,1,2,2,0,3,3,273.1,316.8,54.300000000000004,124.2
68,112,172,104,2,1,1,1,2,3,0,0,123.4,200.1,311.1,188.70000000000002
57,33,20,38,2,3,0,3,1,3,2,2,104.60000000000001,60.9,34.0,70.9
79,43,33,65,1,3,1,0,3,0,3,3,140.70000000000002,81.9,57.9,114.0
27,166,36,33,1,3,3,2,1,2,0,1,49.1,301.3,69.3,61.4
67,17,42,11,1,2,3,3,3,2,0,3,119.10000000000001,31.6,80.10000000000001,21.3
0,174,38,14,2,3,2,2,1,3,2,0,0.0,314.7,69.4,28.2
8,12,196,178,3,0,1,3,0,2,3,3,18.9,19.6,351.3,321.90000000000003
54,99,173,54,1,1,2,1,0,0,1,1,98.7,179.70000000000002,313.40000000000003,97.7
0,5,177,109,0,1,3,0,2,1,0,3,0.0,9.5,323.1,193.20000000000002
20,69,29,4,2,0,1,2,0,0,0,2,39.0,124.2,53.7,8.2
124,28,178,70,2,1,3,0,0,1,2,1,226.20000000000002,50.9,322.90000000000003,125.0
32,35,194,46,2,1,1,0,0,3,0,2,60.6,61.5,350.7,80.8
62,38,8,4,1,2,3,2,3,1,2,0,110.10000000000001,70.4,16.9,10.2
22,36,33,11,2,1,0,2,1,2,1,2,41.6,64.3,58.4,20.8
61,39,66,26,2,2,3,0,1,1,2,2,111.8,72.2,121.3,44.800000000000004
41,17,29,15,3,0,1,0,2,3,0,2,76.3,27.6,53.7,25.0
48,117,38,44,0,3,1,2,3,2,0,3,83.4,213.1,69.9,79.2
40,45,51,2,2,1,3,2,0,3,0,1,75.0,79.5,96.3,5.6
62,26,136,15,0,3,0,3,2,0,2,0,109.60000000000001,51.300000000000004,242.8,31.5
67,57,194,36,2,2,2,2,3,0,3,2,120.60000000000001,105.60000000000001,349.2,65.8
16,4,123,70,2,0,3,2,0,1,0,3,31.8,6.2,225.9,126.0
56,77,42,32,1,2,0,0,2,3,2,1,100.3,138.6,73.60000000000001,56.6
7,22,150,35,1,3,1,1,3,2,2,3,11.1,42.1,269.5,61.5
23,144,30,27,1,3,0,0,2,3,3,2,40.9,260.7,51.0,46.6
29,3,10,7,1,2,1,3,1,2,0,1,52.7,6.4,19.5,16.1
92,5,63,66,2,1,1,1,1,0,2,3,167.6,10.5,112.9,117.3
191,2,33,111,3,2,1,1,2,3,0,0,346.3,3.5999999999999996,60.9,201.3
51,44,119,29,3,2,3,0,2,2,0,0,94.3,80.2,218.70000000000002,52.2
58,61,59,13,0,3,3,1,3,0,3,1,101.4,114.3,107.7,23.900000000000002
23,35,135,15,2,2,3,3,0,0,1,1,44.4,66.0,246.5,30.5
27,26,17,62,0,3,0,0,3,3,3,0,45.6,48.300000000000004,27.6,111.60000000000001
67,59,168,53,3,2,3,1,2,1,3,1,123.10000000000001,108.2,303.90000000000003,95.9
57,86,63,35,2,2,1,2,0,1,3,0,105.60000000000001,156.8,111.9,66.0
4,58,60,59,1,2,0,0,3,3,1,3,5.699999999999999,104.4,107.0,103.2
4,48,38,63,0,0,1,0,2,2,0,1,5.2,84.4,69.9,112.4
89,59,5,26,1,0,3,2,1,2,0,2,160.70000000000002,104.2,13.5,47.800000000000004
67,42,3,69,3,0,3,3,2,1,2,1,123.10000000000001,74.60000000000001,7.9,127.69999999999999
56,174,134,16,1,2,3,2,3,1,3,1,99.3,315.2,242.70000000000002,30.8
32,0,182,4,1,3,3,2,3,1,0,3,56.1,0.0,332.1,7.199999999999999
49,23,26,90,0,0,2,3,3,3,2,3,85.2,38.4,47.800000000000004,163.5
11,32,53,69,3,0,0,0,3,1,0,3,21.3,56.6,95.4,121.2
0,156,106,122,1,2,3,1,0,1,2,0,0.0,282.8,193.3,221.1
60,101,45,155,0,3,0,0,1,0,2,2,107.0,186.3,79.0,277.0
23,23,2,148,3,2,1,1,3,1,3,0,42.9,43.4,2.0999999999999996,267.90000000000003
12,42,25,57,2,2,2,1,1,3,2,1,23.6,75.60000000000001,46.0,103.10000000000001
51,64,61,66,3,3,3,1,0,1,2,1,96.3,118.7,112.3,119.3
14,162,167,109,3,3,1,2,1,1,2,0,28.7,295.1,300.1,199.20000000000002
113,56,18,37,0,3,3,0,3,3,3,3,200.4,102.3,33.9,63.60000000000001
64,26,16,21,1,0,3,0,3,3,1,3,113.7,43.800000000000004,32.3,34.800000000000004
31,67,30,68,1,3,2,2,0,3,0,3,57.300000000000004,122.10000000000001,57.0,122.4
199,5,194,49,1,1,3,2,2,2,3,0,357.7,8.5,350.7,91.2
60,125,95,3,0,1,3,1,2,0,0,3,106.0,226.5,175.5,3.9000000000000004
33,41,10,24,1,1,1,2,2,0,2,2,58.9,75.3,17.5,44.2
58,51,53,11,2,3,0,2,3,2,0,3,104.4,94.3,95.4,19.8
50,55,33,70,0,0,2,0,3,1,2,2,87.0,98.0,60.4,124.0
69,44,31,96,2,1,1,0,1,2,1,0,126.2,78.7,56.300000000000004,172.8
15,187,16,0,0,2,2,2,3,3,3,0,24.0,336.6,28.8,0.0
3,54,37,90,0,0,3,3,3,0,2,0,2.4000000000000004,97.2,69.10000000000001,166.5
62,20,16,185,1,0,0,0,0,1,1,0,113.10000000000001,35.0,27.8,333.0
134,91,50,56,1,2,0,1,1,0,3,0,241.70000000000002,166.8,87.0,102.3
68,100,173,63,1,3,0,3,2,2,0,2,121.9,182.5,311.40000000000003,115.9
32,28,36,55,1,0,2,2,3,0,3,1,56.1,50.4,64.8,101.0
9,33,57,29,2,1,3,3,0,2,0,3,19.2,58.9,107.10000000000001,53.7
67,34,66,63,0,0,3,1,3,3,1,2,117.60000000000001,58.2,122.3,112.9
11,68,162,14,0,2,3,3,0,2,3,2,19.8,123.4,293.1,27.7
24,54,66,18,1,1,3,1,1,2,1,0,43.7,96.7,122.3,33.9
64,13,36,38,1,1,1,1,2,0,3,3,114.7,24.900000000000002,63.3,66.9
35,100,2,62,1,1,2,3,3,3,0,2,61.5,178.5,6.6,114.10000000000001
196,2,171,1,3,3,3,0,2,1,1,0,355.3,7.1,311.3,1.8
52,63,32,42,2,3,1,0,2,3,2,3,94.60000000000001,114.9,57.1,72.60000000000001
63,195,55,96,1,0,1,2,1,3,2,2,113.9,348.0,98.5,173.8
16,142,16,44,3,0,3,3,2,2,1,3,31.299999999999997,253.6,32.3,80.7
9,43,29,38,1,0,3,0,3,0,0,2,14.7,77.4,56.7,66.4
31,38,128,190,2,1,2,3,3,1,3,2,55.800000000000004,68.9,230.4,344.5
99,8,27,39,1,2,2,2,1,2,1,1,178.70000000000002,15.399999999999999,50.6,72.2
56,33,69,35,2,2,0,2,3,3,2,3,100.8,59.4,122.2,63.0
128,0,51,18,0,3,3,3,0,0,0,3,230.4,0.0,96.3,33.9
5,34,15,22,3,0,2,3,3,0,1,2,10.5,61.2,29.0,42.1
44,60,66,60,3,0,0,2,3,2,3,1,80.7,106.0,115.8,110.0
13,60,2,33,0,0,3,0,0,3,1,1,23.400000000000002,105.0,7.1,58.4
23,3,62,107,0,3,0,1,1,1,2,1,40.4,8.9,109.60000000000001,193.1
22,94,116,70,3,1,0,2,0,0,0,1,44.1,170.70000000000002,208.8,128.0
52,63,2,169,1,0,1,0,0,0,0,0,95.10000000000001,113.4,5.1,304.2
138,9,86,3,0,0,3,0,1,2,0,1,247.4,14.2,159.3,4.4
5,24,27,88,2,3,1,1,3,2,0,3,9.0,45.7,50.1,156.9
170,12,47,26,0,0,0,1,3,2,0,3,303.0,19.6,84.60000000000001,45.300000000000004
21,16,75,8,3,2,0,2,3,1,1,1,39.300000000000004,30.8,134.0,16.4
17,124,182,90,3,2,2,2,1,1,1,0,34.1,225.20000000000002,329.6,165.0
85,28,125,31,2,1,0,1,0,0,0,2,156.0,51.9,225.0,55.300000000000004
20,17,39,25,2,2,3,1,3,0,1,1,36.0,33.6,73.7,45.5
40,49,45,59,0,2,3,2,0,0,0,0,72.0,91.2,85.5,109.2
63,65,36,46,1,0,1,3,3,3,0,0,111.9,114.0,66.3,87.3
64,65,54,22,2,0,3,0,2,0,2,1,116.2,117.0,99.7,38.6
39,56,4,26,0,3,1,2,2,3,3,3,68.2,102.3,5.699999999999999,46.800000000000004
46,45,30,92,2,2,2,2,3,0,0,3,82.8,84.0,57.0,165.6
28,63,1,131,1,2,2,2,1,0,0,2,50.9,116.4,4.8,236.8
45,42,41,34,1,2,1,3,0,3,0,0,82.5,75.60000000000001,75.3,65.7
50,5,43,59,3,2,2,1,0,1,3,1,94.5,11.0,77.4,106.7
67,189,48,91,2,1,1,0,3,2,0,1,120.60000000000001,339.7,87.9,162.8
44,44,68,86,3,3,3,0,2,3,3,1,81.7,80.7,123.9,153.8
20,44,106,8,1,2,3,2,3,2,0,0,34.5,80.2,195.3,17.4
22,40,169,146,3,3,1,3,3,3,0,3,41.1,73.5,305.7,264.3
29,14,145,159,3,0,3,2,0,1,3,1,56.7,24.2,262.5,288.2
41,2,26,56,1,3,3,1,1,1,2,1,74.3,7.1,49.300000000000004,101.3
24,154,64,4,0,0,3,0,0,2,0,2,43.2,275.2,119.7,5.2
2,22,170,25,3,3,1,2,3,1,0,0,5.1,43.1,307.5,48.0
8,67,48,30,0,2,2,1,2,1,2,3,12.4,122.60000000000001,87.4,52.5
5,64,174,30,2,0,1,0,3,2,0,0,9.0,113.2,314.7,54.0
59,13,106,19,2,1,3,3,1,0,2,1,108.2,24.900000000000002,193.3,37.7
3,40,20,37,3,0,3,2,2,0,0,3,7.9,72.0,40.5,66.60000000000001
16,35,12,69,2,3,1,0,3,0,2,1,28.8,67.5,21.1,123.2
11,14,7,56,0,2,3,0,0,2,1,1,19.8,26.2,16.1,99.8
17,19,158,13,0,3,1,3,0,2,3,3,30.6,36.7,282.90000000000003,24.900000000000002
190,18,22,20,1,1,3,0,1,1,1,0,342.5,32.9,43.1,36.0
66,1,12,39,0,3,1,3,1,1,2,2,117.8,5.3,21.1,72.7
69,187,47,70,0,3,1,1,3,3,2,0,121.2,338.1,84.10000000000001,127.5
16,56,8,4,0,1,3,2,0,1,3,1,28.8,101.3,15.899999999999999,9.2
24,20,56,68,3,2,2,2,0,0,0,3,47.7,39.0,103.8,122.4
45,68,6,42,3,1,0,1,3,1,0,3,82.5,122.9,10.8,74.10000000000001
63,16,25,43,3,0,1,0,0,0,3,2,117.9,28.8,43.5,75.4
39,135,30,31,3,0,3,2,3,0,3,1,71.7,243.0,55.5,57.800000000000004
50,6,25,18,3,2,3,3,0,0,3,3,94.5,13.8,46.5,33.9
68,63,71,59,1,0,0,2,1,1,1,0,122.9,112.4,126.8,109.2
39,154,63,36,0,1,1,0,3,0,0,3,67.2,278.7,114.9,61.8
24,28,30,54,0,1,0,2,3,0,1,0,40.2,51.9,53.0,100.2
44,9,19,132,0,3,2,2,0,2,2,3,79.2,18.7,35.2,237.6
5,86,122,22,1,2,0,3,0,0,2,1,10.5,157.8,217.6,43.1
39,37,168,48,2,3,3,2,1,2,1,3,72.2,69.10000000000001,305.90000000000003,86.4
3,59,13,19,1,1,3,0,0,3,3,3,6.9,104.7,24.900000000000002,31.200000000000003
11,20,60,55,0,3,1,1,1,0,0,0,18.8,40.5,109.5,100.5
5,69,40,11,1,2,1,3,0,3,1,3,10.5,124.2,72.5,21.3
33,62,32,63,2,2,0,1,1,0,3,2,61.4,114.60000000000001,54.6,112.9
17,51,40,101,2,2,2,1,0,0,1,2,33.6,94.8,74.0,181.3
14,28,45,3,1,3,2,0,3,1,1,2,23.7,53.9,83.0,3.4000000000000004
159,23,176,69,2,2,0,1,1,0,0,1,288.2,44.4,316.8,124.7
57,52,37,70,3,2,3,0,0,1,1,3,107.10000000000001,95.60000000000001,70.10000000000001,123.0
38,32,40,64,1,1,1,1,3,0,0,3,66.9,59.1,73.5,113.7
32,9,46,4,0,1,3,2,2,1,2,1,55.6,16.7,85.3,9.2
55,53,87,43,0,0,3,0,2,1,0,2,97.0,94.4,161.1,75.4
3,6,51,49,0,1,1,3,2,2,3,2,3.4000000000000004,10.3,90.3,90.7
39,36,47,2,2,2,2,0,3,3,2,1,70.2,64.8,85.60000000000001,2.6
62,164,51,23,2,1,2,3,2,2,0,1,112.60000000000001,294.7,94.8,44.9
64,17,65,199,2,1,0,1,1,1,1,3,117.2,31.1,116.0,356.7
82,10,45,122,1,1,0,0,1,1,0,3,148.1,18.5,81.0,216.6
187,5,79,69,0,1,3,3,1,1,2,1,335.6,9.5,144.70000000000002,127.69999999999999
48,16,67,64,0,3,0,1,3,2,2,2,83.4,31.299999999999997,118.60000000000001,114.7
33,49,118,50,2,1,3,2,0,3,2,0,62.4,86.7,214.9,93.0
132,60,51,33,0,1,1,1,0,0,0,3,237.6,109.5,93.3,57.9
38,14,29,59,1,3,1,0,3,1,0,2,66.9,28.7,53.7,104.2
60,60,32,31,1,0,3,0,0,3,1,3,109.5,105.0,61.1,52.800000000000004
60,54,50,36,0,0,2,3,3,3,1,0,105.0,94.2,92.0,69.3
89,85,51,110,2,3,0,0,3,0,2,0,160.20000000000002,157.5,89.8,198.0
31,43,45,30,0,0,1,3,2,0,1,0,53.800000000000004,77.4,81.5,58.5
55,21,68,66,1,0,2,1,2,2,0,1,98.5,35.800000000000004,125.4,119.3
129,20,21,182,0,2,0,0,3,1,0,0,229.20000000000002,38.0,37.800000000000004,327.6
17,4,39,33,2,0,3,3,0,3,0,3,33.6,4.2,74.7,60.9
53,6,19,18,0,1,0,0,3,0,1,1,92.4,12.3,33.2,31.4
48,46,14,98,0,0,2,0,0,3,3,1,86.4,79.8,25.2,175.4
24,51,115,139,2,2,0,2,2,3,1,0,44.2,91.8,206.0,253.20000000000002
50,4,110,27,0,2,0,1,3,0,0,0,87.0,10.2,198.0,50.1
28,3,12,133,2,3,2,3,3,1,2,2,50.4,8.9,22.6,241.9
32,61,13,150,3,3,0,0,1,2,0,1,61.1,112.3,23.400000000000002,269.0
116,38,6,22,1,0,0,2,0,0,2,0,210.3,68.4,8.8,42.6
65,54,0,32,1,0,1,2,1,0,3,1,117.5,97.2,0.0,59.6
172,166,155,8,2,3,0,3,2,2,3,2,310.6,301.3,276.0,16.9
51,9,10,59,2,2,3,3,3,0,2,3,91.8,19.2,20.5,107.7
54,42,148,32,2,3,2,1,2,2,0,0,98.2,78.10000000000001,269.40000000000003,59.1
45,173,38,37,1,1,3,3,3,1,2,1,79.5,311.90000000000003,70.9,70.10000000000001
62,57,1,13,2,0,3,1,0,1,0,1,114.60000000000001,101.60000000000001,6.3,23.900000000000002
29,65,27,27,1,2,1,0,2,2,1,3,51.7,118.0,49.1,45.6
58,136,74,0,3,1,0,0,2,1,2,1,106.9,245.3,131.20000000000002,0.0
182,129,65,196,3,3,0,3,2,3,1,1,330.1,233.70000000000002,116.0,356.3
33,106,50,47,1,0,0,0,3,3,2,0,57.9,187.8,88.0,84.60000000000001
58,7,59,15,3,3,1,1,2,1,2,2,106.9,16.1,105.7,26.5
26,128,21,12,3,1,1,2,0,2,1,3,51.300000000000004,229.9,38.300000000000004,21.6
63,16,62,89,2,2,1,3,0,0,2,3,116.4,31.8,111.10000000000001,161.70000000000002
16,58,55,43,1,0,1,2,0,2,2,1,30.3,102.4,98.5,79.4
56,48,34,39,2,0,1,3,0,2,0,2,103.8,84.4,62.7,72.7
189,40,168,174,3,0,1,0,0,1,1,2,344.7,71.0,302.90000000000003,311.2
68,9,63,34,1,3,2,0,1,1,2,0,122.9,19.7,114.4,61.2
197,59,53,57,0,3,1,2,0,0,3,3,354.6,110.7,93.9,102.60000000000001
29,138,37,171,3,1,0,2,3,3,3,1,53.7,246.9,63.60000000000001,309.8
39,140,30,43,0,2,2,2,0,3,2,0,70.2,252.0,55.0,80.4
44,56,31,53,3,2,2,1,3,3,1,3,80.7,100.8,57.800000000000004,93.9
170,169,25,9,3,3,1,0,2,1,2,2,308.5,307.7,44.5,14.2
46,30,17,36,2,3,1,0,3,2,0,3,82.8,56.5,32.1,61.8
44,13,16,28,1,1,3,2,0,1,2,3,80.7,23.900000000000002,31.299999999999997,50.4
69,11,85,22,0,2,1,2,1,1,0,1,123.2,21.8,154.5,41.6
27,99,58,19,2,3,0,3,1,0,2,0,50.6,182.70000000000002,102.4,38.7
56,11,19,58,2,2,0,3,1,0,0,0,102.8,22.8,34.2,108.9
11,63,22,35,1,1,2,0,2,2,2,0,19.3,112.9,40.6,63.0
42,44,57,64,0,3,1,3,0,1,2,3,75.60000000000001,82.7,102.10000000000001,116.7
27,151,87,68,2,3,1,3,2,1,0,0,49.6,275.3,158.1,126.9
70,21,23,28,1,2,1,1,2,3,2,3,125.5,37.800000000000004,40.9,48.9
17,56,64,56,1,2,3,1,3,2,3,0,29.1,101.8,116.7,102.3
126,15,57,35,2,2,3,0,0,3,1,2,229.8,27.0,106.10000000000001,61.0
50,109,30,21,0,2,2,1,0,2,0,2,90.0,197.20000000000002,57.0,37.300000000000004
54,145,13,103,2,3,3,2,1,2,0,0,99.2,263.5,27.900000000000002,188.4
60,31,17,12,1,2,0,2,3,2,2,2,106.5,56.800000000000004,28.6,22.6
38,52,47,24,0,1,0,1,3,3,1,3,65.4,92.10000000000001,83.60000000000001,41.7
31,16,59,10,2,0,3,2,2,3,2,1,56.800000000000004,25.8,108.7,20.0
23,65,50,70,0,0,2,2,1,2,0,1,40.4,115.0,93.0,128.0
11,52,10,28,1,1,3,2,2,3,1,2,19.3,92.10000000000001,21.5,51.4
57,32,6,56,0,0,0,0,2,1,0,0,100.60000000000001,56.6,10.8,100.8
35,43,12,81,0,2,0,0,2,1,1,3,61.0,79.4,20.6,142.8
55,52,40,29,1,3,0,0,2,3,0,2,98.5,95.10000000000001,72.0,50.2
26,42,41,42,3,0,2,0,1,0,0,2,50.300000000000004,75.60000000000001,76.8,73.60000000000001
66,52,3,0,1,2,3,2,1,3,2,3,119.3,93.60000000000001,7.9,0.0
146,136,54,140,3,0,1,2,0,1,1,3,267.3,243.8,97.7,252.0
131,140,12,22,2,1,2,0,2,1,2,3,236.8,252.5,22.6,36.6
125,61,96,4,0,0,2,1,1,1,0,1,224.0,108.8,175.8,7.699999999999999
22,29,6,70,2,1,3,1,1,0,2,2,41.6,53.7,13.3,125.5
37,26,175,30,2,1,3,3,2,0,2,0,67.60000000000001,48.300000000000004,317.5,58.5
28,54,40,175,3,1,1,3,3,3,0,1,51.9,95.7,73.5,318.5
62,89,12,84,0,3,0,1,3,2,3,1,108.60000000000001,162.70000000000002,18.6,151.70000000000002
153,56,18,1,0,1,2,2,0,0,1,0,275.40000000000003,102.3,34.4,4.8
112,39,61,53,3,2,0,1,0,1,0,0,206.1,72.2,109.8,96.9
70,4,12,165,3,3,3,2,2,1,2,1,128.5,10.7,24.1,299.0
52,69,68,179,0,2,1,1,2,0,0,3,91.60000000000001,127.2,123.9,320.7
164,52,175,35,1,3,1,2,3,0,1,3,293.7,98.10000000000001,315.5,63.0
13,29,3,200,2,1,1,2,0,1,0,2,26.400000000000002,52.7,6.9,361.0
59,1,45,3,1,1,3,0,1,1,3,2,106.7,2.3,82.5,3.4000000000000004
24,24,9,122,3,3,3,2,2,3,3,0,45.7,44.7,17.7,222.6
3,165,151,56,2,2,3,1,0,3,3,1,8.4,297.0,273.3,101.3
29,11,26,3,2,1,2,0,3,3,2,2,52.2,18.3,47.800000000000004,3.4000000000000004
79,61,136,184,0,3,2,3,3,3,1,1,139.20000000000002,111.3,246.8,334.7
9,17,15,11,1,1,2,2,3,0,1,1,14.7,32.1,29.0,21.8
27,200,28,17,1,1,2,2,3,1,3,1,47.1,360.5,50.4,32.6
28,33,42,83,3,3,2,0,2,1,1,3,52.9,62.9,77.60000000000001,146.4
50,53,31,65,3,0,3,2,1,3,1,2,93.5,92.4,59.300000000000004,118.0
17,43,54,22,2,3,1,1,1,3,0,1,32.6,78.9,98.7,40.1
25,160,106,12,2,0,0,2,3,1,3,1,45.0,287.0,187.8,23.6
27,108,3,68,2,3,0,3,2,2,3,2,49.6,196.9,2.4000000000000004,124.9
59,130,0,55,0,1,2,3,3,3,0,2,103.2,232.5,0.0,101.5
64,6,54,149,2,2,2,1,1,0,2,1,117.2,13.8,98.2,268.7
65,180,62,34,0,0,3,2,0,1,1,3,117.0,323.0,115.10000000000001,61.2
37,34,37,16,2,0,1,3,1,0,2,3,68.60000000000001,61.2,66.10000000000001,30.299999999999997
48,6,51,24,3,1,1,0,0,2,2,0,90.9,10.3,91.3,43.2
24,48,12,5,1,0,3,0,2,0,0,2,42.7,86.4,26.1,7.0
145,57,116,67,2,2,1,0,1,3,1,3,263.0,102.60000000000001,209.3,117.60000000000001
24,136,77,31,0,1,1,2,2,3,3,0,41.2,243.3,137.1,58.800000000000004
192,43,8,68,2,1,0,1,1,2,3,3,347.6,76.9,11.4,120.9
41,150,29,27,3,3,0,2,0,2,0,3,78.3,272.5,52.2,48.6
50,62,22,5,3,0,2,2,0,2,2,1,94.5,109.60000000000001,40.6,11.0
19,191,89,37,1,3,1,1,3,0,3,1,32.7,348.3,158.70000000000002,67.10000000000001
41,197,30,54,1,3,3,1,3,1,1,2,72.3,358.1,57.5,96.7
54,56,116,2,3,2,2,2,3,0,2,1,98.7,103.8,209.8,5.6
31,26,18,17,0,0,1,2,1,3,1,1,54.800000000000004,43.800000000000004,32.9,32.6
7,42,9,70,0,0,2,1,1,0,3,0,11.6,75.60000000000001,16.2,127.5
9,188,77,16,1,2,1,2,1,0,2,1,16.7,341.40000000000003,138.1,30.8
58,36,174,61,1,3,0,0,1,3,2,0,104.9,66.3,311.2,109.8
62,50,14,101,1,2,3,2,3,3,0,1,110.10000000000001,90.0,29.7,183.8
19,50,68,24,1,2,0,2,2,2,0,3,33.7,91.0,122.4,43.2
10,16,150,69,1,1,3,3,3,1,3,2,16.5,29.3,271.5,126.69999999999999
67,50,61,32,0,1,1,1,1,2,1,0,119.60000000000001,89.5,110.3,59.1
47,65,9,21,2,2,3,0,1,1,1,3,86.60000000000001,119.0,19.7,34.800000000000004
159,24,3,33,2,2,2,3,3,2,2,3,286.2,44.2,6.4,60.9
11,48,47,14,1,1,1,2,2,2,3,0,19.3,85.9,83.10000000000001,28.2
9,7,29,4,0,1,2,2,0,1,1,3,16.2,13.1,54.2,7.199999999999999
25,28,35,19,3,2,0,2,1,2,0,0,48.5,51.4,63.0,37.2
157,179,13,75,0,2,1,0,0,3,3,2,282.6,322.2,21.900000000000002,133.0
122,37,110,39,0,2,1,2,1,2,1,0,218.6,67.60000000000001,198.5,73.2
25,62,59,157,0,0,0,2,3,0,0,0,42.0,111.60000000000001,106.2,285.6
8,42,50,62,2,1,3,2,1,1,3,3,16.4,76.10000000000001,91.5,111.60000000000001
22,23,66,119,2,2,2,3,1,2,2,3,41.6,42.4,119.8,215.70000000000002
100,18,67,45,1,3,2,0,3,0,3,0,178.5,36.9,120.60000000000001,81.0
70,72,10,137,0,1,3,3,0,2,1,3,126.0,129.1,21.5,248.1
41,55,17,28,1,3,2,2,0,0,1,1,75.3,103.5,32.6,52.4
145,53,68,1,0,1,3,0,0,2,1,2,261.0,94.9,125.9,0.0
22,5,100,69,0,3,2,0,3,3,1,2,36.6,10.5,182.0,122.2
33,16,131,20,0,0,2,2,0,3,0,3,59.4,25.8,238.8,36.0
143,8,19,60,3,2,2,3,3,2,0,3,258.90000000000003,15.399999999999999,37.2,109.5
30,45,18,43,1,3,2,2,0,2,3,2,55.5,83.5,32.4,78.4
144,25,3,18,0,1,1,1,3,2,1,3,256.2,44.5,5.9,30.9
32,64,119,20,2,3,2,2,3,1,0,2,57.6,118.7,217.20000000000002,37.0
2,46,39,61,0,0,3,2,3,0,0,2,0.6000000000000001,82.8,74.7,110.8
45,34,25,141,2,0,3,1,2,3,0,1,82.0,58.2,49.5,254.3
172,169,24,123,2,0,3,3,2,1,1,3,310.6,303.2,46.7,222.9
65,117,37,39,1,0,1,3,3,1,2,2,115.5,209.6,66.10000000000001,72.7
136,5,38,61,3,2,3,2,0,3,3,0,249.3,9.0,69.9,112.8
35,35,8,13,2,2,1,2,0,0,0,0,66.0,66.0,15.9,26.400000000000002
34,106,62,108,0,0,2,0,0,3,0,1,61.2,187.8,114.60000000000001,193.4
38,61,96,68,3,1,1,0,1,3,3,3,71.9,108.3,171.3,119.4
30,22,45,22,2,2,0,3,2,2,0,2,55.0,40.6,81.0,42.1
56,66,68,2,2,1,0,2,1,3,2,0,102.8,117.3,120.4,6.6
191,37,1,21,2,3,0,1,3,3,0,1,343.8,68.10000000000001,1.8,38.300000000000004
59,44,65,175,2,1,3,0,0,3,0,0,109.2,77.7,121.5,315.0
53,70,35,48,1,1,0,2,1,2,2,1,95.9,125.5,61.0,88.4
116,49,34,1,1,3,1,2,1,1,1,1,209.3,91.7,61.7,3.8
62,165,6,197,3,2,3,0,2,1,3,0,114.10000000000001,299.0,12.3,354.6
16,55,67,69,3,3,3,1,1,2,1,3,32.3,101.5,124.10000000000001,122.7
20,112,19,19,3,0,3,0,1,1,3,1,39.5,200.6,35.7,33.2
56,12,8,32,1,2,3,1,1,2,0,3,101.3,22.6,18.9,56.1
69,72,144,160,2,2,3,2,0,1,1,1,127.2,131.6,262.7,290.0
27,12,5,6,1,1,1,2,2,1,0,0,48.1,22.1,10.5,13.8
138,33,44,112,3,2,1,2,3,0,0,1,249.9,62.4,80.7,203.6
46,55,61,13,0,3,0,0,2,0,1,0,80.8,103.5,108.8,23.400000000000002
4,51,28,29,1,1,1,0,0,2,1,1,8.7,91.3,50.9,51.2
29,3,32,97,0,0,0,2,1,2,1,1,51.2,3.4000000000000004,56.6,176.6
10,64,76,0,1,3,1,2,2,2,0,3,17.5,117.7,138.3,0.0
36,52,43,48,3,0,0,2,1,0,3,2,68.3,93.60000000000001,74.4,87.4
46,20,37,59,1,0,3,1,2,1,0,2,82.3,35.0,71.10000000000001,105.7
40,174,51,40,2,3,3,0,3,3,2,0,72.0,314.7,94.3,72.0
158,30,195,29,3,3,2,0,1,1,3,0,287.90000000000003,57.5,351.0,52.2
80,69,99,65,2,2,3,1,0,0,2,2,147.0,127.2,180.70000000000002,116.5
33,28,60,16,3,3,3,2,0,2,0,1,63.9,52.9,112.5,30.8
54,21,189,19,0,0,2,3,3,1,3,1,94.2,36.800000000000004,340.2,37.7
44,1,12,0,3,1,0,1,0,3,1,3,83.7,0.2999999999999998,20.6,0.0
36,4,124,58,0,1,2,0,0,3,2,1,64.8,5.699999999999999,224.20000000000002,103.4
27,156,88,89,2,2,2,2,0,3,1,3,51.6,280.8,160.4,160.20000000000002
66,60,34,5,2,1,3,0,0,2,3,3,121.8,107.5,62.7,6.0
180,38,45,14,1,3,0,0,2,0,0,1,323.5,72.9,81.0,24.2
21,60,15,62,2,0,3,0,3,2,2,2,37.800000000000004,106.0,29.5,109.60000000000001
7,56,42,68,2,3,1,1,1,0,2,0,14.6,105.3,75.10000000000001,123.9
34,51,38,115,0,3,3,3,3,3,2,0,58.2,93.3,70.9,211.5
172,40,44,69,0,3,3,1,2,1,3,3,307.6,75.5,80.7,122.7
65,38,11,28,1,1,0,0,3,1,2,2,115.5,68.9,17.8,48.4
51,27,13,66,0,0,0,3,1,2,2,1,90.8,46.6,21.400000000000002,122.3
9,44,30,22,2,1,2,3,0,2,1,0,19.2,78.7,56.0,44.1
114,18,36,46,3,0,3,1,0,3,1,2,209.70000000000002,29.4,68.3,82.3
80,148,173,30,0,0,0,0,1,1,1,3,143.0,265.40000000000003,310.40000000000003,51.0
12,78,134,39,0,1,0,2,1,1,3,2,20.6,140.9,238.20000000000002,71.2
34,34,25,25,1,2,0,0,2,3,2,0,60.7,61.2,43.0,45.0
34,94,31,59,1,0,3,1,1,0,0,0,61.7,169.20000000000002,60.300000000000004,107.7
114,167,45,36,0,2,0,1,2,3,1,2,203.20000000000002,300.6,80.0,64.3
19,16,1,13,0,0,1,3,2,3,2,2,32.2,25.8,1.2999999999999998,25.900000000000002
168,12,38,52,1,1,2,0,3,3,2,3,300.90000000000003,20.1,69.4,90.60000000000001
5,59,31,5,1,1,2,2,2,1,1,0,8.5,106.7,57.800000000000004,12.0
10,60,41,53,1,2,2,1,0,1,2,0,19.5,110.0,74.8,96.9
36,55,153,50,1,0,0,2,1,2,2,0,65.3,97.0,273.40000000000003,93.0
191,12,10,65,1,0,1,2,1,2,1,2,344.3,19.6,18.5,118.0
43,28,99,59,2,2,1,3,2,3,0,2,78.4,50.4,179.70000000000002,108.7
19,0,44,67,1,3,3,3,3,2,0,3,32.7,0.0,83.7,122.10000000000001
49,11,50,19,2,1,1,3,0,0,1,3,91.2,21.3,90.5,35.7
65,13,16,40,0,1,0,2,3,3,1,2,114.0,21.900000000000002,27.8,73.0
74,32,92,82,1,1,0,0,2,3,2,3,132.70000000000002,56.1,163.6,144.6
64,26,144,93,3,2,2,1,2,3,2,0,117.7,46.800000000000004,260.2,168.9
17,47,33,0,1,1,0,3,3,1,3,0,29.1,85.10000000000001,56.4,0.0
51,70,51,38,2,1,1,3,0,2,3,2,94.8,125.5,90.3,70.9
33,42,77,1,2,3,2,3,1,2,2,1,61.4,78.10000000000001,139.6,5.3
16,162,37,17,3,1,3,0,2,2,0,3,31.299999999999997,291.1,71.10000000000001,27.6
48,58,190,13,1,3,3,3,1,0,0,0,86.9,108.9,346.5,27.900000000000002
94,47,22,61,2,3,1,2,3,2,1,3,169.20000000000002,87.10000000000001,40.1,109.8
9,133,14,6,2,0,2,0,0,1,3,3,19.2,238.4,25.2,7.800000000000001
29,114,130,54,1,3,3,0,3,2,3,1,50.7,207.70000000000002,235.5,96.2
22,58,30,53,2,0,0,1,0,3,1,3,42.6,101.4,53.0,93.9
184,64,50,45,3,3,1,2,2,2,2,1,333.7,117.7,89.5,83.0
44,83,45,31,1,1,3,1,3,0,3,0,77.7,150.9,82.5,57.300000000000004
57,100,36,81,0,3,1,1,2,3,1,2,100.60000000000001,181.5,65.3,145.3
63,25,38,50,0,3,1,3,2,0,2,2,111.4,49.5,67.9,92.5
82,23,67,52,3,3,1,3,3,2,1,2,149.1,43.9,121.10000000000001,96.10000000000001
48,33,68,2,1,2,0,0,0,1,3,2,87.9,61.4,119.4,1.6
0,119,47,28,0,3,0,1,0,1,1,2,0.0,217.70000000000002,83.60000000000001,49.9
39,20,28,22,1,0,1,1,0,2,0,1,71.7,34.0,51.9,40.1
45,51,46,52,2,3,2,1,2,0,3,2,82.0,96.3,82.8,93.10000000000001
17,40,37,104,3,2,1,3,0,0,0,3,35.1,75.0,68.10000000000001,188.70000000000002
34,29,70,26,0,1,2,1,2,3,1,0,59.2,50.7,128.0,48.300000000000004
24,192,61,18,2,1,3,0,1,1,3,1,45.2,346.1,111.3,31.4
46,7,36,34,1,2,3,0,1,0,0,2,83.3,15.6,69.3,59.2
50,59,34,44,1,0,0,0,0,2,3,3,91.5,104.2,58.2,76.2
43,22,24,49,1,3,2,3,3,3,2,1,75.9,41.1,44.2,91.7
58,31,11,0,3,3,3,1,1,3,2,1,107.9,57.300000000000004,22.3,0.0
4,185,77,56,1,2,0,1,2,0,1,1,6.699999999999999,336.0,137.6,101.3
47,97,45,70,0,3,0,3,1,2,1,0,83.60000000000001,177.1,80.0,130.5
39,38,57,20,0,1,3,2,1,2,3,0,69.2,67.9,104.10000000000001,39.0
61,50,129,30,1,2,0,2,3,0,0,2,108.3,93.0,232.20000000000002,55.0
141,40,19,54,2,2,0,1,2,2,0,2,254.8,73.0,34.2,96.7
21,60,5,41,1,1,1,1,2,2,1,0,37.300000000000004,107.5,9.5,75.3
22,128,2,34,0,1,1,0,3,2,1,0,36.6,229.9,4.1,61.2
18,195,67,130,3,3,0,1,3,3,1,0,33.9,352.5,119.60000000000001,235.5
163,192,33,138,0,0,2,1,1,0,3,0,292.40000000000003,345.6,59.4,249.9
49,15,30,122,2,0,0,3,0,0,0,0,91.2,27.0,54.0,224.1
21,52,16,53,1,0,0,1,2,0,2,1,37.300000000000004,93.60000000000001,26.8,95.9
150,30,39,22,0,1,0,2,3,2,3,3,267.0,53.5,67.2,39.6
24,14,48,20,3,2,2,1,0,3,3,0,47.7,25.2,86.4,37.5
194,70,85,23,1,2,1,3,3,3,0,0,347.7,126.0,154.5,45.9
141,55,9,200,3,2,0,2,3,1,2,2,255.3,101.0,14.2,361.0
27,43,58,169,3,0,3,1,3,0,0,1,50.1,77.4,108.9,304.7
40,26,5,55,0,2,3,2,2,1,3,2,70.0,48.800000000000004,10.5,100.0
57,11,21,18,0,3,3,2,3,2,3,2,99.60000000000001,22.3,39.300000000000004,33.4
49,5,35,79,1,1,1,1,1,3,0,0,88.7,7.5,64.5,143.70000000000002
34,66,57,21,3,1,2,0,3,0,2,2,62.7,120.3,103.60000000000001,35.800000000000004
43,4,66,5,2,3,1,3,3,3,3,3,77.4,8.7,117.3,10.5
174,62,127,180,3,3,1,2,1,3,0,3,316.7,113.10000000000001,230.1,324.0
21,52,162,4,2,3,2,1,3,3,1,0,37.800000000000004,95.10000000000001,293.6,8.7
27,27,67,42,1,2,3,1,3,2,0,1,47.1,49.6,125.10000000000001,76.10000000000001
8,105,69,23,1,0,2,1,2,1,2,0,13.9,188.0,125.2,42.9
60,11,36,24,3,2,2,1,0,3,3,3,112.5,19.8,64.8,41.7
76,24,46,4,3,3,1,0,3,3,2,0,138.3,44.7,82.3,7.2
1,57,49,166,3,1,2,3,0,1,2,1,6.3,103.10000000000001,89.2,302.3
152,34,39,49,0,0,1,0,3,0,0,0,270.6,61.2,71.7,88.2
32,43,187,68,0,1,1,0,3,0,0,2,54.6,78.9,338.1,120.4
69,21,3,70,1,2,2,1,1,0,0,1,124.7,40.800000000000004,8.4,126.5
43,114,59,65,3,1,0,3,0,0,2,1,81.9,206.70000000000002,104.2,120.5
67,52,165,39,2,0,0,2,1,2,1,2,122.60000000000001,91.60000000000001,296.0,71.2
181,81,31,154,2,3,2,2,2,2,2,0,326.8,148.3,56.800000000000004,280.2
53,34,59,24,0,1,3,2,3,1,1,2,92.4,61.7,109.7,44.2
36,57,14,22,0,2,1,0,1,0,0,0,63.8,105.60000000000001,26.7,39.6
117,6,26,51,0,3,2,0,1,1,3,1,209.6,14.3,46.800000000000004,90.8
63,140,163,1,2,2,1,1,1,1,2,0,115.4,254.0,292.90000000000003,3.3
51,17,0,47,3,1,0,0,3,1,1,3,93.3,31.1,0.0,81.60000000000001
41,9,77,64,1,1,2,2,0,3,3,2,75.3,14.7,138.6,116.2
49,49,86,29,0,2,2,1,3,1,2,2,85.2,90.2,155.8,51.7
11,27,46,25,0,1,1,3,0,2,3,2,19.8,48.1,81.3,47.5
52,42,31,55,0,2,2,2,2,2,2,0,91.60000000000001,76.60000000000001,56.800000000000004,102.0
25,18,133,7,2,2,0,2,0,0,0,3,48.0,35.4,239.4,12.6
183,52,183,33,0,0,1,2,3,0,1,2,326.40000000000003,93.60000000000001,329.90000000000003,60.4
8,1,49,42,2,1,2,2,3,0,3,2,14.399999999999999,3.3,88.2,76.60000000000001
54,29,53,65,1,1,3,2,2,3,2,2,96.7,50.7,97.9,118.0
144,30,22,63,3,1,2,0,0,1,2,0,263.7,54.5,40.6,113.4
60,106,57,96,2,0,3,2,2,1,3,0,109.0,189.8,104.10000000000001,175.8
62,10,186,70,1,1,3,1,1,2,1,2,112.10000000000001,17.5,338.3,125.5
54,67,159,65,3,1,1,0,3,3,3,3,98.7,119.10000000000001,284.7,114.0
23,61,37,170,1,3,0,0,3,2,1,1,39.9,112.3,65.60000000000001,305.0
20,14,54,5,3,3,1,0,1,3,2,3,39.5,26.7,96.7,6.0
13,59,41,36,0,3,3,3,0,2,0,1,23.400000000000002,108.7,78.3,68.3
63,74,49,57,2,1,2,3,1,2,2,0,115.4,132.70000000000002,89.2,107.10000000000001
168,4,57,108,1,2,0,0,3,0,1,2,300.90000000000003,10.2,101.60000000000001,192.4
30,76,18,33,0,1,0,1,1,0,2,1,53.0,138.3,30.4,59.9
9,8,60,55,1,2,0,1,0,2,0,0,17.7,15.399999999999999,108.0,100.5
51,52,183,65,0,1,3,3,1,3,1,2,90.8,92.10000000000001,332.90000000000003,119.5
19,51,64,70,1,0,0,2,0,3,3,1,35.7,88.8,112.2,128.0
58,56,9,69,0,1,3,2,0,0,1,1,104.4,102.3,19.7,126.2
50,64,23,70,2,0,3,3,2,1,1,2,91.0,114.2,44.9,128.5
6,7,55,11,0,1,3,2,2,1,0,2,8.8,13.1,103.5,20.8
31,143,159,65,2,3,1,3,1,3,2,0,57.800000000000004,258.90000000000003,285.7,121.5
46,50,0,1,0,3,1,0,1,3,2,2,81.8,91.5,0.0,0.0
25,118,43,52,3,0,0,3,2,1,3,1,47.5,211.4,74.4,97.10000000000001
45,12,20,27,2,2,1,0,2,3,2,3,82.0,21.6,35.5,45.6
136,23,150,60,0,3,3,0,1,2,0,3,243.8,43.9,274.5,105.0
62,42,10,169,0,2,2,3,3,3,2,1,108.60000000000001,75.60000000000001,19.0,307.7
10,6,55,40,2,0,3,2,3,2,3,2,18.0,8.8,100.5,73.0
41,105,67,0,2,3,1,0,3,0,0,2,73.8,193.5,122.10000000000001,0.0
6,23,65,56,1,0,3,2,2,2,0,3,10.3,39.4,121.5,100.8
12,69,0,51,1,3,3,0,1,1,3,2,22.1,127.69999999999999,0.0,89.8
22,8,152,11,2,3,3,3,1,3,1,1,41.6,15.899999999999999,277.1,23.3
67,191,6,6,3,3,1,0,2,2,0,3,123.10000000000001,346.3,12.3,7.800000000000001
110,130,55,17,1,1,0,1,0,0,2,3,199.5,235.5,97.0,29.1
41,109,41,65,3,1,1,0,2,0,1,2,76.3,197.70000000000002,74.3,115.0
34,112,46,65,1,1,0,1,1,2,0,3,61.7,201.1,82.8,115.5
54,52,62,48,2,1,0,2,0,3,2,1,100.2,92.10000000000001,109.60000000000001,88.4
190,10,59,33,0,3,1,0,2,0,3,1,340.0,22.5,104.7,58.4
14,31,17,69,2,0,2,2,2,0,3,2,26.2,55.800000000000004,30.6,125.2
25,75,27,21,3,0,2,1,2,3,0,1,47.5,132.0,51.6,38.300000000000004
65,16,34,52,2,3,2,1,3,3,3,0,117.0,30.299999999999997,61.2,95.10000000000001
47,185,57,13,1,0,1,1,2,0,1,3,84.10000000000001,333.0,103.10000000000001,21.900000000000002
16,64,60,1,2,1,0,3,0,3,0,3,31.8,113.7,108.0,3.3
41,91,2,9,2,2,2,0,1,3,0,1,75.8,163.8,6.6,15.2
15,30,31,9,3,3,1,0,2,0,0,3,29.5,58.5,57.300000000000004,13.2
152,15,34,55,2,2,0,2,3,0,2,1,273.6,30.0,59.2,101.0
39,25,42,40,2,1,0,2,1,1,2,1,72.2,45.5,73.60000000000001,74.0
5,75,27,26,1,2,3,1,1,0,3,1,9.5,138.0,50.1,47.300000000000004
26,0,150,69,1,3,3,2,3,2,2,2,45.300000000000004,0.0,272.5,125.2
23,8,53,74,3,0,3,0,3,2,1,0,42.9,12.4,98.9,133.20000000000002
47,55,43,88,3,3,0,2,1,0,1,3,88.10000000000001,103.5,76.4,158.4
59,16,48,39,3,2,0,1,1,3,3,2,109.7,28.8,83.4,69.7
3,85,127,61,1,1,3,3,3,3,2,3,3.9000000000000004,151.5,231.1,111.3
38,12,54,4,2,0,0,0,1,3,2,0,70.4,18.6,95.2,7.2
89,39,160,58,0,0,0,0,2,3,0,2,158.20000000000002,67.2,288.0,102.4
4,181,33,31,0,1,2,1,2,3,3,3,5.2,324.3,59.4,54.300000000000004
47,135,27,19,3,0,0,1,3,0,0,3,86.10000000000001,243.0,48.6,32.7
34,38,33,60,3,3,1,3,3,1,2,2,62.7,71.9,58.9,110.5
57,21,39,32,3,1,0,3,1,0,1,0,106.10000000000001,39.300000000000004,69.2,62.1
23,43,109,55,2,3,1,1,1,0,3,2,43.4,81.9,194.70000000000002,98.5
0,50,17,49,0,0,2,1,0,0,1,2,0.0,90.0,32.6,87.7
54,29,27,10,0,3,3,3,1,3,1,0,96.2,53.7,52.1,22.5
18,65,54,29,1,3,1,2,3,3,3,2,30.9,118.5,95.7,53.2
7,16,22,9,3,1,1,1,3,0,0,0,14.100000000000001,30.3,41.1,17.7
52,5,9,25,3,3,0,1,2,3,3,2,96.10000000000001,10.5,13.2,44.5
177,14,16,0,3,0,2,2,1,3,0,2,322.1,22.2,31.8,0.0
47,67,12,67,1,2,0,1,3,2,1,1,83.10000000000001,121.60000000000001,20.6,121.10000000000001
11,50,5,199,3,2,0,2,2,3,3,0,22.3,90.0,6.0,361.2
68,20,65,44,1,2,0,1,0,0,3,3,123.9,39.0,114.0,77.7
61,58,190,47,2,2,3,1,1,0,1,2,111.8,107.4,345.5,84.10000000000001
19,54,39,23,2,0,3,3,2,3,0,2,35.2,94.2,74.7,43.9
188,54,26,153,0,0,2,0,1,2,2,2,337.40000000000003,95.2,47.800000000000004,273.40000000000003
37,64,49,35,2,1,2,3,3,0,3,1,66.60000000000001,116.7,88.2,66.5
36,163,159,55,0,2,3,1,2,3,0,3,62.8,293.40000000000003,290.7,97.5
15,35,79,33,2,2,1,1,1,3,1,2,29.0,63.0,142.70000000000002,58.9
49,21,28,28,3,3,2,1,2,3,1,2,90.7,39.300000000000004,52.4,49.9
61,16,69,42,0,0,2,3,2,2,3,3,107.8,26.8,124.2,77.10000000000001
3,11,14,48,1,2,3,2,3,3,1,0,3.9000000000000004,19.8,28.7,89.4
69,171,63,21,0,1,1,0,0,0,0,0,124.2,309.3,114.9,37.800000000000004
65,2,142,52,0,0,0,0,1,3,3,1,116.0,0.6000000000000001,252.6,92.60000000000001
96,8,0,66,0,2,3,2,0,2,0,2,172.8,15.399999999999999,0.0,119.8
49,15,21,29,0,0,2,0,2,2,3,3,86.2,25.0,37.800000000000004,49.2
61,54,58,40,2,2,2,1,0,3,1,1,112.8,97.2,106.4,72.5
39,30,52,61,0,1,2,0,2,3,2,0,68.2,52.5,94.60000000000001,109.8
66,31,31,39,3,0,2,1,0,2,2,3,123.3,53.800000000000004,56.800000000000004,68.7
40,47,41,18,1,2,1,0,3,3,0,3,70.5,84.60000000000001,75.3,29.4
2,66,135,18,2,3,3,2,1,2,2,3,5.6,121.3,245.5,32.4
179,28,183,42,1,3,0,2,3,1,1,2,320.7,53.9,328.40000000000003,76.60000000000001
68,0,52,65,0,0,1,0,3,1,2,1,119.4,0.0,93.10000000000001,116.0
12,42,101,25,3,2,1,3,0,1,1,2,26.1,77.60000000000001,182.3,47.5
24,12,45,80,0,2,1,3,2,3,2,1,41.2,21.6,80.5,147.5
164,38,60,16,2,3,0,1,0,0,1,3,298.2,72.9,107.0,27.3
47,195,43,37,3,1,0,3,3,1,1,3,86.10000000000001,351.5,76.4,68.10000000000001
68,61,5,31,2,2,0,2,3,3,1,2,122.4,109.8,8.0,56.800000000000004
18,30,28,58,3,0,2,2,3,2,0,0,33.9,52.0,53.4,107.4
4,4,64,14,2,2,1,2,1,1,1,1,9.2,9.2,115.7,27.2
69,138,109,41,3,3,0,3,3,3,3,2,125.69999999999999,249.9,193.20000000000002,76.3
51,38,16,40,0,3,1,3,1,2,3,2,90.8,70.9,27.3,74.5
32,68,1,17,0,0,0,2,0,2,2,0,57.6,120.4,0.0,33.6
53,95,31,55,0,0,3,1,2,3,0,2,93.4,168.0,60.300000000000004,98.5
40,42,199,103,1,1,1,1,3,0,1,3,70.5,77.10000000000001,358.7,183.9
20,59,3,34,2,3,2,1,2,2,1,2,37.0,108.7,7.4,60.7
25,69,20,26,1,1,0,1,0,3,1,1,46.5,122.7,35.0,47.300000000000004
14,191,8,54,3,1,0,2,1,2,2,1,28.7,343.3,12.4,99.2
120,59,154,65,3,1,0,0,3,0,1,0,217.5,107.7,276.2,117.0
5,69,52,47,0,2,3,1,0,1,2,3,9.0,126.2,96.10000000000001,83.10000000000001
46,34,62,25,1,0,0,3,0,3,3,0,84.3,58.2,108.60000000000001,49.5
45,29,53,21,2,2,1,0,3,1,3,0,81.0,54.2,93.9,37.800000000000004
158,33,33,27,2,0,0,2,3,2,3,2,284.40000000000003,57.4,56.4,49.6
51,51,22,49,0,2,0,0,0,0,3,0,91.8,94.8,36.6,88.2
33,53,65,44,0,1,1,2,1,0,1,3,58.4,96.9,117.5,79.2
28,124,161,70,1,3,0,1,1,2,1,3,50.9,225.70000000000002,288.8,124.5
49,37,64,34,0,2,0,0,0,1,2,3,88.2,68.60000000000001,113.2,58.2
109,61,184,57,2,1,1,0,2,2,0,0,197.20000000000002,109.3,332.7,102.60000000000001
42,19,62,28,0,3,0,1,2,3,3,3,73.60000000000001,35.7,108.60000000000001,48.9
64,0,60,1,2,2,2,2,0,1,3,3,118.2,0.0,108.0,1.7999999999999998
136,93,75,65,3,1,0,1,2,0,0,0,247.3,168.9,135.0,118.5
10,47,33,72,1,0,3,1,3,3,0,0,16.5,81.60000000000001,63.9,131.1
10,33,43,6,3,2,0,1,2,2,3,1,20.5,60.4,74.4,11.3
68,52,29,2,3,1,3,3,0,3,2,3,126.9,92.10000000000001,54.7,5.1
37,61,186,34,1,1,3,2,0,2,1,3,68.10000000000001,109.3,338.3,61.2
13,53,23,58,1,1,2,2,2,1,3,1,22.900000000000002,95.9,41.4,106.4
5,64,105,38,0,3,3,0,3,2,1,2,6.0,117.7,192.5,66.4
16,24,35,39,2,3,0,2,2,0,3,0,29.8,47.7,60.0,73.2
40,42,39,5,0,3,1,0,0,1,2,1,72.0,79.10000000000001,69.7,8.0
170,61,6,135,2,3,3,2,1,3,2,2,308.0,111.3,13.3,244.0
43,68,42,61,1,2,2,1,3,1,3,1,75.9,124.4,75.60000000000001,110.3
87,17,54,17,0,1,0,2,3,2,2,0,153.6,30.1,95.2,33.6
20,13,6,119,3,1,0,2,1,0,3,3,39.5,24.900000000000002,7.800000000000001,214.20000000000002
25,54,10,133,2,3,0,3,2,3,0,1,46.0,98.7,18.0,242.9
57,11,69,65,0,2,2,2,2,1,3,0,100.60000000000001,21.8,124.2,120.0
66,65,23,26,1,3,1,0,1,0,2,2,119.3,121.5,40.9,44.800000000000004
17,3,37,20,3,1,1,2,3,0,0,0,32.1,6.9,68.10000000000001,39.0
191,53,39,44,2,0,3,1,3,1,2,1,343.8,94.4,72.7,79.7
5,68,24,3,2,0,0,3,1,3,2,3,11.0,119.4,41.2,6.9
51,42,67,50,3,2,0,1,0,0,0,2,96.3,78.60000000000001,120.60000000000001,89.5
65,43,58,67,0,2,3,3,2,1,0,1,115.0,79.4,108.9,124.10000000000001
8,197,19,5,1,0,3,1,2,0,2,1,13.9,354.6,36.7,9.5
22,129,114,138,3,2,1,0,0,2,1,0,44.1,233.20000000000002,205.70000000000002,248.4
6,5,30,54,0,0,2,1,1,2,0,3,9.8,7.0,57.0,95.7
45,67,35,66,0,0,2,3,0,3,0,1,81.0,117.60000000000001,66.0,122.3
47,48,55,44,1,3,2,0,1,1,0,2,85.10000000000001,89.9,102.0,77.2
24,56,104,59,3,3,0,3,0,1,2,0,47.7,104.3,185.20000000000002,110.7
187,52,8,22,0,3,0,2,1,3,0,2,335.6,95.10000000000001,14.4,40.6
8,45,46,33,2,1,0,3,0,1,3,1,17.4,81.5,79.8,62.9
45,10,7,57,1,2,0,2,1,1,1,0,81.5,20.0,11.6,105.60000000000001
11,23,49,42,1,2,0,1,3,1,3,3,18.3,43.4,85.2,74.10000000000001
55,4,90,42,1,1,0,3,2,1,1,2,98.5,7.699999999999999,161.0,78.10000000000001
13,42,12,144,0,2,3,2,1,2,3,1,22.400000000000002,76.60000000000001,23.1,261.2
64,22,44,56,2,0,2,3,2,3,2,2,116.2,36.6,80.2,103.3
3,5,69,13,3,3,2,0,0,3,1,0,9.9,10.5,126.2,23.400000000000002
11,5,93,19,1,3,2,0,1,1,2,0,20.3,12.5,168.4,34.2
25,31,59,20,0,2,2,1,1,1,3,1,44.0,57.800000000000004,106.2,36.5
56,41,89,52,2,0,2,1,3,2,0,2,100.8,71.8,163.20000000000002,93.10000000000001
32,97,2,36,2,0,1,2,1,2,1,0,59.6,172.6,4.1,67.8
11,32,70,64,2,1,1,2,0,0,2,0,22.8,59.1,125.5,118.2
66,1,39,55,3,1,2,0,3,2,3,3,120.3,1.2999999999999998,70.2,96.0
38,175,78,15,0,3,3,0,3,2,1,0,65.4,317.5,143.9,27.0
2,195,43,62,2,0,1,0,2,1,0,1,4.6,350.0,78.9,110.60000000000001
19,36,46,59,1,0,2,0,0,1,3,3,35.7,63.8,82.8,103.2
39,3,55,60,2,0,0,2,1,1,1,3,72.2,4.4,98.0,108.0
32,39,147,60,2,1,0,3,2,1,3,2,58.6,70.7,261.6,110.5
160,26,26,4,3,3,3,0,2,2,0,2,290.5,49.300000000000004,51.300000000000004,5.2
27,47,5,54,2,2,0,0,0,1,1,0,51.6,86.60000000000001,8.0,97.2
0,24,183,65,3,2,0,2,0,1,1,1,0.0,45.2,328.40000000000003,119.0
54,14,59,18,3,0,1,1,1,1,2,3,100.7,24.2,105.7,30.9
64,28,31,43,3,1,2,3,1,2,2,0,118.7,49.9,56.800000000000004,81.9
11,7,31,28,0,1,1,2,0,2,3,3,19.8,12.1,54.300000000000004,50.4
92,32,64,7,0,1,1,1,0,3,3,3,165.6,56.1,113.7,11.1
43,69,43,195,2,1,3,1,2,0,0,1,78.4,125.7,81.9,351.5
4,40,18,31,2,2,0,1,0,3,3,0,10.2,72.0,29.4,57.300000000000004
45,29,0,76,2,0,2,2,2,2,2,3,82.0,50.2,0.0,136.8
9,54,8,59,1,3,3,3,0,3,2,1,17.7,98.7,16.9,109.7
57,41,17,165,2,0,1,0,3,3,3,3,102.60000000000001,70.8,29.1,294.0
101,43,135,122,2,1,3,2,3,2,1,0,181.8,76.9,246.5,222.6
15,77,19,41,0,1,0,0,1,2,3,0,26.0,138.1,31.200000000000003,73.8
63,67,22,31,3,0,0,0,2,1,2,1,115.9,119.60000000000001,37.6,54.800000000000004
30,35,47,46,3,1,1,3,1,3,1,0,57.5,61.5,85.10000000000001,87.3
43,51,8,58,0,2,2,0,3,2,0,1,74.4,92.8,17.4,103.4
45,52,70,12,2,1,2,3,1,0,0,2,83.0,95.10000000000001,129.0,24.1
181,14,29,17,0,2,1,2,1,3,3,2,324.8,25.2,50.7,31.6
176,2,59,50,0,1,0,0,0,1,1,3,316.8,4.1,105.2,87.0
66,6,44,67,1,3,2,1,3,2,3,0,117.3,13.3,79.2,122.10000000000001
15,54,13,28,3,1,1,2,1,2,1,0,30.5,96.7,23.900000000000002,53.4
11,75,33,38,0,0,2,3,3,0,1,3,16.8,135.0,61.4,69.9
5,171,27,17,3,3,1,2,0,2,0,0,13.5,310.3,50.1,33.6
165,32,65,17,2,3,3,1,0,3,1,0,300.0,59.1,120.5,32.1
14,42,4,114,3,3,1,2,2,0,1,0,27.7,80.10000000000001,7.699999999999999,208.20000000000002
17,15,53,91,0,3,3,3,1,3,0,0,29.6,28.5,99.9,168.3
18,35,63,141,0,0,2,0,3,1,3,0,29.4,62.0,113.4,253.8
132,106,28,20,1,1,2,3,0,2,3,2,239.1,190.3,50.4,38.5
60,57,69,31,1,1,0,0,3,1,2,0,106.5,103.10000000000001,122.2,55.800000000000004
29,67,125,41,3,3,3,0,1,3,0,1,55.7,122.10000000000001,229.5,72.8
52,165,70,4,1,0,1,1,1,3,1,1,94.10000000000001,294.0,126.5,7.699999999999999
141,33,37,116,3,2,1,2,3,2,3,3,255.3,60.4,65.10000000000001,208.8
71,144,61,32,0,1,0,1,1,3,2,1,126.8,257.7,107.8,58.1
16,58,17,16,2,0,0,2,3,3,1,0,28.8,101.4,29.6,31.8
23,130,45,171,2,2,0,3,1,2,1,0,43.4,235.0,80.0,312.3
94,23,38,164,2,3,0,1,2,2,2,0,170.20000000000002,43.9,66.4,296.7
195,52,58,36,3,1,1,0,2,3,1,1,353.5,92.10000000000001,104.9,63.8
63,101,4,10,3,1,3,2,2,0,2,0,115.9,183.3,9.7,21.0
169,43,22,56,2,1,2,0,1,2,1,0,306.2,76.9,41.6,100.8
49,1,48,54,2,2,1,2,0,1,0,3,91.2,3.8,87.9,97.2
62,63,171,90,1,0,0,0,2,2,3,3,111.10000000000001,111.4,304.8,159.0
61,3,98,6,1,1,3,3,1,2,2,3,110.3,4.9,178.9,12.3
176,57,21,18,2,2,1,2,3,0,0,2,316.8,105.60000000000001,39.300000000000004,33.4
9,157,151,119,2,1,1,3,2,0,0,1,17.2,284.1,273.3,217.70000000000002
24,63,70,12,0,0,2,2,0,0,2,3,43.2,113.4,127.0,21.6
22,18,70,24,3,1,0,2,1,2,0,2,43.1,31.9,126.0,44.2
76,97,26,29,0,0,1,3,3,1,3,1,133.8,173.6,45.300000000000004,55.7
178,17,27,34,1,3,3,2,2,2,0,2,319.90000000000003,33.1,53.1,62.2
47,3,10,29,2,3,2,3,0,2,0,3,87.60000000000001,7.9,21.0,53.7
171,150,7,53,3,1,0,3,2,0,3,0,310.3,271.5,9.6,99.9
58,7,54,162,0,1,2,3,2,1,1,3,102.4,13.1,99.2,293.1
22,199,60,11,0,0,2,0,0,1,0,3,39.6,357.2,111.0,16.8
76,10,41,142,3,1,1,1,0,3,0,1,141.3,16.5,75.3,256.1
37,56,45,167,2,1,2,1,3,2,2,1,66.60000000000001,100.3,82.0,301.1
9,61,144,124,0,3,1,2,1,1,1,2,15.2,113.3,259.7,224.20000000000002
1,43,43,12,3,0,3,0,3,0,3,3,3.3,77.4,78.9,18.6
60,109,138,44,3,3,2,1,3,1,3,1,109.5,199.70000000000002,248.4,79.7
14,25,26,54,0,0,3,3,3,0,3,1,22.2,45.0,48.300000000000004,100.7
56,164,53,4,0,0,2,2,3,3,2,2,97.8,292.2,96.4,8.2
70,70,54,19,0,2,2,0,3,2,3,3,123.0,127.0,97.2,31.200000000000003
46,58,119,56,0,3,1,0,0,1,0,3,82.8,107.9,215.70000000000002,97.8
19,57,58,18,0,1,3,2,2,0,2,3,32.2,104.10000000000001,106.9,32.4
6,6,153,56,3,2,2,3,0,1,3,2,15.3,12.8,275.40000000000003,103.3
170,3,178,35,3,0,1,3,2,2,2,3,308.5,3.4000000000000004,319.90000000000003,64.5
179,3,176,51,1,2,0,0,1,0,1,1,322.7,8.4,315.8,90.8
29,70,10,3,1,1,2,3,1,3,0,3,52.7,124.5,21.0,6.9
39,181,44,83,1,1,2,3,0,0,3,0,71.7,327.3,79.2,153.9
54,20,17,21,0,0,0,1,2,0,1,1,95.2,36.0,29.6,38.300000000000004
68,33,13,95,2,3,0,1,0,2,3,2,125.4,61.9,20.400000000000002,170.5
35,17,37,154,2,3,3,3,0,0,0,0,66.0,35.1,71.10000000000001,281.7
4,166,54,38,1,2,3,3,2,3,1,0,6.699999999999999,298.8,100.7,72.9
0,46,37,40,2,0,0,3,0,3,2,1,0.0,79.8,64.60000000000001,75.5
4,37,95,56,0,1,3,2,1,3,3,1,6.2,65.10000000000001,172.5,102.8
9,14,82,145,3,3,3,2,0,1,1,0,20.7,28.7,151.1,264.0
98,140,49,120,2,0,2,2,3,2,0,0,176.4,250.0,91.2,219.0
47,57,49,30,1,1,0,0,0,0,3,3,86.10000000000001,104.10000000000001,85.2,51.0
22,86,20,44,2,0,1,3,0,2,2,1,42.6,152.8,35.5,82.7
62,47,85,123,2,1,0,2,0,1,2,3,114.60000000000001,85.10000000000001,151.0,221.4
16,52,1,25,2,0,3,2,2,3,2,0,29.8,90.60000000000001,4.3,48.0
121,20,28,10,0,2,1,0,1,3,2,0,216.8,36.0,49.9,18.0
157,8,62,64,0,1,0,2,2,2,1,0,280.6,13.9,110.60000000000001,118.2
10,140,36,65,3,1,1,3,0,2,2,2,22.5,251.5,64.3,119.5
34,23,93,29,3,2,2,1,0,2,1,2,65.7,42.4,169.4,51.7
47,3,25,2,0,1,1,2,2,1,2,1,82.60000000000001,5.9,44.5,5.6
6,13,148,58,3,1,3,3,2,0,2,1,13.3,24.900000000000002,268.90000000000003,107.9
154,38,37,18,1,1,2,1,1,1,2,3,277.7,68.9,67.60000000000001,30.9
60,198,129,58,2,2,1,3,3,0,2,0,108.0,359.40000000000003,231.70000000000002,108.9
191,4,47,42,3,0,0,0,1,1,1,3,347.3,6.2,83.60000000000001,72.60000000000001
5,63,122,194,0,1,2,3,3,3,1,0,6.0,111.9,221.6,353.7
45,65,44,57,0,3,0,2,0,1,3,2,81.0,120.5,76.2,103.60000000000001
32,68,42,19,1,1,2,1,1,1,2,3,58.1,122.9,76.60000000000001,32.7
20,48,155,170,1,1,3,2,0,1,0,1,37.5,86.9,283.5,308.0
8,13,65,30,2,0,3,1,2,3,1,1,15.399999999999999,20.400000000000002,120.5,54.5
82,163,70,69,1,2,1,2,2,0,2,2,147.1,296.40000000000003,125.5,125.2
20,31,54,69,1,1,2,3,0,2,1,1,37.5,55.300000000000004,99.2,127.69999999999999
19,58,121,24,1,1,2,2,0,1,3,1,35.7,104.9,217.8,45.2
9,1,0,25,2,3,0,0,0,3,2,3,19.2,3.3,0.0,42.0
14,40,41,154,3,3,3,0,3,0,0,0,26.7,76.5,78.3,277.2
175,36,15,45,3,0,3,1,3,3,3,1,316.5,61.8,28.5,81.5
38,68,141,197,0,1,2,1,3,3,0,1,65.4,120.9,256.8,355.1
16,47,68,89,3,2,3,3,2,0,1,0,31.299999999999997,87.60000000000001,125.9,164.70000000000002
55,60,20,54,1,2,3,1,0,0,2,3,100.5,111.0,38.5,95.7
20,64,70,49,3,2,2,3,2,0,1,3,38.5,118.2,128.0,89.7
3,18,41,38,1,1,0,2,2,1,2,0,4.9,32.9,71.8,71.4
33,37,125,3,0,2,2,3,0,3,3,1,59.4,66.60000000000001,225.0,8.9
59,62,1,63,1,3,3,1,0,1,3,1,107.7,115.10000000000001,3.3,113.9
4,23,44,38,3,3,0,1,2,1,3,2,9.7,44.9,76.2,67.9
43,10,33,54,3,0,2,3,1,1,3,2,80.9,17.0,59.4,99.7
110,120,17,84,0,3,1,1,2,0,0,3,196.0,220.5,32.1,149.70000000000002
23,37,50,30,2,1,0,3,2,3,1,1,42.4,65.10000000000001,89.0,57.5
36,17,70,10,3,1,3,1,3,0,0,3,66.3,32.1,130.5,16.5
14,51,4,15,2,0,3,3,1,3,1,2,27.2,88.8,10.7,29.5
37,0,45,55,3,2,1,1,3,3,2,2,68.10000000000001,0.0,80.5,98.5
9,28,13,12,0,1,2,2,0,0,1,0,16.2,51.9,25.400000000000002,24.6
11,23,27,39,2,2,3,2,3,0,3,3,19.8,44.4,50.1,70.2
22,38,40,12,0,2,1,0,3,2,2,0,36.6,69.4,71.5,21.6
1,69,49,101,1,0,1,3,0,3,0,2,3.3,121.2,89.7,184.3
52,70,5,26,3,3,2,2,2,3,2,1,96.10000000000001,127.5,10.0,48.800000000000004
62,42,18,59,0,2,2,2,2,1,2,2,109.60000000000001,77.60000000000001,33.4,107.2
1,34,156,32,1,1,2,2,0,1,1,0,3.3,61.7,282.8,60.6
55,93,54,6,1,3,3,0,2,0,2,3,98.5,171.9,99.7,7.800000000000001
44,50,31,17,2,0,1,0,1,0,2,1,81.2,90.0,55.300000000000004,29.6
157,2,35,5,2,2,0,2,0,0,0,3,285.6,6.6,63.0,9.0
148,13,8,124,0,1,3,2,3,3,3,1,263.40000000000003,21.900000000000002,15.899999999999999,225.20000000000002
37,114,48,11,0,1,3,1,0,3,2,3,66.60000000000001,203.70000000000002,88.9,18.3
57,5,106,116,3,3,1,1,0,2,3,2,107.10000000000001,11.5,189.3,208.3
0,65,35,60,0,2,2,0,0,0,3,1,0.0,120.0,63.0,107.0
86,28,42,6,3,3,3,1,3,3,3,2,156.3,51.9,77.10000000000001,10.3
42,36,63,12,0,2,1,2,1,0,0,0,74.60000000000001,67.8,114.9,24.6
19,57,166,63,2,0,0,1,2,0,0,0,35.2,102.60000000000001,298.8,114.9
29,38,67,65,3,0,2,1,2,2,1,1,54.7,66.4,122.60000000000001,117.5
36,28,56,18,0,1,3,3,0,2,2,3,64.8,49.9,103.3,33.9
8,13,5,9,3,0,0,1,0,3,1,3,18.9,20.400000000000002,8.0,14.7
5,20,49,36,1,0,2,0,2,3,0,2,8.5,33.0,91.2,62.8
37,64,103,18,0,3,0,3,1,1,2,2,65.60000000000001,118.7,183.4,34.9
43,27,55,54,0,3,3,1,0,0,0,3,77.4,53.1,103.5,95.7
110,23,22,48,1,0,3,0,2,2,2,1,197.5,39.4,42.1,85.4
4,30,198,13,1,1,1,3,0,1,3,3,8.7,54.5,354.90000000000003,24.900000000000002
167,59,57,69,1,3,2,1,2,0,0,2,300.1,110.7,105.60000000000001,123.7
23,57,4,29,0,2,1,1,3,2,0,3,38.4,103.60000000000001,8.7,50.7
9,29,50,62,0,0,1,3,0,1,0,2,16.2,51.2,91.5,114.10000000000001
160,2,58,178,0,0,0,1,1,0,1,2,287.0,3.6,103.4,319.90000000000003
178,47,9,25,0,0,2,3,3,1,0,0,317.40000000000003,83.60000000000001,19.2,49.5
68,24,60,40,0,3,1,1,2,2,1,1,120.4,45.7,108.5,72.5
191,59,51,57,3,1,3,2,0,1,1,1,348.3,106.7,95.3,104.60000000000001
66,42,68,1,1,1,2,2,1,0,2,3,119.3,77.10000000000001,123.4,1.7999999999999998
96,13,56,46,0,3,3,3,1,0,0,2,171.8,27.900000000000002,105.3,85.3
2,107,71,158,2,0,0,1,0,0,3,3,6.6,192.6,124.8,282.90000000000003
52,8,35,144,1,3,3,0,0,0,1,3,95.10000000000001,18.9,66.5,256.2
163,16,60,47,3,0,0,1,3,1,1,0,294.90000000000003,27.8,107.0,86.10000000000001
68,57,44,160,2,3,2,0,2,0,2,1,123.4,107.10000000000001,80.2,287.0
75,172,10,8,3,0,3,2,1,2,3,1,138.5,307.6,19.5,16.4
31,51,41,38,1,0,0,2,2,0,0,1,55.300000000000004,91.8,73.8,70.4
28,45,16,88,3,0,1,0,2,1,3,1,52.9,80.0,27.3,157.4
68,12,104,37,3,1,2,2,1,2,1,3,125.9,21.1,189.20000000000002,66.60000000000001
93,102,65,47,1,1,1,0,0,1,3,1,168.9,184.1,115.5,83.60000000000001
30,109,44,13,2,3,2,0,1,2,2,2,56.0,198.70000000000002,80.2,21.400000000000002
36,32,5,4,1,3,3,0,1,1,2,2,65.3,61.1,11.5,5.2
166,60,39,44,0,1,0,3,3,1,0,2,295.8,108.5,70.2,81.7
23,62,30,68,1,1,2,2,1,3,0,0,41.9,110.10000000000001,57.0,125.4
40,3,45,26,3,3,0,2,2,2,2,0,74.5,7.9,79.0,49.800000000000004
26,35,6,97,0,2,3,0,3,0,1,0,43.800000000000004,66.0,14.3,174.6
62,16,14,2,0,0,0,2,3,0,1,3,108.60000000000001,28.8,24.2,3.5999999999999996
55,44,33,13,2,1,0,1,3,3,1,3,99.0,77.7,58.4,21.900000000000002
141,98,16,38,2,3,1,1,3,1,0,1,253.8,179.9,30.3,68.9
49,88,26,92,3,3,0,3,2,3,1,0,90.7,159.9,45.800000000000004,170.1
164,54,18,39,3,3,0,3,0,2,3,0,299.7,99.7,29.4,74.7
61,5,32,65,2,3,1,2,3,0,1,1,109.8,13.5,58.1,119.0
10,46,155,15,1,3,0,2,3,0,2,2,16.5,87.3,277.0,28.0
163,30,26,31,0,1,2,1,1,0,2,3,292.40000000000003,55.5,47.800000000000004,54.300000000000004
56,40,9,36,0,0,2,1,3,2,1,1,97.8,70.0,18.2,65.3
61,33,123,177,2,2,1,0,1,2,0,2,111.8,60.4,222.9,316.6
52,35,81,22,0,2,1,3,1,3,0,2,92.60000000000001,63.0,147.3,42.1
62,66,51,66,1,1,2,2,1,0,3,2,112.10000000000001,120.3,91.8,119.8
0,60,44,2,1,0,3,0,0,3,0,3,0.0,105.0,83.7,0.6000000000000001
68,8,171,40,2,1,3,1,3,0,3,2,122.4,15.9,309.3,71.5
55,168,44,11,2,1,2,2,1,1,3,2,101.0,302.90000000000003,79.2,20.8
88,66,183,84,0,1,3,3,3,2,3,1,155.4,118.3,330.90000000000003,154.70000000000002
23,35,8,11,2,0,2,1,2,0,3,3,42.4,63.0,14.399999999999999,18.3
2,16,56,24,0,3,2,2,3,0,2,1,0.6000000000000001,33.3,101.8,45.2
21,54,61,57,2,3,2,1,3,2,1,2,37.800000000000004,99.7,111.8,102.10000000000001
34,21,64,196,0,0,2,2,1,1,0,3,60.2,36.800000000000004,118.2,352.8
0,65,43,134,3,2,2,1,0,3,0,3,0.0,117.0,80.4,239.70000000000002
13,49,62,7,3,2,3,0,3,0,3,0,24.900000000000002,91.2,113.10000000000001,12.6
95,167,53,7,2,2,1,3,1,3,2,1,173.0,300.6,94.9,16.1
196,54,66,48,2,1,1,3,2,0,3,1,353.8,98.7,117.3,89.9
65,81,33,54,2,3,2,3,1,3,2,2,119.0,147.3,60.4,99.7
184,191,8,10,1,3,3,3,3,3,3,3,329.7,345.3,15.899999999999999,19.5
30,90,61,6,0,0,1,0,0,1,1,0,54.0,161.0,110.3,10.8
63,175,162,54,0,2,3,0,0,3,3,3,113.4,315.0,293.1,94.2
53,159,129,1,2,0,3,0,2,1,0,3,96.4,285.2,236.70000000000002,0.0
43,64,92,109,3,2,1,3,0,1,1,2,81.9,117.2,166.1,198.70000000000002
8,8,30,112,0,2,0,3,1,2,0,0,13.4,15.399999999999999,54.0,206.1
121,46,10,67,3,0,0,1,3,2,2,0,219.3,80.8,16.0,122.10000000000001
26,8,30,196,1,1,3,1,1,1,0,0,47.300000000000004,14.9,58.5,354.3
16,42,32,173,0,0,3,1,2,2,3,3,26.8,73.60000000000001,59.1,309.90000000000003
47,1,58,43,3,3,2,2,1,0,3,3,88.10000000000001,6.3,104.4,77.4
34,59,17,56,3,2,0,3,1,0,3,2,64.7,109.2,27.6,103.3
99,2,2,19,0,0,3,2,0,2,2,2,178.20000000000002,1.6,6.1,35.2
36,27,1,60,2,3,3,0,0,3,2,1,67.8,50.1,4.3,107.0
15,91,22,66,1,1,3,0,1,1,1,2,27.5,164.3,43.1,116.8
20,18,64,14,1,0,1,1,3,0,0,2,34.5,32.4,116.7,24.7
56,52,0,44,0,3,2,1,1,2,0,0,99.8,96.10000000000001,0.0,80.7
26,35,152,103,2,2,0,1,3,0,3,0,46.800000000000004,66.0,270.6,186.9
37,162,94,17,1,0,1,1,1,1,2,1,67.10000000000001,290.6,168.70000000000002,31.1
98,3,26,1,3,0,3,2,1,0,2,2,179.9,5.4,49.300000000000004,2.8
88,18,23,186,3,3,3,1,2,2,2,1,160.9,34.9,43.9,335.3
68,76,59,13,2,3,0,3,1,1,2,2,124.4,140.3,104.2,25.900000000000002
198,22,55,24,1,0,1,0,3,3,2,2,354.90000000000003,36.6,98.5,41.2
83,39,10,26,3,0,0,1,0,2,0,0,153.9,68.2,18.0,48.300000000000004
4,11,3,33,3,3,0,3,0,3,0,2,11.7,21.3,5.4,61.9
182,153,44,35,3,2,3,3,3,1,0,2,329.1,277.40000000000003,83.7,65.5
38,63,181,81,0,3,3,1,2,0,0,3,66.4,117.9,330.3,144.3
67,91,166,41,2,0,2,2,0,1,3,1,123.60000000000001,162.8,298.8,75.8
69,29,40,70,3,1,0,0,1,0,1,3,127.69999999999999,53.7,71.0,123.0
64,20,47,17,1,2,0,0,2,3,0,0,114.7,36.0,84.60000000000001,30.6
52,19,50,68,1,0,3,0,1,3,1,0,94.10000000000001,31.200000000000003,93.5,122.4
44,11,59,27,3,0,2,0,3,1,3,2,80.7,18.8,106.2,46.6
25,19,8,1,3,3,3,2,3,2,2,0,46.5,36.7,16.9,4.8
15,26,26,40,1,0,1,0,1,1,3,2,27.5,45.800000000000004,45.300000000000004,70.0
72,1,43,66,3,2,3,1,0,1,1,3,134.1,3.8,80.9,117.3
65,26,55,94,2,3,2,1,2,1,1,1,118.0,50.300000000000004,101.0,169.70000000000002
63,34,7,80,3,1,2,3,1,3,0,2,116.9,59.7,15.6,146.5
4,100,156,48,1,3,0,3,0,0,3,0,8.7,184.5,277.8,90.9
3,70,65,50,2,0,3,1,2,0,0,2,6.4,126.0,121.5,89.5
67,66,13,15,2,0,3,2,1,1,3,0,122.60000000000001,117.8,24.900000000000002,30.0
90,26,63,53,1,1,1,3,1,3,2,0,162.5,45.300000000000004,112.9,99.9
63,3,102,35,0,2,1,2,3,3,2,2,110.4,5.4,183.1,64.0
60,44,20,8,1,0,1,1,0,3,2,1,109.5,76.2,35.5,14.9
63,21,67,15,3,3,3,0,0,0,2,1,117.9,42.300000000000004,123.10000000000001,26.0
62,37,74,63,2,1,0,2,1,2,3,0,113.60000000000001,66.10000000000001,130.20000000000002,116.4
53,113,110,82,1,2,2,2,3,1,0,3,93.9,205.4,201.0,147.6
52,46,32,115,3,2,0,1,2,2,2,1,96.10000000000001,83.8,55.6,207.5
2,64,43,61,2,1,3,3,0,1,0,3,6.6,115.7,81.9,111.3
54,42,29,32,2,3,0,3,3,2,3,2,97.2,78.10000000000001,49.2,60.1
85,64,32,3,3,3,2,0,0,1,0,0,157.5,118.7,60.6,5.4
196,3,83,29,3,0,1,2,3,0,3,3,354.3,5.4,147.9,52.2
46,158,112,20,0,2,2,0,2,3,1,0,80.8,284.40000000000003,203.6,36.0
2,148,68,15,1,0,0,0,2,2,0,0,3.0999999999999996,264.40000000000003,122.4,27.0
3,6,113,20,0,2,3,2,3,2,2,2,2.4000000000000004,11.8,205.9,37.0
189,157,159,8,0,0,1,2,1,0,0,3,339.2,282.6,287.7,14.399999999999999
103,33,18,45,2,0,0,1,2,1,1,0,186.4,58.4,31.4,82.5
68,30,70,22,2,2,3,3,2,1,3,1,123.4,56.0,127.5,43.1
1,26,13,101,2,1,1,0,1,3,3,2,3.8,45.300000000000004,21.900000000000002,179.8
118,65,3,15,2,2,1,1,2,2,0,2,213.4,118.0,6.9,26.5
18,32,13,170,0,1,1,2,1,3,2,3,31.4,56.1,22.900000000000002,306.0
47,26,164,47,1,1,2,2,3,3,0,1,83.10000000000001,45.300000000000004,298.2,86.60000000000001
70,7,170,25,3,2,3,1,0,3,3,1,130.5,12.6,307.5,45.5
44,22,196,28,3,3,2,1,3,1,0,2,80.7,43.1,355.8,49.9
65,184,40,12,1,3,3,1,3,0,3,3,115.5,335.7,73.5,20.1
46,23,47,67,3,1,3,3,2,2,1,2,85.3,40.9,88.10000000000001,123.10000000000001
62,63,46,48,3,2,3,3,3,2,2,1,113.10000000000001,114.4,85.3,89.9
15,59,50,18,3,1,0,1,3,2,1,1,28.5,105.7,89.0,32.9
19,10,61,4,0,2,0,1,2,3,3,1,32.2,18.0,106.8,7.699999999999999
22,35,14,43,2,0,2,2,1,0,2,1,41.6,63.0,26.2,79.4
18,22,87,132,3,1,3,2,0,0,1,1,36.9,41.1,160.1,239.6
126,29,45,69,3,0,2,0,1,2,0,1,230.3,50.2,84.0,123.2
34,3,58,199,3,3,3,3,3,2,0,3,62.7,7.9,108.9,359.7
29,40,86,55,1,1,1,3,3,0,0,3,50.7,73.5,156.3,100.5
113,21,43,127,0,1,0,1,1,2,2,2,202.4,37.300000000000004,75.4,228.1
157,200,53,57,3,0,1,3,1,3,3,3,286.1,357.0,93.9,104.10000000000001
165,38,121,64,1,2,2,2,3,2,1,3,295.5,69.4,219.8,115.2
58,64,72,97,0,1,3,3,1,0,1,1,103.4,116.7,133.1,178.1
151,2,66,39,2,0,1,0,0,1,0,3,274.8,2.6,120.3,67.2
174,6,15,53,0,2,0,0,1,3,1,3,312.2,10.8,26.0,92.4
5,20,38,82,2,2,0,2,0,0,3,3,12.0,39.0,65.4,147.6
63,37,71,41,3,1,2,0,0,2,1,1,117.9,66.10000000000001,129.8,72.8
48,165,136,11,2,2,0,1,0,1,1,2,89.4,299.0,243.8,19.3
58,98,56,2,0,1,2,3,2,2,0,2,102.4,175.9,103.8,6.1
10,21,21,26,2,1,2,3,1,3,0,3,20.0,36.300000000000004,40.800000000000004,48.300000000000004
66,64,104,37,1,0,1,0,3,3,0,0,117.3,112.2,188.70000000000002,66.60000000000001
54,131,15,67,3,3,0,0,3,0,2,3,98.7,240.3,25.0,117.60000000000001
50,36,45,2,2,3,1,0,3,1,3,0,90.0,68.3,79.5,3.6
14,79,52,0,1,2,1,0,1,2,1,0,25.7,143.20000000000002,94.10000000000001,0.0
40,65,46,50,1,3,1,3,3,1,2,1,70.5,120.5,82.3,93.5
145,119,185,5,1,0,3,1,1,3,2,2,261.5,211.20000000000002,335.5,8.5
167,64,104,60,2,0,2,2,1,1,2,2,302.6,114.2,188.20000000000002,109.0
112,69,7,57,0,1,0,1,1,0,2,1,200.6,125.7,10.6,103.10000000000001
59,26,22,64,0,2,2,2,0,3,2,2,106.2,46.800000000000004,40.6,116.2
1,23,46,183,1,0,1,2,1,2,1,3,2.3,39.4,83.3,329.40000000000003
66,18,53,16,3,2,3,0,0,2,1,1,123.3,33.4,98.9,27.8
112,61,14,61,1,3,1,2,0,3,1,0,203.1,111.3,25.7,112.8
63,4,55,4,2,1,2,3,3,1,1,1,113.4,7.699999999999999,101.0,10.7
60,43,60,72,0,3,1,3,2,3,0,1,106.0,78.9,109.5,133.1
54,14,34,43,1,1,2,1,0,3,1,0,98.7,23.7,63.2,78.9
119,186,55,0,1,2,2,3,2,1,1,1,213.70000000000002,336.8,101.0,0.0
30,13,86,33,2,0,3,1,1,2,1,0,56.0,21.400000000000002,158.3,60.9
92,58,46,171,1,1,3,1,1,0,2,0,166.1,105.9,85.3,309.3
182,0,44,175,3,2,3,2,0,0,1,1,332.1,0.0,82.7,317.0
67,154,20,7,3,3,1,2,3,1,2,0,122.10000000000001,280.7,35.5,15.6
110,121,40,180,2,1,0,3,3,0,1,2,198.0,219.3,71.0,326.5
149,43,44,5,3,3,1,3,0,3,2,0,272.7,78.9,78.7,13.5
66,40,42,37,3,2,3,0,2,1,0,0,121.3,74.0,80.10000000000001,66.60000000000001
81,14,1,22,0,2,3,0,2,0,0,1,143.8,28.2,6.3,38.6
172,22,36,5,3,0,1,3,3,3,0,0,311.1,36.6,66.3,13.5
3,164,35,65,1,3,0,3,1,2,3,3,5.9,297.7,60.0,118.5
7,60,0,55,3,0,3,3,2,0,0,3,15.100000000000001,108.0,0.0,100.5
67,49,47,42,0,1,1,1,1,1,3,2,119.60000000000001,88.7,83.10000000000001,75.10000000000001
69,144,35,27,2,1,2,1,3,3,2,1,124.2,257.7,64.0,49.1
65,87,43,14,3,3,0,2,2,0,3,0,119.5,161.1,74.4,28.2
20,142,26,95,3,3,1,3,1,2,1,1,39.5,258.1,47.300000000000004,174.5
11,9,19,40,0,1,1,3,3,2,2,3,16.8,15.7,33.7,73.5
45,195,0,36,0,3,1,3,2,1,2,0,79.0,354.5,0.0,69.3
184,22,128,171,2,1,0,2,1,1,2,0,333.2,40.1,228.4,310.8
11,3,158,52,3,3,2,3,1,0,0,0,23.3,9.9,287.40000000000003,98.10000000000001
0,62,39,3,1,2,3,3,2,1,0,0,0.0,113.60000000000001,74.7,9.9
16,189,7,17,2,1,1,0,0,2,0,3,31.8,339.7,14.1,27.6
34,28,60,69,1,2,0,1,1,1,1,3,61.7,52.4,107.0,122.7
37,68,91,18,0,1,3,1,0,2,3,2,66.60000000000001,121.9,165.3,31.9
26,28,177,53,1,3,3,1,0,2,3,2,48.300000000000004,52.9,320.1,94.9
110,56,70,78,0,0,0,1,2,2,3,3,196.0,98.8,123.0,138.9
17,109,0,24,3,3,1,2,0,3,3,2,35.1,197.70000000000002,0.0,44.2
65,4,48,59,0,1,0,1,1,2,3,3,116.0,6.699999999999999,83.4,104.7
132,3,31,40,0,1,3,3,2,0,1,1,235.6,6.9,59.300000000000004,75.5
4,58,46,30,3,3,0,2,1,2,0,3,10.7,106.9,82.8,54.0
67,1,56,57,1,1,0,0,2,3,3,2,120.10000000000001,0.2999999999999998,97.8,100.60000000000001
1,25,41,84,3,1,3,3,0,1,0,2,6.3,45.5,78.3,153.70000000000002
182,50,10,9,3,2,3,3,1,2,0,1,331.1,91.0,22.5,19.7
46,48,5,60,2,1,1,3,2,2,1,2,83.8,85.9,9.5,110.5
41,23,12,21,3,2,3,2,3,2,3,2,75.3,42.4,23.1,38.800000000000004
48,54,27,56,2,1,2,2,2,0,1,3,87.4,98.7,50.6,100.8
70,53,18,56,3,0,1,2,3,0,3,3,127.5,95.4,30.9,100.8
17,152,51,144,3,3,3,0,1,3,3,3,34.1,275.1,93.3,256.2
51,8,6,10,0,2,2,1,3,2,0,1,88.8,15.399999999999999,13.8,18.5
11,30,16,38,2,0,2,0,2,3,1,0,20.8,51.0,30.8,68.4
47,43,48,176,0,3,2,3,2,3,3,3,82.60000000000001,78.9,86.4,318.3
178,45,67,62,3,0,1,1,3,0,2,1,321.90000000000003,81.0,120.10000000000001,112.10000000000001
65,17,125,26,1,2,0,0,3,1,1,3,115.5,32.6,224.0,43.800000000000004
101,3,49,66,2,0,3,1,2,3,3,1,182.8,2.4000000000000004,89.7,119.3
12,80,14,7,3,2,1,0,1,3,2,1,25.1,144.0,24.7,11.6
108,3,45,9,2,0,1,2,0,3,2,1,197.4,2.4000000000000004,80.5,18.2
42,24,25,11,1,0,0,1,0,3,3,2,77.10000000000001,40.2,42.0,19.3
3,173,33,64,1,3,2,0,1,0,1,0,5.9,315.90000000000003,61.4,115.2
43,130,31,61,1,3,3,2,1,2,2,1,77.9,236.5,58.300000000000004,111.8
61,154,100,45,1,1,3,2,3,3,1,1,108.3,275.7,183.5,83.0
51,187,21,18,0,2,0,1,3,1,2,0,88.8,338.6,35.800000000000004,33.9
176,184,85,166,2,2,1,2,3,3,0,2,316.8,331.2,154.5,299.8
26,7,19,21,0,1,2,2,3,2,0,0,43.800000000000004,12.1,37.2,40.800000000000004
88,187,50,43,2,3,3,3,3,2,2,2,158.4,339.1,92.5,79.9
65,28,133,61,1,2,3,0,1,1,0,0,117.5,52.4,243.9,109.8
8,42,61,40,1,3,2,3,2,1,1,3,13.9,79.10000000000001,111.8,73.5
61,50,67,5,2,0,3,1,1,2,1,3,111.8,88.0,124.10000000000001,7.5
10,124,69,6,3,2,1,1,2,1,1,3,20.5,225.20000000000002,124.7,9.3
22,146,52,67,1,0,3,0,3,0,3,0,38.1,262.8,95.10000000000001,120.60000000000001
75,31,19,26,1,0,3,1,1,0,2,3,135.5,55.800000000000004,36.7,45.300000000000004
26,44,34,42,2,2,1,0,1,1,3,0,48.800000000000004,81.2,59.7,75.60000000000001
40,0,1,135,3,0,2,2,2,3,0,0,74.5,0.0,4.8,246.0
43,6,47,56,0,0,0,3,2,1,3,2,75.4,9.8,81.60000000000001,103.3
2,22,24,76,0,1,1,0,2,0,3,0,1.6,41.1,41.7,136.8
4,40,136,11,1,0,2,0,2,2,1,2,6.699999999999999,70.0,246.8,17.8
13,25,45,35,1,2,0,3,3,1,3,0,21.900000000000002,47.0,78.0,67.5
188,10,165,11,3,3,3,0,0,0,1,0,342.90000000000003,22.5,300.5,19.8
13,57,59,28,2,0,3,1,0,1,1,3,26.400000000000002,101.60000000000001,109.7,48.9
5,143,32,30,0,3,3,2,3,3,1,1,6.0,258.90000000000003,61.1,56.0
53,57,58,52,0,1,3,1,2,3,0,1,93.4,101.10000000000001,108.9,94.10000000000001
48,9,51,27,0,0,2,3,2,1,2,1,84.4,15.2,92.8,52.1
136,64,32,13,1,0,2,3,2,3,2,2,244.3,112.2,58.6,25.900000000000002
60,56,60,14,1,3,0,3,0,3,0,0,109.5,102.3,108.0,29.7
41,14,61,3,1,0,0,1,2,3,1,2,73.3,22.2,108.8,4.9
61,142,8,23,1,3,0,3,3,2,2,0,108.3,258.1,12.4,45.9
30,43,55,48,1,3,0,2,3,3,1,2,52.5,78.9,98.0,87.4
111,5,8,78,2,2,3,3,2,2,2,3,200.8,10.0,16.9,141.9
42,35,1,1,0,2,2,3,2,1,1,2,73.60000000000001,65.0,3.8,4.3
35,73,31,100,2,3,1,3,3,0,1,0,63.0,135.9,56.300000000000004,184.5
60,139,68,159,1,3,3,0,0,0,3,2,109.5,254.70000000000002,123.9,284.2
49,172,40,13,0,2,0,0,3,2,0,2,85.2,310.6,72.0,21.400000000000002
26,2,111,17,2,3,0,0,3,3,1,2,46.800000000000004,5.1,198.8,28.6
14,29,59,6,0,3,0,1,2,0,0,3,23.2,56.7,106.2,9.3
64,66,50,132,2,2,2,2,2,1,1,2,116.2,120.8,92.0,238.6
25,125,1,3,3,3,3,0,2,1,3,2,47.5,228.5,3.3,3.4000000000000004
85,26,197,41,0,0,1,2,2,3,2,3,151.0,43.800000000000004,354.1,73.8
36,8,27,52,2,3,2,0,0,2,3,3,67.8,16.9,48.6,90.60000000000001
60,50,79,56,2,2,2,3,2,0,1,1,109.0,93.0,144.20000000000002,104.3
30,23,52,61,0,2,1,0,2,1,3,2,52.0,43.4,92.10000000000001,107.8
0,170,52,64,3,0,3,2,2,2,3,3,0.0,304.0,95.10000000000001,115.2
70,44,1,53,0,2,3,0,2,3,2,3,124.0,79.2,4.3,92.4
13,58,55,187,0,1,2,1,1,1,3,2,22.400000000000002,104.9,99.0,336.1
64,42,26,42,2,3,3,2,2,2,2,1,116.2,78.10000000000001,49.300000000000004,77.60000000000001
32,3,55,125,0,2,0,0,1,2,2,1,56.6,6.4,97.0,224.0
54,43,60,16,2,3,1,1,3,2,3,1,97.2,79.9,106.5,29.3
196,45,16,98,3,2,3,3,3,1,1,1,354.3,83.0,32.3,179.9
50,10,61,49,0,3,2,3,0,0,1,0,90.0,22.5,111.8,92.7
11,56,59,148,1,1,3,3,3,0,1,2,18.3,102.3,109.7,268.90000000000003
66,112,14,31,0,3,2,1,0,1,3,1,118.8,205.1,25.2,56.300000000000004
10,26,38,128,0,0,2,2,1,0,1,0,17.0,46.800000000000004,70.4,233.4
69,32,60,50,1,0,1,2,1,3,3,1,124.7,54.6,106.5,92.0
36,38,8,48,2,2,0,1,2,0,2,1,65.8,71.4,12.4,86.9
13,9,46,10,1,0,3,2,3,2,0,2,21.900000000000002,14.2,87.3,19.0
36,65,32,50,0,3,0,0,1,3,2,2,63.8,118.5,55.6,88.0
69,117,65,35,1,3,1,2,0,0,3,2,125.7,215.1,115.5,64.0
12,69,65,14,0,0,0,2,0,1,0,3,21.6,123.2,117.0,25.2
61,34,48,23,1,2,1,0,2,2,2,3,109.3,62.2,85.9,38.4
71,70,62,32,1,1,3,0,3,0,3,0,126.30000000000001,127.5,113.10000000000001,57.6
11,57,29,45,1,3,2,3,0,1,2,1,21.3,106.10000000000001,53.2,84.5
25,20,67,9,3,1,1,3,0,0,0,1,49.5,37.5,122.10000000000001,19.7
10,3,40,23,0,1,3,1,1,3,2,1,17.0,3.9000000000000004,74.5,41.9
36,48,46,14,3,3,0,0,1,0,3,2,68.3,90.9,79.8,23.2
51,23,68,29,3,2,0,2,1,2,3,3,95.3,42.4,119.4,52.2
46,7,106,34,2,3,0,0,3,2,0,3,82.8,15.100000000000001,190.8,58.2
67,12,7,22,1,3,3,1,3,3,3,2,119.10000000000001,23.1,14.100000000000001,39.1
16,58,47,20,1,3,1,3,1,1,3,2,29.3,107.9,83.10000000000001,38.5
70,41,39,91,3,0,3,0,2,0,3,3,128.5,73.8,71.7,160.8
158,35,33,60,0,2,1,1,1,3,3,3,283.40000000000003,63.0,57.9,106.5
53,32,68,17,2,3,2,1,1,3,1,3,97.4,59.1,124.4,29.1
48,22,168,12,1,0,1,0,3,0,0,1,84.9,39.6,303.90000000000003,20.6
13,69,65,36,3,0,3,0,2,0,1,2,25.900000000000002,124.2,120.5,62.8
63,11,22,37,2,3,0,3,2,2,3,0,114.4,22.3,36.6,71.10000000000001
42,14,41,1,0,0,0,1,0,1,3,1,75.60000000000001,24.2,70.8,2.3
50,43,69,62,0,2,0,3,3,2,1,1,87.0,78.4,123.2,115.10000000000001
87,62,43,136,0,3,1,0,3,0,2,1,153.6,116.10000000000001,76.9,243.8
180,42,184,21,0,0,0,0,0,0,0,1,324.0,75.60000000000001,331.2,36.800000000000004
181,30,3,49,2,1,3,3,1,2,0,1,327.8,53.5,9.9,91.7
176,66,38,78,1,0,2,3,1,2,0,1,317.3,116.8,71.4,143.9
38,39,37,5,0,3,0,3,1,0,2,3,67.4,74.7,64.60000000000001,10.5
12,62,23,1,1,0,2,2,2,3,1,0,21.1,108.60000000000001,43.4,4.8
166,61,2,56,0,1,2,0,2,3,2,3,296.8,108.3,4.6,97.8
52,14,4,69,1,0,3,0,2,0,2,0,93.10000000000001,25.2,9.7,124.2
74,106,83,173,1,0,3,0,1,2,1,3,133.70000000000002,188.8,152.9,308.40000000000003
58,7,21,54,2,2,1,1,1,1,0,3,106.4,14.6,39.300000000000004,95.7
26,33,11,0,2,2,1,0,1,3,1,0,48.800000000000004,59.4,20.3,0.0
48,18,14,52,0,1,1,0,2,3,1,3,84.4,30.9,25.7,90.60000000000001
23,20,1,66,2,2,3,3,2,0,1,3,42.4,39.0,5.3,120.3
17,26,30,28,2,3,1,1,2,2,0,0,31.6,49.300000000000004,55.5,51.9
60,40,58,70,0,1,3,2,3,1,3,2,105.0,72.5,105.9,127.0
41,60,27,5,0,3,0,3,3,0,3,2,70.8,112.5,45.6,11.5
9,163,27,42,1,1,1,0,1,1,1,3,16.7,293.90000000000003,49.1,72.60000000000001
10,8,70,3,3,0,3,2,3,3,0,0,19.5,11.4,130.5,8.4
61,142,49,67,1,2,1,1,0,0,2,0,111.3,258.6,87.7,122.10000000000001
52,47,2,7,3,3,3,3,0,2,2,0,98.10000000000001,87.10000000000001,6.1,17.1
37,123,96,40,3,0,2,0,3,2,2,2,68.10000000000001,219.4,173.8,70.0
73,151,4,49,3,3,3,3,3,1,3,0,132.9,275.3,8.7,92.7
42,22,36,87,2,2,0,0,0,2,2,1,78.60000000000001,40.6,62.8,155.6
65,70,92,42,2,0,2,0,3,0,2,0,117.0,126.0,166.6,75.60000000000001
154,30,55,47,3,2,0,2,0,2,2,1,281.7,55.0,97.0,86.60000000000001
33,59,43,127,1,0,0,2,2,2,2,3,58.9,104.2,75.4,228.6
66,16,153,95,2,2,1,2,3,3,2,3,118.8,28.8,274.90000000000003,171.0
4,36,8,67,0,0,3,0,1,1,2,3,6.2,63.8,16.9,117.60000000000001
51,77,41,53,0,1,2,3,0,0,3,3,91.8,140.1,73.8,96.9
23,4,58,57,1,2,3,2,1,0,1,0,41.9,10.2,107.9,105.60000000000001
26,10,116,49,3,1,0,1,3,2,1,3,48.300000000000004,17.5,207.8,86.7
45,189,58,15,0,3,3,2,0,0,1,3,81.0,344.7,107.9,27.0
20,51,54,187,0,3,3,2,1,0,1,3,35.0,96.3,100.7,336.6
57,7,6,157,0,0,2,1,0,3,0,1,102.60000000000001,9.6,13.8,283.1
51,14,137,30,0,2,0,2,0,3,1,2,91.8,25.2,245.6,55.0
56,53,63,26,0,1,0,2,3,2,0,0,97.8,94.9,113.4,49.800000000000004
59,19,57,69,3,1,1,1,3,0,2,3,107.7,35.7,102.10000000000001,122.7
26,23,36,160,1,2,2,3,3,1,3,0,45.300000000000004,43.4,64.8,292.5
45,60,24,39,3,1,2,0,0,3,3,0,85.5,106.5,43.2,70.2
42,56,34,14,3,1,1,2,0,1,1,1,80.10000000000001,101.3,61.7,27.2
198,5,195,169,1,3,2,0,3,3,1,1,354.90000000000003,10.5,353.0,303.2
66,70,7,118,1,3,2,0,0,1,2,0,120.3,129.5,13.6,212.4
70,53,3,71,0,0,1,2,2,3,3,1,124.0,92.4,3.9000000000000004,129.8
37,155,54,51,3,2,3,1,0,3,0,3,71.10000000000001,279.0,101.7,90.3
50,50,2,68,0,1,2,2,2,3,2,2,88.0,88.5,4.6,123.4
159,167,26,18,1,3,0,3,0,3,1,2,287.7,302.1,45.800000000000004,34.9
25,57,197,3,3,3,0,2,1,2,1,1,48.5,105.10000000000001,353.6,7.4
61,50,15,44,3,0,2,0,3,0,0,0,111.3,90.0,30.0,79.2
61,63,10,18,3,1,1,3,2,3,3,3,112.3,111.9,16.5,33.9
45,177,18,20,2,3,1,3,3,2,1,1,81.0,321.1,32.9,39.5
17,38,26,4,2,1,3,0,1,2,3,1,32.6,67.9,48.300000000000004,6.2
38,69,33,20,3,3,0,3,2,2,0,0,70.9,126.69999999999999,59.4,40.5
44,40,141,65,3,3,0,2,0,0,0,1,83.7,76.5,253.8,119.0
86,58,2,39,1,0,1,0,0,0,3,0,156.3,104.4,2.0999999999999996,70.2
27,68,43,55,3,3,1,0,2,3,3,2,51.1,123.9,75.9,97.0
56,52,70,21,1,2,3,1,3,0,3,3,99.3,96.60000000000001,127.5,36.300000000000004
145,63,36,2,1,3,3,0,1,3,3,0,261.5,114.9,66.3,3.6
43,142,3,40,2,3,2,2,0,1,2,1,80.4,259.1,6.4,74.0
8,125,47,41,2,3,2,1,2,0,1,1,15.399999999999999,229.5,86.60000000000001,74.3
24,32,112,34,3,0,3,2,2,1,3,1,45.7,56.6,203.1,63.2
46,5,13,10,0,2,2,1,2,1,0,1,80.8,11.0,26.400000000000002,18.5
108,44,28,193,0,0,2,0,3,3,2,1,191.4,76.2,51.4,346.40000000000003
10,144,47,47,2,2,0,0,1,0,2,2,20.0,262.2,82.60000000000001,82.60000000000001
23,17,58,28,3,3,0,2,2,1,2,0,43.9,34.1,102.4,53.4
44,37,145,4,3,3,1,3,1,3,0,1,82.7,68.10000000000001,262.5,10.7
69,90,3,187,3,0,1,3,0,1,3,2,128.7,161.0,3.9000000000000004,339.1
55,35,49,53,2,0,1,0,1,2,1,2,101.0,61.0,88.7,93.4
104,0,178,65,0,3,1,0,3,0,3,0,184.20000000000002,0.0,318.90000000000003,117.0
32,44,55,48,1,2,0,2,3,1,1,3,56.1,81.2,98.0,86.4
54,38,112,69,3,1,2,1,3,0,0,3,98.7,69.9,204.6,122.7
173,11,74,50,2,1,2,1,2,0,1,3,312.40000000000003,21.3,135.20000000000002,88.5
42,82,24,14,2,3,2,3,1,2,2,0,77.60000000000001,150.1,44.2,29.7
62,58,54,10,1,0,3,3,1,3,0,1,112.10000000000001,101.4,101.7,21.5
66,58,21,40,0,3,2,2,3,0,2,1,115.8,108.9,38.800000000000004,74.0
29,61,21,16,1,1,3,2,0,0,1,3,53.7,111.3,41.300000000000004,28.8
10,57,29,86,1,2,0,3,2,1,0,2,17.5,104.60000000000001,52.2,157.3
130,47,70,33,0,2,1,0,2,2,2,0,232.0,85.60000000000001,125.5,59.4
34,39,110,107,2,3,1,1,0,2,1,0,64.2,72.7,198.5,194.1
70,23,21,66,3,0,0,2,2,1,2,0,128.5,40.4,35.800000000000004,121.8
44,2,56,36,0,2,1,0,0,3,3,1,79.2,3.5999999999999996,99.3,63.8
30,86,22,122,3,0,1,1,0,1,2,2,58.5,153.8,39.1,219.1
40,39,200,170,0,1,1,1,2,1,2,1,70.0,70.7,359.5,306.5
8,27,50,48,2,1,0,3,0,3,0,2,17.4,47.1,90.0,88.9
5,50,66,27,3,2,3,3,1,3,3,2,12.5,90.0,120.3,51.1
44,6,45,11,3,0,0,2,0,0,3,2,83.7,10.8,78.0,20.8
1,19,37,58,3,1,2,2,1,3,3,0,5.3,32.7,66.60000000000001,107.4
5,66,36,38,3,0,2,2,1,3,1,1,12.5,115.8,66.8,70.4
25,2,35,25,2,0,0,1,0,2,2,3,48.0,1.6,61.0,43.5
186,7,39,7,2,1,3,3,1,1,0,3,336.8,13.1,74.7,14.100000000000001
82,2,16,0,2,3,2,3,3,0,2,1,147.6,8.1,29.8,0.0
7,198,93,16,0,1,0,3,3,3,1,3,9.6,354.90000000000003,166.4,30.299999999999997
42,124,10,23,2,3,1,0,3,3,0,1,75.60000000000001,224.70000000000002,19.5,40.4
50,37,49,53,0,3,1,0,1,1,1,3,89.0,70.10000000000001,88.7,92.4
69,45,40,13,2,2,2,0,3,3,2,0,124.2,81.0,73.0,23.400000000000002
198,40,169,17,3,1,3,2,0,1,2,2,360.90000000000003,72.5,306.7,31.6
13,56,63,50,2,0,1,2,2,3,0,1,24.400000000000002,97.8,114.9,92.0
56,46,28,48,2,3,1,1,0,1,1,3,103.8,86.3,50.9,84.9
72,14,59,33,3,2,2,0,3,1,2,2,131.1,27.2,107.2,57.4
1,157,19,30,1,3,0,3,2,1,2,1,1.2999999999999998,286.1,32.2,57.5
28,18,26,181,3,3,3,2,3,2,2,1,51.9,34.9,49.300000000000004,327.8
26,4,47,54,1,3,2,1,0,2,0,0,48.300000000000004,9.7,87.60000000000001,98.7
31,53,127,10,0,3,3,3,1,3,2,3,54.800000000000004,96.9,231.1,19.5
25,15,2,59,2,1,2,1,3,2,3,0,45.0,26.5,3.5999999999999996,107.7
52,42,10,194,1,1,0,0,0,2,1,1,95.10000000000001,75.10000000000001,17.0,348.2
69,59,41,91,3,3,0,0,1,2,0,3,127.69999999999999,108.7,73.8,160.8
41,60,7,12,0,1,1,1,2,3,1,0,71.8,106.5,13.1,23.1
5,123,63,70,0,2,0,1,1,0,1,2,8.0,224.4,112.4,125.5
4,60,172,65,2,3,2,0,3,0,3,1,7.199999999999999,112.5,309.6,116.0
19,60,14,53,3,3,1,2,0,2,1,1,38.7,110.5,25.7,97.4
34,32,51,65,2,1,3,1,3,3,1,1,61.2,56.1,95.3,117.5
36,32,4,13,2,3,1,3,1,0,3,1,66.8,62.1,5.699999999999999,26.900000000000002
27,20,22,2,3,0,2,0,0,0,3,0,53.1,36.0,39.6,3.6
11,39,60,39,2,2,0,1,0,1,3,2,22.8,72.2,105.0,69.7
66,25,36,39,0,2,0,2,2,3,3,0,116.8,45.0,61.8,73.2
68,70,9,107,3,1,3,0,1,2,0,1,125.9,125.5,20.7,191.6
109,50,195,194,0,1,2,1,1,0,1,1,195.20000000000002,91.5,353.0,349.7
127,65,42,6,0,1,3,2,1,3,2,2,227.6,115.5,78.10000000000001,11.8
139,103,42,6,0,3,3,2,1,1,3,3,249.20000000000002,188.9,77.10000000000001,10.8
30,52,34,45,2,3,3,2,1,1,3,3,56.0,97.10000000000001,62.7,81.0
70,62,69,48,0,0,0,0,2,2,2,2,124.0,109.60000000000001,122.2,84.4
8,21,37,17,3,1,2,3,3,2,3,1,15.899999999999999,37.300000000000004,66.60000000000001,34.1
65,39,19,41,3,1,3,2,1,3,0,1,120.5,68.7,38.7,75.8
9,15,70,43,0,3,2,3,2,2,3,1,14.2,29.5,126.0,80.9
32,45,69,62,1,1,0,0,2,1,0,0,57.1,81.5,124.2,111.60000000000001
17,4,25,131,3,1,1,3,2,3,1,1,33.1,5.699999999999999,45.5,239.3
28,55,190,28,3,0,0,1,1,3,2,3,53.9,96.0,340.0,48.9
49,143,20,48,1,3,3,1,3,0,2,3,86.7,261.90000000000003,38.5,84.9
54,30,42,186,1,0,1,1,0,2,3,0,98.7,52.0,74.10000000000001,336.3
38,0,109,60,0,1,1,3,0,2,0,2,68.4,0.0,197.70000000000002,110.5
53,60,38,1,3,2,2,3,1,1,0,2,98.9,110.0,71.4,4.3
61,57,37,173,2,2,0,3,3,2,2,3,109.8,103.60000000000001,64.60000000000001,312.90000000000003
49,24,59,44,0,2,1,3,1,3,0,1,87.2,43.2,107.7,82.7
33,138,53,161,2,3,2,3,2,0,1,0,60.4,252.9,97.4,294.3
58,28,4,40,3,0,0,1,0,3,2,2,108.9,47.4,5.2,71.5
19,62,0,155,3,0,0,2,0,2,2,0,38.7,109.60000000000001,0.0,282.0
68,29,36,62,3,3,1,3,2,2,2,1,124.9,54.7,64.3,115.10000000000001
54,98,54,6,0,3,2,1,2,1,0,2,95.2,179.9,100.2,10.3
58,49,7,16,0,0,2,0,0,2,1,2,104.4,86.2,14.6,26.8
47,74,43,9,3,1,0,2,3,2,0,3,86.10000000000001,132.70000000000002,77.4,16.2
44,124,18,84,0,0,3,2,2,0,2,3,77.2,223.20000000000002,34.9,151.20000000000002
1,41,26,58,0,0,2,0,3,3,3,1,0.0,70.8,46.800000000000004,103.4
109,15,127,62,0,2,3,1,0,2,2,0,196.20000000000002,28.0,231.1,113.10000000000001
108,31,60,17,0,3,1,3,1,0,3,3,193.4,60.300000000000004,106.5,32.1
59,43,4,11,0,2,1,2,0,1,2,0,106.2,79.4,6.699999999999999,22.8
33,149,52,189,0,0,0,0,3,1,2,1,56.4,267.2,91.60000000000001,339.2
40,20,28,32,3,3,2,0,0,1,1,3,76.5,39.5,52.4,54.6
46,38,64,10,1,0,1,0,2,0,0,3,82.3,68.4,116.7,15.0
50,193,62,13,0,0,0,3,1,0,3,1,89.0,347.40000000000003,108.60000000000001,26.900000000000002
77,58,36,2,0,1,1,1,2,1,3,0,136.6,104.9,63.3,5.1
51,4,46,33,0,2,1,0,2,1,0,3,89.8,9.2,84.3,56.4
15,125,81,42,0,3,2,0,0,3,0,3,27.0,226.5,148.8,72.60000000000001
177,49,12,42,1,1,3,1,3,2,3,2,317.1,87.7,23.1,75.10000000000001
55,27,81,29,0,2,0,1,2,3,1,1,97.0,48.6,144.8,52.7
5,185,25,69,0,3,0,3,1,2,3,1,8.0,335.5,42.0,127.69999999999999
67,30,112,91,1,3,0,0,0,2,2,0,122.10000000000001,56.5,199.6,163.8
54,175,135,61,3,1,1,2,3,2,3,1,98.7,314.5,241.5,111.8
54,47,99,197,3,0,0,3,1,0,1,1,100.7,84.60000000000001,177.20000000000002,358.1
32,16,70,46,3,2,3,1,3,1,1,2,59.1,30.8,129.5,82.3
56,186,20,133,3,1,1,3,1,0,2,3,104.3,336.3,35.5,240.9
4,6,17,35,1,3,1,0,3,0,3,3,5.699999999999999,15.3,29.1,60.0
29,50,41,22,3,3,0,3,1,2,3,2,55.7,92.5,70.8,42.1
50,69,71,68,1,0,1,0,3,0,3,0,88.5,124.2,126.30000000000001,122.4
70,6,86,8,2,3,3,2,2,0,0,3,127.0,15.3,159.3,14.399999999999999
44,68,19,6,0,3,2,3,1,0,1,3,78.2,126.9,36.2,12.3
0,45,1,141,2,2,3,2,3,3,2,0,0.0,81.0,4.3,256.8
44,50,67,180,1,3,1,1,1,0,0,2,79.7,94.5,122.10000000000001,323.5
49,29,60,59,0,0,1,3,2,0,3,2,86.2,52.2,106.5,108.7
93,11,124,91,2,2,1,2,3,2,1,0,167.4,20.8,223.70000000000002,166.8
18,53,51,48,1,1,2,0,3,1,0,0,30.9,95.9,94.8,86.4
2,174,67,143,3,0,3,3,1,2,2,0,7.1,311.2,123.10000000000001,261.90000000000003
7,128,161,67,1,0,2,0,0,3,0,0,14.1,227.4,292.8,120.60000000000001
70,11,8,21,0,3,2,0,1,0,2,3,125.0,24.3,15.399999999999999,34.800000000000004
59,42,63,46,0,0,2,3,1,2,1,1,105.2,73.60000000000001,115.4,86.3
62,55,22,13,1,2,2,1,2,0,1,2,111.10000000000001,102.0,41.6,22.900000000000002
38,54,83,126,3,2,3,1,0,2,1,3,72.9,98.2,152.9,225.3
35,197,17,19,1,1,1,0,2,2,3,1,62.5,354.1,29.1,33.2
7,24,69,42,0,2,2,0,0,1,1,2,12.6,45.2,126.2,73.60000000000001
158,51,117,54,1,2,2,3,1,3,1,3,284.90000000000003,91.8,212.6,98.7
54,7,30,155,1,0,1,2,1,3,1,0,97.7,9.6,54.5,282.0
3,188,29,59,3,0,0,2,1,3,3,3,8.9,335.40000000000003,49.2,106.2
20,21,18,87,2,0,1,1,2,2,2,2,37.0,35.800000000000004,31.9,156.1
46,36,72,67,2,1,2,3,1,2,3,0,84.8,64.3,129.6,125.10000000000001
70,20,3,66,2,3,3,3,3,3,3,3,126.0,37.5,6.9,120.3
50,81,18,54,1,3,3,2,1,2,3,2,90.5,148.3,33.9,98.2
26,17,55,40,1,3,3,1,1,2,2,0,47.300000000000004,33.1,101.5,73.5
11,24,12,20,1,2,1,1,2,0,3,0,19.3,46.2,20.1,37.5
51,5,42,68,3,0,2,2,2,0,3,1,94.3,9.0,75.60000000000001,124.4
152,19,25,10,1,3,1,0,2,1,1,3,273.1,37.7,45.5,15.0
53,65,61,66,3,3,0,0,3,1,3,0,96.9,120.5,106.8,118.8
129,52,17,10,2,0,3,0,0,1,2,3,235.20000000000002,92.60000000000001,33.1,15.0
0,93,44,197,3,1,2,2,1,2,2,0,0.0,166.9,80.2,357.6
103,30,40,29,0,0,0,2,3,2,3,0,182.4,52.0,69.0,55.2
37,116,14,56,1,2,2,3,3,1,2,2,65.10000000000001,210.8,26.2,103.3
84,44,179,40,2,0,2,2,2,2,0,1,152.20000000000002,77.2,325.2,74.0
7,51,65,52,3,3,0,2,0,1,3,2,17.1,95.3,114.0,94.60000000000001
39,41,148,13,3,2,2,3,2,1,0,3,72.7,75.8,269.40000000000003,24.900000000000002
6,68,4,64,0,0,0,3,1,3,0,1,9.8,119.4,7.2,118.7
50,49,19,89,3,3,0,1,2,2,1,1,92.5,90.7,33.2,160.70000000000002
37,173,76,52,1,0,0,3,3,1,2,3,65.10000000000001,310.40000000000003,134.8,95.10000000000001
23,8,9,39,3,1,1,1,0,1,0,1,45.9,14.9,17.7,70.7
38,55,103,27,0,1,2,2,3,2,2,1,65.4,98.5,186.4,50.6
107,14,137,0,2,2,2,3,1,1,0,2,194.6,27.2,249.6,0.0
13,63,143,34,0,3,3,1,1,0,2,1,22.400000000000002,117.9,259.90000000000003,61.7
112,54,197,69,1,0,0,2,0,3,3,0,203.1,94.2,351.6,127.2
61,44,20,180,3,1,2,1,1,1,2,0,113.3,79.7,37.0,325.5
19,198,50,157,1,2,0,3,2,0,2,0,33.7,359.40000000000003,88.0,287.1
54,18,15,123,1,3,3,2,1,1,0,1,97.7,35.9,31.5,223.4
4,35,61,21,1,0,0,0,2,3,0,0,6.699999999999999,60.0,109.8,37.800000000000004
45,41,148,59,2,1,3,0,2,2,2,0,82.0,73.3,268.90000000000003,106.2
70,24,68,36,3,2,1,0,2,3,3,3,128.5,43.2,120.9,61.8
81,64,46,14,0,3,3,3,3,2,3,1,142.8,117.7,84.3,28.7
146,64,36,23,3,0,0,3,1,0,0,1,266.3,115.2,64.8,44.9
40,48,3,22,3,1,3,3,3,2,2,3,73.5,85.9,7.9,41.1
58,24,35,173,1,1,1,0,1,0,0,0,104.9,44.7,64.5,311.40000000000003
126,52,111,70,2,3,2,0,1,1,2,2,228.8,97.10000000000001,200.8,124.0
34,11,35,59,3,2,0,1,3,2,1,3,62.7,20.8,62.0,104.7
4,38,14,69,0,1,1,0,1,2,2,2,6.2,67.9,24.7,122.2
44,52,5,63,3,0,1,2,2,0,2,2,81.7,93.60000000000001,8.5,114.4
8,14,40,69,0,3,0,0,2,3,0,2,12.4,26.7,72.0,122.2
44,8,103,80,1,1,0,2,2,0,2,1,78.7,15.9,183.4,146.0
64,55,62,22,3,1,0,0,1,1,1,3,118.7,99.5,110.60000000000001,36.6
147,29,93,55,1,2,1,0,3,3,2,2,263.1,52.2,166.9,97.0
36,3,61,143,1,2,0,1,2,3,0,3,64.3,5.4,109.8,255.90000000000003
63,40,34,44,0,2,2,0,1,2,0,0,112.4,73.0,64.2,79.2
63,151,39,9,2,3,2,3,2,0,2,1,114.4,276.3,71.2,19.7
9,47,11,152,1,2,0,3,3,3,1,0,14.7,84.60000000000001,18.8,278.1
121,115,23,65,3,1,1,0,1,1,0,0,221.3,207.5,42.9,117.0
37,19,3,165,0,0,3,2,0,0,1,3,66.60000000000001,34.2,8.9,297.0
0,69,184,115,0,0,2,3,2,3,1,1,0.0,121.2,333.2,210.5
175,57,144,161,0,2,2,3,0,0,0,3,315.0,105.60000000000001,262.2,291.3
17,22,22,53,3,1,2,0,3,3,2,0,32.1,38.1,40.6,95.4
32,30,62,28,0,1,1,2,2,1,0,0,55.6,54.5,113.10000000000001,53.4
13,6,14,68,2,3,0,1,3,0,2,1,23.400000000000002,15.3,23.2,122.9
59,46,60,13,3,2,3,0,2,3,2,1,108.7,82.8,110.5,22.400000000000002
40,31,24,30,0,1,3,1,3,3,3,2,69.0,54.300000000000004,44.7,53.5
153,31,66,31,1,2,3,2,3,0,0,1,273.90000000000003,58.800000000000004,123.3,57.800000000000004
112,194,50,52,2,2,2,1,2,3,0,0,202.6,349.2,93.0,95.10000000000001
50,47,95,16,1,3,1,0,1,1,0,0,90.5,88.10000000000001,172.5,28.8
14,74,41,54,3,3,1,3,0,2,3,0,29.7,135.70000000000002,72.3,101.7
30,58,40,55,0,1,0,1,1,0,2,1,53.0,105.9,70.0,99.5
133,57,33,41,3,3,3,3,2,0,2,1,241.9,107.10000000000001,61.9,77.3
144,6,12,45,3,2,0,1,3,1,1,0,260.7,12.8,20.6,82.5
63,15,33,66,1,3,0,1,0,0,1,0,114.9,31.5,58.4,120.3
88,117,193,69,0,2,3,0,3,1,3,0,155.4,212.6,348.90000000000003,124.2
6,185,24,18,3,2,0,2,1,0,1,3,14.3,336.0,42.2,32.4
23,17,65,19,0,1,0,3,1,0,3,0,40.4,32.1,114.0,38.7
20,47,21,44,1,3,0,2,1,2,2,2,36.5,87.10000000000001,35.800000000000004,80.2
33,49,0,27,1,0,0,0,3,1,2,1,57.9,87.2,0.0,47.6
25,22,6,31,2,0,0,0,3,0,3,1,45.0,39.6,7.800000000000001,54.800000000000004
83,37,140,17,1,1,0,1,0,0,3,0,150.9,68.10000000000001,249.0,32.1
9,56,51,58,1,3,2,0,2,3,3,3,15.7,102.3,91.8,101.4
2,13,38,28,2,3,0,0,3,3,1,1,3.5999999999999996,24.900000000000002,67.4,49.4
28,17,86,182,1,3,3,2,3,0,1,3,48.9,35.1,158.3,327.6
55,0,14,49,2,3,0,0,1,1,0,1,101.0,0.0,25.2,87.2
70,127,25,48,2,1,2,3,3,1,1,2,126.0,229.1,47.0,88.9
70,48,8,28,2,1,3,0,2,3,2,2,127.0,84.9,16.9,48.4
16,68,26,0,1,3,2,0,1,1,3,0,29.3,125.9,46.800000000000004,0.0
21,3,3,63,1,2,3,0,1,3,2,3,38.300000000000004,5.4,7.9,110.4
118,11,36,29,2,1,0,0,0,0,3,2,215.4,21.3,61.8,50.2
27,23,5,61,1,1,3,3,2,3,3,0,48.1,39.9,10.5,114.3
195,25,19,29,3,0,0,2,3,1,3,1,352.5,44.0,31.200000000000003,54.2
45,10,27,19,2,1,0,3,2,3,3,1,82.0,16.5,45.6,37.7
93,7,26,53,0,2,3,1,2,2,0,1,165.4,13.6,51.300000000000004,95.9
200,144,65,171,0,3,2,3,0,2,3,3,360.0,261.7,117.0,309.3
12,32,31,65,1,2,1,3,3,3,2,0,20.1,57.6,55.300000000000004,121.5
4,159,110,19,1,2,1,2,2,3,0,3,6.699999999999999,286.2,199.5,34.2
61,79,4,39,3,3,1,0,0,3,2,0,114.3,143.70000000000002,6.699999999999999,70.2
80,60,2,11,3,0,1,2,2,2,3,0,146.5,106.0,2.0999999999999996,22.8
52,51,60,3,1,3,1,2,3,1,0,2,92.10000000000001,95.3,109.5,6.4
48,19,51,65,1,1,0,1,3,0,2,0,84.9,35.7,89.8,118.5
39,65,13,178,3,0,2,1,2,3,0,3,72.7,114.0,26.400000000000002,318.90000000000003
57,11,175,24,1,3,0,0,1,2,3,2,103.10000000000001,22.3,312.0,41.2
1,45,10,70,1,3,1,2,1,2,0,1,2.3,83.5,19.5,128.0
66,75,36,48,1,0,2,0,1,0,3,0,119.3,135.0,64.8,86.4
26,54,13,0,2,1,3,0,1,3,0,1,48.800000000000004,95.7,27.900000000000002,0.0
52,25,48,64,3,2,1,1,0,1,1,0,98.10000000000001,47.0,86.9,116.7
137,39,177,15,0,2,2,3,2,1,0,2,244.6,72.2,321.6,29.5
169,3,42,144,3,0,2,3,2,1,2,1,306.7,4.4,76.60000000000001,262.7
21,56,88,16,0,1,1,3,0,1,0,0,37.800000000000004,101.3,159.9,33.3
18,21,150,7,2,2,2,0,2,1,1,0,33.4,39.800000000000004,272.0,12.6
67,49,58,65,1,1,1,0,2,0,2,2,120.10000000000001,89.7,103.9,115.0
70,15,31,12,2,0,1,1,1,2,3,3,128.0,25.0,54.300000000000004,20.1
13,37,87,12,3,0,1,3,2,2,1,2,25.900000000000002,64.60000000000001,157.1,24.1
23,12,34,7,2,0,3,1,2,1,1,0,42.4,20.6,64.7,14.1
45,57,187,15,1,0,3,2,2,2,2,3,80.5,100.60000000000001,339.1,27.0
69,42,7,188,3,3,1,2,1,2,0,1,127.69999999999999,78.10000000000001,14.1,340.40000000000003
54,9,47,41,0,2,3,2,0,0,3,0,97.2,19.2,86.10000000000001,76.8
75,58,42,68,0,0,3,1,0,0,2,3,135.0,104.4,78.10000000000001,120.9
30,33,62,5,3,2,0,1,1,1,0,3,57.5,61.4,111.60000000000001,7.5
70,65,51,44,2,2,1,1,0,0,3,2,129.0,120.0,90.3,78.7
137,37,136,196,2,0,0,2,1,0,2,0,248.6,66.60000000000001,242.8,355.8
24,68,44,70,2,1,2,0,2,1,3,2,44.2,122.9,79.2,124.0
108,178,64,1,3,1,2,2,0,2,1,2,198.9,319.90000000000003,117.2,2.8
46,70,31,176,3,1,1,3,2,3,2,2,85.3,124.5,55.300000000000004,319.3
44,10,65,117,2,1,1,3,2,3,2,1,80.2,16.5,116.5,214.1
34,5,43,39,0,2,1,1,1,2,0,3,60.2,10.0,78.9,68.7
6,45,65,36,2,2,1,0,0,3,1,1,13.8,81.0,117.5,63.8
44,20,15,0,3,2,1,3,3,0,1,1,80.7,39.0,27.5,0.0
40,33,39,88,1,3,3,1,1,1,1,1,72.5,62.9,73.7,158.9
5,178,59,165,0,2,1,3,3,2,2,1,6.0,321.40000000000003,105.7,300.5
62,17,6,36,3,2,2,3,3,1,1,3,113.10000000000001,32.6,12.8,66.3
48,28,66,27,0,3,2,0,3,3,0,1,83.4,51.9,121.8,47.6
190,43,133,25,3,2,2,2,3,3,2,1,343.5,77.4,240.4,47.0
50,68,30,49,1,1,1,0,1,2,1,2,90.5,121.9,54.5,86.2
58,70,7,150,2,0,0,0,1,2,0,1,106.4,124.0,12.6,269.0
129,96,18,13,2,0,3,2,3,3,2,0,232.20000000000002,169.8,34.9,26.400000000000002
2,23,54,70,3,1,1,1,2,1,1,0,6.1,41.9,97.7,127.5
41,38,59,43,1,1,2,3,3,1,3,1,72.3,68.9,106.2,80.9
35,23,20,36,1,2,3,0,0,0,2,2,64.5,44.4,38.5,62.8
5,65,60,20,3,3,3,1,1,1,1,0,12.5,120.5,111.5,37.5
10,7,52,34,2,3,3,0,3,2,0,0,18.0,15.100000000000001,98.10000000000001,61.2
21,17,60,26,2,0,3,3,1,2,0,2,39.800000000000004,28.6,112.5,49.300000000000004
64,38,21,60,1,0,3,0,2,2,0,1,114.7,66.4,42.300000000000004,107.0
21,38,64,37,2,0,2,1,1,1,2,2,39.800000000000004,67.4,116.2,66.10000000000001
182,9,160,123,0,1,2,1,0,3,0,1,327.6,14.7,291.0,221.9
2,87,63,54,0,0,1,3,1,0,1,1,2.6,156.6,113.9,100.7
5,57,50,114,2,1,1,3,3,3,2,1,9.0,101.10000000000001,89.5,208.70000000000002
2,62,124,6,3,1,2,2,2,3,1,1,6.1,110.10000000000001,225.20000000000002,12.8
123,120,126,181,1,2,0,0,1,0,0,1,221.9,219.0,226.8,324.8
10,35,67,33,1,2,0,1,0,3,3,3,19.5,63.0,117.60000000000001,57.9
48,4,108,15,3,0,0,1,3,3,0,1,87.9,4.2,194.4,27.5
66,24,1,22,3,1,2,0,0,3,0,2,123.3,41.7,4.8,37.6
67,46,41,92,0,2,1,3,1,0,3,2,119.60000000000001,85.8,72.3,168.1
2,17,64,122,3,2,2,2,0,2,3,0,8.1,31.6,115.2,222.6
194,67,21,41,3,2,1,0,0,3,0,3,353.7,120.60000000000001,39.300000000000004,70.8
60,10,133,36,0,3,1,1,1,2,0,2,107.0,20.5,240.9,64.3
5,55,52,18,3,3,2,0,2,1,1,1,11.5,102.5,95.60000000000001,31.4
26,64,43,22,1,2,2,0,2,0,0,2,46.300000000000004,118.2,80.4,37.6
56,28,90,30,1,3,2,2,2,0,1,2,100.3,54.9,164.0,55.0
58,44,60,50,0,2,2,2,0,0,1,0,104.4,82.2,110.0,93.0
50,167,107,57,3,2,2,1,3,2,1,0,91.5,301.6,194.6,104.10000000000001
11,48,91,61,0,2,3,1,2,3,1,0,17.8,86.4,167.3,111.3
28,64,54,35,0,1,1,2,2,1,0,3,48.4,115.7,98.7,63.0
27,53,59,21,2,1,1,1,3,3,2,1,48.6,93.9,105.7,38.300000000000004
174,26,46,24,2,3,3,1,2,2,0,2,314.2,49.300000000000004,87.3,42.7
3,69,144,43,1,0,3,0,1,1,3,1,5.9,123.2,260.7,76.4
60,56,170,15,2,0,1,2,3,1,1,3,108.0,99.8,306.5,27.0
52,60,33,56,3,1,3,0,2,3,3,3,96.10000000000001,106.5,60.9,97.8
2,34,183,177,3,3,2,2,2,3,1,1,6.1,62.7,331.40000000000003,320.6
156,68,20,42,3,2,0,2,1,0,1,0,284.3,125.4,35.0,78.60000000000001
25,68,124,105,3,0,1,3,1,2,2,2,48.5,120.4,222.70000000000002,191.5
171,75,12,24,0,2,0,2,3,3,3,0,304.8,135.0,18.6,46.2
1,11,116,65,2,2,2,0,1,0,3,3,3.8,22.8,208.8,114.0
1,48,52,52,3,2,0,1,0,1,3,1,6.3,88.4,90.60000000000001,94.10000000000001
52,43,41,34,2,2,3,1,2,0,1,0,94.60000000000001,80.4,77.3,62.7
79,22,27,19,3,1,0,3,0,2,2,2,146.70000000000002,39.1,46.6,36.7
31,5,74,14,0,1,3,3,3,0,1,1,52.800000000000004,10.5,136.70000000000002,28.7
181,48,59,11,2,3,3,3,1,3,0,0,327.8,87.9,110.7,24.3
26,42,0,30,1,1,2,0,1,0,1,0,47.300000000000004,77.10000000000001,0.0,54.0
17,27,30,19,1,2,0,3,0,2,1,3,32.1,49.6,53.0,35.7
94,10,47,137,3,2,3,0,0,2,0,3,173.70000000000002,19.0,89.10000000000001,243.6
18,124,48,61,2,2,3,3,0,3,3,1,35.4,223.20000000000002,87.9,113.3
17,51,13,56,1,2,1,2,2,1,0,3,30.1,93.8,24.900000000000002,100.8
6,59,1,10,2,1,3,1,2,2,3,3,11.8,105.7,3.3,16.5
64,123,64,110,0,1,3,3,1,3,2,3,114.2,219.9,117.7,199.5
40,22,48,116,3,2,3,3,2,3,0,2,74.5,39.6,90.9,211.3
7,66,117,0,0,1,2,1,2,0,1,0,10.6,120.3,212.6,0.0
26,46,39,49,3,1,3,2,3,0,2,1,48.300000000000004,84.3,72.7,90.2
34,36,168,172,3,0,3,3,1,0,0,0,64.7,64.8,306.90000000000003,314.1
12,21,17,48,1,2,1,1,0,3,3,3,23.1,37.800000000000004,29.1,84.9
69,39,31,27,0,0,2,2,3,0,0,2,121.2,70.2,58.800000000000004,49.6
13,7,138,6,2,1,1,0,0,3,3,1,26.400000000000002,11.1,246.9,9.8
40,52,27,5,1,2,1,3,3,0,1,3,70.5,96.60000000000001,49.1,10.5
94,36,152,98,0,3,1,1,1,0,2,2,168.20000000000002,69.3,273.1,175.9
3,62,102,36,1,2,2,2,0,1,0,0,6.9,113.60000000000001,186.6,67.8
151,25,39,4,3,3,3,0,1,3,2,3,275.3,46.5,72.7,4.2
56,60,91,84,3,0,1,0,2,2,1,3,103.3,106.0,164.3,148.20000000000002
65,149,28,66,0,3,1,2,0,2,3,1,117.0,270.7,48.9,120.8
66,57,18,51,2,2,1,1,3,2,1,1,118.8,103.60000000000001,32.9,92.3
68,20,200,55,1,1,1,2,3,3,0,1,120.9,34.5,361.5,101.0
29,169,53,16,3,1,1,0,1,3,2,2,55.7,302.7,94.9,26.8
65,20,31,7,0,1,2,0,3,0,2,3,114.0,37.5,56.800000000000004,9.6
29,200,47,4,1,0,1,3,3,0,0,3,50.7,360.0,86.10000000000001,8.7
33,16,131,25,3,1,1,2,1,0,1,1,62.9,30.3,236.3,47.0
8,65,9,24,3,3,1,3,0,0,1,0,18.9,121.5,16.7,47.7
82,23,141,40,3,0,3,3,1,0,1,2,151.1,41.4,257.3,74.5
187,125,154,47,1,1,3,3,2,2,0,2,336.1,224.5,281.7,87.10000000000001
69,28,7,88,3,3,3,3,1,1,2,0,127.69999999999999,53.9,15.100000000000001,162.9
5,32,44,33,0,2,2,2,3,0,0,1,6.0,60.6,82.2,61.4
2,193,43,67,3,2,3,2,1,1,3,2,7.1,349.40000000000003,78.9,121.60000000000001
37,158,28,70,0,1,3,1,1,3,2,1,65.60000000000001,282.90000000000003,52.9,126.5
13,174,126,16,2,0,3,0,0,2,0,2,26.400000000000002,311.2,231.3,26.8
70,44,53,65,2,3,0,1,3,2,2,3,126.0,81.7,93.4,115.5
60,113,19,134,2,0,3,0,1,0,1,0,110.0,203.4,37.7,241.20000000000002
2,12,53,70,0,2,0,3,0,2,3,3,3.6,22.6,92.4,127.5
46,12,64,9,3,2,3,0,1,0,0,3,86.3,24.6,119.7,13.2
24,5,31,3,2,3,0,3,3,3,2,3,43.2,10.5,53.800000000000004,6.9
176,1,131,46,1,0,0,1,3,3,2,3,315.3,0.0,233.8,81.3
12,155,18,40,2,0,1,0,0,1,2,1,24.6,278.0,31.9,71.0
26,1,26,113,0,2,1,2,0,2,2,2,46.800000000000004,2.8,46.300000000000004,204.4
52,35,59,58,1,2,3,3,0,2,1,1,95.10000000000001,64.0,109.7,107.9
62,66,66,33,1,1,0,3,0,1,2,3,113.10000000000001,119.3,116.8,60.9
3,94,21,50,3,1,1,0,0,2,2,1,9.9,168.70000000000002,37.300000000000004,89.0
18,15,13,30,2,1,0,0,2,1,0,2,33.4,27.5,23.400000000000002,52.0
58,87,61,22,2,3,3,0,0,3,0,0,107.4,158.1,114.3,39.6
3,63,14,23,0,1,1,3,2,2,1,2,3.4000000000000004,112.9,25.7,43.9
20,51,20,35,3,0,2,2,0,0,3,3,40.5,91.8,36.0,63.0
147,63,41,58,2,1,1,2,3,0,1,1,264.6,114.9,74.3,106.4
85,31,3,2,1,1,0,2,1,0,2,1,153.5,57.300000000000004,3.4000000000000004,5.6
30,64,69,56,0,2,2,0,3,0,3,2,51.0,118.2,124.2,98.8
31,45,54,103,1,2,3,1,0,2,0,3,57.300000000000004,82.0,101.7,183.9
50,39,195,32,1,0,2,1,2,1,3,0,89.5,69.2,351.0,59.1
198,57,54,54,3,0,0,0,3,3,0,0,357.90000000000003,99.60000000000001,97.2,97.2
22,51,14,23,1,3,1,2,3,2,3,0,38.1,94.3,23.7,44.4
63,84,61,39,2,2,0,3,1,2,0,3,115.4,152.20000000000002,109.8,71.7
40,4,62,51,2,1,2,1,0,0,1,1,75.0,8.7,113.60000000000001,92.3
21,9,149,52,0,3,1,3,1,1,2,0,36.800000000000004,19.7,267.7,98.10000000000001
8,14,30,17,3,1,3,2,3,2,3,0,15.899999999999999,24.7,55.5,33.6
13,33,29,41,0,2,2,3,1,2,3,0,22.400000000000002,60.4,52.2,78.3
58,57,53,45,3,0,3,1,2,2,2,3,106.9,100.60000000000001,97.9,79.5
41,68,55,70,2,2,2,2,3,0,3,0,73.8,125.4,99.0,129.0
67,145,17,70,0,0,3,1,3,2,3,1,117.60000000000001,259.0,32.1,126.5
6,12,55,8,3,2,3,1,2,1,3,0,13.3,23.6,100.5,15.9
156,18,17,31,2,1,2,3,3,2,0,0,280.8,31.9,33.6,60.300000000000004
8,186,81,22,3,1,0,1,2,2,2,1,16.9,334.3,143.8,40.1
198,11,62,37,0,3,0,2,1,3,2,3,355.40000000000003,21.3,109.60000000000001,66.60000000000001
59,25,61,14,0,0,0,0,3,1,1,1,103.2,44.0,108.8,24.2
133,61,3,69,2,3,0,3,0,1,1,1,242.4,113.3,4.4,127.69999999999999
175,54,15,57,1,1,2,1,2,1,3,1,314.5,97.7,27.0,103.10000000000001
11,55,41,10,1,3,2,1,1,2,2,1,20.3,101.5,74.8,18.5
53,37,69,4,2,3,1,2,3,2,2,1,95.4,69.10000000000001,123.7,9.2
16,64,12,44,1,0,1,1,3,1,0,0,27.3,114.2,23.1,80.7
69,130,23,69,0,1,3,3,0,1,3,1,124.2,234.5,42.9,127.69999999999999
14,45,25,35,2,0,1,2,1,2,3,3,27.2,79.0,43.5,63.0
48,6,69,64,0,2,2,2,1,0,3,1,85.4,13.8,124.2,117.2
29,38,170,25,1,2,2,0,3,3,0,0,50.7,68.4,309.0,45.0
22,19,59,15,1,2,1,3,0,3,2,3,41.1,34.2,105.7,28.5
32,8,141,131,3,2,0,3,2,1,1,3,60.1,16.4,252.8,237.3
61,22,2,196,2,2,0,3,1,3,2,1,111.8,39.6,1.6,356.3
8,59,42,4,1,1,1,3,1,0,0,0,14.9,107.7,77.10000000000001,11.7
94,33,13,0,2,3,3,1,3,2,2,3,169.20000000000002,61.9,25.900000000000002,0.0
35,13,54,56,2,0,2,3,1,2,0,2,65.0,21.400000000000002,100.2,103.3
50,27,34,23,0,1,0,3,0,0,0,3,90.0,50.1,61.2,42.9
65,31,35,27,1,1,0,3,2,3,0,3,116.5,54.300000000000004,63.0,50.1
70,24,60,47,0,1,0,1,2,0,2,2,124.0,44.7,106.0,84.10000000000001
60,0,30,22,3,0,3,0,0,0,2,0,112.5,0.0,56.5,39.6
122,117,53,46,3,3,3,3,2,3,3,2,222.1,212.1,96.9,85.3
8,78,72,122,3,1,2,0,2,2,1,2,16.9,139.9,131.6,217.6
18,34,46,2,3,3,0,2,1,0,2,3,35.9,65.7,80.8,3.5999999999999996
130,50,0,46,1,3,0,1,3,1,2,0,232.5,93.5,0.0,84.3
31,37,17,4,2,3,2,3,2,3,0,3,56.800000000000004,68.10000000000001,33.6,8.7
71,62,42,88,0,2,2,0,1,2,1,1,126.8,112.60000000000001,77.60000000000001,157.4
24,68,34,0,2,1,3,0,0,3,1,1,46.2,120.9,64.7,0.0
45,134,21,29,0,0,3,0,3,3,3,2,78.0,238.20000000000002,39.300000000000004,50.2
7,198,4,139,2,0,3,1,0,0,0,3,15.6,356.40000000000003,11.7,248.70000000000002
69,31,34,55,2,3,2,1,0,2,1,1,127.2,58.300000000000004,63.2,99.5
44,19,40,67,1,2,0,3,2,2,1,2,78.7,35.2,71.0,123.10000000000001
10,2,11,28,1,1,1,0,3,1,0,2,16.5,4.1,21.3,48.4
62,2,61,173,0,1,0,2,3,3,3,1,108.60000000000001,2.0999999999999996,106.8,313.40000000000003
24,116,6,7,0,2,3,2,1,0,3,2,42.2,211.8,12.3,13.6
0,27,181,0,2,3,3,3,3,0,0,2,0.0,53.1,330.3,0.0
126,186,14,53,0,0,3,2,3,1,2,0,223.8,333.8,27.7,98.4
38,46,24,48,0,1,3,0,3,1,2,1,65.4,83.3,45.7,85.4
68,41,27,171,1,3,1,1,1,0,0,2,122.9,78.3,50.1,307.3
39,126,4,14,1,1,2,0,3,1,0,2,68.7,227.3,10.2,23.2
56,36,4,46,0,0,0,2,2,3,0,0,98.8,61.8,7.2,85.8
58,33,188,63,0,1,1,2,0,1,0,2,104.4,59.9,339.90000000000003,114.4
43,124,103,88,0,1,1,1,0,3,3,1,77.4,221.70000000000002,183.9,158.9
43,45,16,25,0,2,3,0,2,0,0,0,75.4,84.0,33.3,45.0
177,1,107,54,2,1,2,0,3,0,0,3,318.6,3.3,195.6,94.2
13,177,45,170,0,0,1,0,1,2,2,0,22.400000000000002,316.6,80.5,306.0
35,8,9,39,1,2,2,1,0,2,0,1,64.5,15.399999999999999,19.2,70.7
9,33,49,153,1,1,3,3,3,0,2,2,14.7,60.9,90.7,277.90000000000003
28,39,164,117,2,3,1,2,0,1,3,2,53.4,73.7,293.7,211.6
57,49,8,16,3,1,0,1,0,0,3,3,107.10000000000001,89.7,11.4,27.3
22,40,21,17,2,2,0,3,3,2,3,0,39.6,73.0,34.800000000000004,35.1
16,28,50,43,0,1,3,3,2,0,1,1,26.8,51.9,93.5,80.9
26,38,6,46,2,3,3,1,3,3,1,1,46.800000000000004,69.9,14.3,83.3
54,172,8,44,2,3,3,0,2,1,1,1,98.2,313.1,17.9,78.2
55,27,70,1,1,1,2,2,0,0,1,1,100.5,50.1,128.0,3.8
24,68,47,186,0,0,0,1,2,2,1,1,41.2,120.4,83.60000000000001,335.3
45,38,54,171,0,2,2,2,1,1,2,0,80.0,70.4,98.2,310.8
1,45,67,9,1,2,1,2,1,0,2,1,2.3,84.0,120.10000000000001,18.2
60,13,29,142,0,0,3,0,3,3,0,1,105.0,20.400000000000002,56.7,254.6
118,153,5,37,2,2,0,1,3,1,0,3,212.4,277.40000000000003,9.0,65.10000000000001
65,13,72,14,1,0,3,1,2,3,2,3,116.5,20.400000000000002,132.1,23.7
168,42,62,190,2,2,2,0,2,3,0,2,303.40000000000003,75.60000000000001,114.60000000000001,340.0
22,9,18,65,1,3,3,2,2,1,2,3,39.1,19.7,34.9,117.0
60,52,38,30,1,0,0,2,0,2,3,1,109.5,91.60000000000001,65.4,56.0
5,50,108,175,0,1,2,1,3,3,3,1,6.0,88.5,194.4,315.5
16,47,38,69,1,1,3,2,3,1,2,3,27.3,85.10000000000001,70.9,124.2
67,66,33,20,2,3,3,2,1,0,3,0,122.60000000000001,123.3,60.9,39.0
69,57,49,41,2,0,0,2,1,0,2,0,126.2,102.60000000000001,86.2,76.8
57,2,5,40,0,2,2,1,1,1,3,3,101.60000000000001,5.6,9.0,70.5
50,16,62,110,1,1,3,0,3,3,1,0,88.5,27.3,115.10000000000001,198.0
66,75,20,117,1,0,2,3,2,2,1,2,118.3,133.0,38.0,213.1
78,121,7,28,0,3,3,2,1,3,2,0,139.4,219.3,15.100000000000001,53.4
124,28,157,26,3,2,2,0,3,0,0,1,224.70000000000002,53.4,285.6,45.800000000000004
20,63,63,63,2,2,2,2,3,0,1,2,36.0,116.4,115.4,114.4
150,15,9,53,2,1,1,1,2,0,3,0,271.0,28.5,14.7,96.9
2,60,28,79,3,2,1,2,1,0,0,0,7.1,111.0,51.9,145.20000000000002
52,16,62,24,1,2,2,1,3,2,1,2,92.10000000000001,29.8,113.60000000000001,42.7
58,176,2,166,3,0,3,0,2,0,1,3,106.9,316.8,7.1,295.8
50,51,38,37,3,0,1,0,3,1,3,2,91.5,90.8,66.9,64.60000000000001
114,11,80,161,3,1,3,2,3,3,1,1,206.70000000000002,18.3,147.5,291.8
5,67,40,23,3,1,0,1,1,3,2,1,12.5,119.10000000000001,70.0,41.9
63,23,43,12,3,0,2,1,0,1,0,2,117.9,40.4,80.4,21.1
106,99,116,23,1,0,1,2,2,2,1,0,190.3,176.20000000000002,209.3,44.4
0,28,52,10,0,1,0,1,2,0,2,1,0.0,51.9,91.60000000000001,18.5
50,46,8,49,0,1,1,0,0,3,0,2,90.0,81.3,15.9,86.2
144,11,31,120,1,2,0,3,2,3,1,2,258.7,19.8,54.800000000000004,218.5
19,63,121,81,3,2,1,0,0,3,1,2,38.7,113.4,218.3,143.8
17,64,65,58,3,2,0,1,1,1,1,2,34.1,117.2,116.0,103.9
30,8,162,27,2,1,1,3,2,1,3,0,55.0,14.9,290.1,53.1
43,3,37,8,1,0,2,0,3,0,2,3,75.9,5.4,67.60000000000001,11.4
11,31,21,47,1,1,3,2,3,3,0,3,18.3,54.300000000000004,42.300000000000004,84.60000000000001
133,53,8,16,0,2,3,3,3,2,2,3,236.4,96.4,16.9,30.299999999999997
28,26,52,57,0,1,3,0,3,0,0,1,47.4,48.300000000000004,98.10000000000001,101.60000000000001
32,7,9,40,2,3,1,1,3,1,2,2,57.6,16.1,15.7,71.5
12,6,1,175,0,1,2,0,2,2,2,1,19.6,10.3,2.8,314.0
53,15,145,18,2,2,1,0,2,1,1,2,96.4,29.0,261.5,30.4
110,1,0,5,0,0,0,0,2,2,1,3,196.0,0.0,0.0,6.0
9,11,48,69,3,3,2,3,2,1,1,1,18.7,23.3,88.4,127.69999999999999
33,186,156,71,0,2,1,2,3,1,2,2,56.4,336.8,280.3,128.8
18,17,88,43,0,0,1,0,3,3,3,2,29.4,27.6,156.9,75.4
2,7,60,9,1,3,1,3,0,1,2,0,5.1,16.1,107.5,20.7
144,61,44,7,2,0,0,0,0,1,2,2,262.2,108.8,77.2,10.6
6,31,67,24,1,3,1,1,0,0,3,3,12.3,60.300000000000004,119.10000000000001,41.7
56,24,35,34,0,3,1,3,3,0,1,1,97.8,47.7,63.5,64.7
60,146,149,142,1,1,0,3,1,3,1,0,108.5,261.3,267.2,260.1
11,53,7,55,3,2,2,0,2,1,0,2,22.3,97.4,15.6,97.0
24,55,24,80,0,1,0,0,3,0,2,3,40.2,100.5,41.2,141.0
13,37,16,8,1,2,0,1,0,0,0,3,24.900000000000002,69.60000000000001,28.8,12.9
61,23,90,26,1,1,1,1,3,1,3,1,108.3,41.9,160.5,47.300000000000004
29,41,38,45,3,3,0,3,2,3,1,0,54.7,75.3,67.4,85.5
84,92,47,11,3,3,0,3,0,3,0,1,155.70000000000002,167.1,84.60000000000001,23.3
47,59,191,63,1,1,2,3,3,2,2,1,83.10000000000001,105.7,344.8,116.9
32,5,55,55,3,3,0,3,1,0,1,1,61.1,13.5,98.0,102.5
60,3,88,27,1,3,1,0,0,2,3,0,109.5,7.9,156.9,48.6
56,31,35,76,1,0,2,3,2,0,3,1,100.3,55.800000000000004,63.0,140.3
43,153,116,130,0,1,2,2,3,1,2,0,74.4,275.90000000000003,209.8,237.0
64,38,47,12,1,1,3,0,0,1,1,1,116.7,68.9,88.10000000000001,20.6
164,63,108,83,0,0,3,1,1,1,3,2,294.2,112.4,195.9,148.9
56,31,9,57,2,1,3,3,1,3,2,3,102.8,54.300000000000004,18.7,104.10000000000001
46,160,68,30,3,2,2,3,2,3,3,0,85.3,288.0,122.4,58.5
3,38,28,45,0,0,2,1,0,2,0,0,5.4,66.4,53.4,82.5
59,11,27,72,1,2,3,0,2,3,1,0,105.7,19.8,52.1,129.6
153,67,4,49,2,0,1,3,0,3,2,2,278.40000000000003,117.60000000000001,6.699999999999999,90.7
65,61,34,37,1,2,0,1,0,2,3,0,118.5,110.8,58.2,68.10000000000001
151,168,29,22,1,1,0,2,2,2,0,0,271.3,301.90000000000003,52.2,42.6
31,9,57,35,1,2,1,3,3,3,1,2,54.300000000000004,16.2,103.10000000000001,65.5
35,10,59,12,3,1,0,2,2,1,2,1,65.5,18.5,104.2,23.6
70,167,31,43,0,2,1,1,1,2,0,3,125.0,301.6,57.300000000000004,75.9
52,35,22,54,2,2,3,2,0,2,2,0,96.60000000000001,64.0,42.1,100.2
136,5,159,49,3,2,1,0,0,1,1,2,249.3,11.0,286.7,86.2
50,41,51,161,1,1,0,3,2,0,0,2,89.5,75.3,91.8,292.3
182,33,59,48,2,0,2,0,0,2,1,2,330.6,57.4,108.2,84.4
47,11,3,60,2,1,2,1,2,3,2,2,85.60000000000001,18.3,6.4,107.5
35,56,176,35,0,0,3,2,0,1,3,2,63.0,99.8,318.3,64.0
42,60,70,38,3,0,0,3,3,1,2,0,77.10000000000001,107.0,124.0,72.9
37,70,199,26,1,2,0,0,1,2,2,1,67.10000000000001,127.0,356.2,45.800000000000004
51,5,56,40,2,2,0,1,0,3,2,0,94.8,9.0,98.8,73.5
61,145,9,17,1,2,0,1,2,2,1,0,109.3,262.0,15.2,32.1
64,16,69,39,2,1,3,2,3,2,0,1,115.2,28.3,128.7,72.2
12,64,1,190,1,3,2,0,3,3,3,3,20.1,116.7,1.7999999999999998,339.0
29,66,138,52,1,1,3,2,1,2,3,1,52.7,118.3,249.9,95.60000000000001
32,10,61,58,1,0,0,3,3,0,1,3,56.1,18.0,108.8,105.9
4,31,49,8,1,1,1,2,3,0,1,3,5.699999999999999,57.300000000000004,88.7,14.399999999999999
26,41,117,62,1,3,0,0,0,2,2,1,48.300000000000004,76.3,208.6,110.60000000000001
35,22,17,155,0,2,3,1,2,1,1,1,61.0,41.6,34.1,279.5
0,5,20,102,1,2,3,2,2,3,0,0,0.0,9.0,40.5,186.6
117,63,60,49,2,0,3,1,1,1,1,1,212.6,112.4,111.5,88.7
58,23,68,22,3,2,2,2,1,3,0,1,107.9,41.4,125.4,41.6
39,124,26,10,1,0,0,2,3,0,2,2,68.7,223.20000000000002,44.800000000000004,19.0
67,54,107,16,2,1,1,3,2,1,2,3,121.60000000000001,97.7,192.1,30.299999999999997
30,182,2,23,1,1,1,3,2,1,1,1,53.5,328.1,4.1,44.9
55,56,46,26,3,2,0,3,0,3,3,1,103.5,100.8,79.8,50.300000000000004
43,69,19,32,1,0,1,0,3,1,3,0,75.9,123.2,32.7,57.6
50,59,60,50,0,3,2,0,3,0,0,2,87.0,110.7,111.0,88.0
22,87,9,41,0,1,0,2,0,1,0,0,39.6,157.1,16.2,76.8
31,64,47,51,3,3,1,1,0,2,0,0,60.300000000000004,117.7,86.10000000000001,93.3
63,111,53,53,1,3,2,0,2,1,2,3,112.9,203.3,96.4,92.4
29,18,48,42,3,1,2,0,3,3,2,3,53.7,30.9,87.4,72.60000000000001
151,41,26,26,2,2,1,3,3,2,0,1,271.8,74.8,48.300000000000004,50.300000000000004
33,2,186,165,3,0,1,0,0,1,1,0,63.9,2.6,335.3,297.0
37,2,66,187,2,2,0,2,1,0,0,2,68.60000000000001,6.6,118.8,337.6
50,46,6,29,1,1,0,0,0,1,3,1,91.5,83.3,7.800000000000001,51.2
54,54,59,16,0,1,3,2,0,3,3,1,97.2,95.7,107.7,30.8
35,68,104,191,0,1,0,0,2,2,0,1,61.0,121.9,187.20000000000002,342.8
187,40,59,70,0,2,2,1,2,2,1,0,334.6,73.0,108.2,127.5
8,26,95,185,2,3,1,3,3,1,2,3,14.399999999999999,50.300000000000004,170.5,334.5
11,27,7,55,3,1,2,2,3,0,0,2,21.3,50.1,15.6,100.0
67,67,41,171,2,1,2,2,3,1,0,1,120.60000000000001,121.10000000000001,76.8,309.8
7,28,67,131,1,0,1,0,2,2,0,1,12.1,48.4,122.10000000000001,234.8
176,45,67,89,0,2,2,2,0,3,1,2,316.8,81.0,122.60000000000001,161.20000000000002
30,1,133,47,3,3,0,0,1,3,0,1,57.5,3.3,239.4,83.60000000000001
14,3,45,100,0,1,3,3,1,3,1,0,24.2,3.9000000000000004,84.5,184.5
19,18,41,25,3,0,2,3,2,2,2,0,36.7,30.4,74.8,49.5
120,28,1,3,1,2,2,1,3,2,1,2,214.5,51.4,3.8,4.9
33,103,21,6,3,0,0,0,1,2,0,3,62.9,183.4,37.800000000000004,7.800000000000001
75,69,1,192,2,2,1,0,0,3,3,2,138.0,124.2,0.2999999999999998,343.6
64,47,21,54,1,2,1,0,0,0,1,2,116.7,87.60000000000001,38.300000000000004,95.2
198,64,71,50,2,3,3,2,2,0,2,1,357.40000000000003,119.7,130.3,92.0
70,54,39,37,1,3,0,1,0,1,0,3,127.5,100.7,70.2,65.10000000000001
23,61,69,66,2,1,0,0,3,0,3,1,41.4,111.3,121.2,117.8
31,37,40,18,1,3,1,2,1,3,2,3,56.300000000000004,68.10000000000001,71.5,32.4
76,38,51,68,1,1,3,1,0,0,3,0,138.3,69.9,93.3,123.9
68,10,63,30,0,0,1,0,1,1,0,1,121.4,17.0,114.9,53.0
0,169,34,111,0,1,0,0,3,2,1,0,0.0,303.7,60.2,199.8
194,25,3,80,2,0,0,0,2,0,0,2,350.2,45.0,5.4,142.0
41,134,25,31,1,2,1,2,3,1,0,2,72.3,243.20000000000002,46.5,56.800000000000004
18,66,153,2,1,0,0,3,3,3,3,1,30.9,115.8,272.40000000000003,7.1
50,46,66,8,0,1,2,2,2,0,3,0,88.0,84.3,118.8,17.4
36,186,29,5,2,2,0,2,2,0,3,0,65.8,337.8,49.2,12.0
29,104,2,22,2,0,0,1,0,0,3,2,55.2,187.20000000000002,0.6000000000000001,39.1
65,44,7,11,2,2,3,1,0,1,0,1,120.0,81.2,17.1,20.3
192,55,11,4,1,0,1,3,3,0,1,0,344.1,99.0,20.3,11.7
60,84,29,165,3,2,2,2,0,2,2,3,112.5,152.20000000000002,53.2,297.0
52,23,177,15,1,1,2,1,3,0,3,1,92.10000000000001,42.9,318.6,27.5
89,196,29,14,2,1,2,3,3,2,0,0,160.20000000000002,352.3,55.2,29.7
131,64,171,0,1,2,0,2,1,1,1,0,236.3,117.2,306.8,0.0
2,93,60,0,3,3,1,1,0,2,3,2,8.1,169.9,106.5,0.0
44,69,49,54,0,0,0,0,0,1,0,1,79.2,123.2,88.2,96.2
68,153,136,48,1,2,1,0,2,3,2,0,121.9,275.40000000000003,244.3,86.4
0,10,4,8,3,2,2,0,0,3,2,3,0.0,18.0,8.2,11.4
12,18,56,34,3,1,0,3,2,0,2,2,24.1,33.9,98.8,63.7
64,93,100,32,1,3,3,1,1,0,0,3,115.7,171.9,184.5,56.1
10,25,1,14,1,0,3,0,0,1,1,2,19.5,44.0,5.3,23.2
10,34,86,18,0,3,0,3,3,2,3,1,15.0,63.7,151.8,35.9
85,0,33,167,0,2,1,0,1,1,2,3,152.0,0.0,58.9,297.6
38,40,17,25,1,2,3,2,0,1,2,2,69.9,74.0,33.1,46.0
25,49,27,16,0,0,1,2,1,3,3,3,44.0,85.2,47.1,28.8
65,6,27,16,2,1,1,2,0,1,1,1,120.0,11.3,49.1,30.8
58,60,64,29,3,2,0,0,2,3,1,0,106.9,108.0,114.2,52.2
48,2,7,179,0,0,0,1,1,0,3,0,85.4,3.6,9.6,323.7
174,51,68,64,2,2,3,2,1,3,0,2,315.2,91.8,126.9,116.2
191,55,28,198,0,3,3,2,0,3,1,2,343.8,100.5,53.9,357.40000000000003
21,10,23,55,0,1,3,2,3,2,0,0,34.800000000000004,17.5,45.9,102.0
5,66,45,22,1,2,2,3,2,0,3,3,8.5,121.8,81.0,41.1
47,59,18,4,3,0,1,2,3,3,2,0,86.10000000000001,103.2,31.9,10.2
48,17,67,132,0,0,1,1,3,2,3,1,83.4,28.6,119.10000000000001,238.1
42,151,48,66,0,1,0,0,3,3,1,1,72.60000000000001,270.3,85.4,117.8
33,120,146,82,3,3,2,2,3,3,2,3,60.9,217.5,263.8,147.6
8,59,33,29,1,3,0,0,3,3,0,2,12.9,107.7,59.4,50.2
15,14,56,83,0,1,2,1,3,2,3,0,24.0,24.7,100.8,150.9
0,63,58,168,0,2,2,2,1,2,3,3,0.0,114.4,104.4,302.40000000000003
0,22,152,46,3,0,2,1,0,0,1,0,0.0,39.6,275.6,84.3
46,31,67,5,1,3,1,3,2,3,3,3,82.3,57.300000000000004,119.10000000000001,10.5
32,52,59,25,3,1,2,1,1,2,1,2,61.1,93.10000000000001,108.2,44.5
101,25,31,22,0,3,0,1,3,2,2,1,178.8,47.5,53.800000000000004,40.1
20,47,32,70,3,1,0,2,2,2,3,3,38.5,84.10000000000001,54.6,126.0
56,18,55,56,2,0,1,2,3,1,3,3,100.8,31.4,97.5,100.8
60,70,61,48,1,1,3,0,2,2,2,3,107.5,125.5,112.3,83.4
65,34,63,30,3,2,0,3,3,3,3,0,118.5,61.2,110.4,58.5
37,1,15,20,3,3,0,2,3,0,2,0,68.10000000000001,6.3,25.0,39.0
59,40,59,88,0,3,0,2,2,0,3,1,104.2,76.5,103.2,160.4
70,58,25,16,3,0,3,3,3,0,2,0,127.5,104.4,47.5,33.3
47,162,28,7,1,0,2,2,1,1,2,0,85.10000000000001,290.6,51.4,15.6
65,70,145,61,3,1,0,2,3,1,2,0,118.5,126.5,259.0,112.8
70,18,59,60,3,0,2,3,2,3,2,2,128.5,29.4,107.2,110.5
44,197,25,107,1,3,2,0,1,0,3,1,79.7,359.1,45.0,191.6
27,151,141,58,2,0,3,0,3,1,0,0,48.6,270.8,258.3,104.4
107,37,94,54,3,1,3,1,1,2,0,2,196.1,66.10000000000001,173.70000000000002,96.7
31,17,40,56,3,3,3,0,1,1,0,1,59.300000000000004,34.1,76.5,99.8
4,11,50,33,1,3,0,2,2,1,1,1,6.699999999999999,23.3,89.0,61.4
147,11,34,14,2,0,3,3,3,2,2,0,264.6,17.8,63.7,29.7
42,38,34,46,1,2,2,1,1,1,0,1,76.10000000000001,70.4,64.2,83.3
19,82,42,45,3,2,1,3,3,3,0,0,35.7,147.6,77.10000000000001,85.5
82,18,37,38,0,3,2,1,1,0,0,1,146.6,36.9,69.60000000000001,68.9
12,3,137,65,2,2,2,2,0,1,1,0,24.6,7.4,248.6,120.0
65,41,34,14,0,0,1,2,3,1,3,2,114.0,72.8,59.7,26.2
75,134,190,44,0,0,2,2,1,1,2,0,134.0,240.20000000000002,343.0,82.2
76,57,76,68,0,2,3,2,3,2,2,0,133.8,103.60000000000001,139.3,125.4
47,19,33,60,2,0,3,2,2,2,3,1,85.60000000000001,32.2,60.9,110.0
46,176,46,31,0,1,2,3,2,0,3,2,80.8,318.3,82.8,58.300000000000004
58,53,23,54,2,0,3,1,3,0,1,3,104.4,95.4,44.9,95.7
56,168,43,35,1,2,0,3,2,2,0,1,100.3,303.40000000000003,77.4,66.5
68,9,43,34,2,1,0,3,3,1,3,0,122.4,16.7,74.4,65.7
127,31,57,90,3,3,0,0,1,0,3,3,232.1,60.300000000000004,99.60000000000001,159.0
8,164,41,39,2,1,1,3,2,3,3,3,15.399999999999999,293.7,72.3,71.7
42,64,171,36,2,2,2,2,3,1,2,1,75.60000000000001,117.2,308.8,66.8
21,198,82,12,1,3,2,1,0,0,0,1,39.300000000000004,360.90000000000003,150.6,22.1
27,9,160,24,2,2,2,3,3,2,0,2,48.6,17.2,291.0,45.7
166,65,52,72,0,2,1,3,3,3,1,0,295.8,117.0,94.10000000000001,134.1
0,6,37,72,3,3,1,0,1,3,3,3,0.0,12.3,65.10000000000001,126.6
17,67,130,1,0,1,0,0,3,3,1,1,27.6,119.10000000000001,233.0,0.8
175,39,62,40,1,1,0,2,0,1,1,3,316.5,70.7,110.60000000000001,72.0
173,47,60,70,3,1,3,1,2,2,3,1,313.90000000000003,84.10000000000001,109.5,126.5
16,25,12,14,1,0,1,0,1,0,0,3,29.3,45.0,23.1,22.2
143,45,63,44,0,1,1,1,0,1,2,3,257.40000000000003,81.5,112.9,77.7
81,12,170,23,3,0,0,1,0,2,2,0,150.3,19.6,304.0,42.9
66,33,2,141,3,0,2,3,2,0,1,2,121.3,59.4,5.6,256.3
46,23,0,16,3,1,0,2,3,0,2,3,84.3,42.9,0.0,28.8
12,49,19,151,1,1,1,2,1,2,1,0,22.1,87.7,34.7,274.8
27,60,170,64,0,3,2,3,0,2,3,3,48.6,110.5,306.0,116.7
10,145,34,84,0,3,1,2,1,0,3,1,17.0,265.5,59.7,153.20000000000002
173,36,118,64,1,2,3,2,3,2,1,0,309.90000000000003,65.8,215.9,118.2
68,152,63,86,2,0,3,0,1,3,1,2,124.4,270.6,116.9,152.8
58,60,48,21,2,0,1,1,2,2,2,2,105.4,106.0,85.9,37.300000000000004
19,125,53,18,0,2,1,2,3,1,2,0,31.200000000000003,227.0,94.9,35.4
65,59,60,2,1,1,0,3,0,2,3,2,118.5,105.7,105.0,6.1
20,44,24,70,1,3,2,0,3,2,3,0,34.5,81.7,43.2,126.0
42,149,34,149,1,2,2,0,2,2,0,0,75.10000000000001,269.2,64.2,268.2
23,158,27,4,0,3,2,1,0,3,1,1,41.4,285.90000000000003,50.6,7.699999999999999
65,61,197,23,3,1,3,0,3,2,3,0,118.5,109.3,356.1,41.4
198,199,57,42,0,1,0,0,2,3,0,3,354.40000000000003,356.7,102.60000000000001,72.60000000000001
16,44,133,56,2,1,3,0,0,1,0,1,31.8,79.7,243.9,99.8
59,11,176,28,0,1,2,2,1,0,2,2,105.2,21.3,317.8,51.4
62,28,189,92,3,3,1,0,3,0,3,2,113.10000000000001,54.9,338.7,163.6
8,64,42,66,1,1,3,3,3,0,3,2,12.9,116.7,77.10000000000001,121.3
65,0,130,21,0,0,1,0,2,3,1,1,115.0,0.0,234.5,36.800000000000004
66,14,142,68,0,1,3,0,2,1,3,0,116.8,25.7,257.1,122.4
25,11,40,1,3,1,2,0,1,2,3,1,48.5,19.3,72.0,0.8
26,64,47,30,0,0,2,1,3,0,3,3,43.800000000000004,115.2,84.60000000000001,52.5
66,61,0,172,0,3,3,2,0,2,3,1,118.8,112.3,0.0,311.6
18,51,9,42,0,3,1,0,1,0,0,0,31.4,96.3,17.7,75.60000000000001
0,28,59,44,3,2,2,0,0,1,0,0,0.0,52.4,109.2,79.2
13,193,30,51,2,1,2,0,3,2,0,3,23.400000000000002,346.90000000000003,57.0,88.8
51,46,0,104,1,3,3,3,1,3,2,0,92.3,84.3,0.0,191.70000000000002
22,37,43,170,0,2,3,3,1,2,3,2,38.6,67.60000000000001,78.9,308.5
68,53,67,27,2,1,0,3,3,1,2,3,122.4,95.9,118.60000000000001,50.1
45,18,20,74,0,2,1,0,2,1,0,0,79.0,34.4,37.5,133.20000000000002
153,16,26,154,2,2,3,2,3,0,2,0,275.40000000000003,31.8,49.300000000000004,280.2
13,44,141,34,0,2,1,2,3,1,1,1,20.400000000000002,81.2,254.3,63.2
45,6,6,54,1,2,0,1,3,1,1,0,79.5,12.8,9.8,98.7
21,61,23,43,1,0,2,3,1,2,2,1,38.300000000000004,107.8,42.4,80.9
187,60,158,20,3,2,3,1,2,0,0,3,339.1,111.0,288.90000000000003,34.5
45,52,51,11,3,0,0,1,2,2,2,2,83.5,91.60000000000001,89.8,19.3
59,63,32,41,2,3,3,2,3,2,0,0,106.2,115.9,62.1,76.8
151,45,113,43,1,2,0,3,1,2,1,3,272.3,82.0,202.4,78.9
49,6,62,22,2,3,0,2,2,2,2,0,89.2,13.3,109.60000000000001,42.6
12,25,10,197,3,2,3,3,3,3,2,2,23.1,45.0,20.5,357.1
23,3,68,43,3,1,0,2,1,2,2,0,44.9,4.9,120.4,80.4
118,104,23,68,1,2,3,0,3,2,1,3,210.9,188.20000000000002,44.9,119.4
68,14,8,46,2,3,0,2,3,2,3,3,122.4,27.7,11.4,82.8
5,33,1,9,0,3,0,3,2,3,3,0,7.0,60.9,0.0,20.7
68,181,26,14,3,3,0,0,1,0,0,1,125.9,330.3,46.800000000000004,24.2
75,42,66,200,2,3,3,2,0,2,3,2,138.0,78.10000000000001,120.3,361.0
46,25,61,56,3,1,1,1,3,3,0,3,84.3,43.5,111.3,99.3
41,186,64,69,1,3,3,3,0,3,3,2,75.3,336.3,116.7,126.69999999999999
46,22,80,17,3,1,2,3,2,2,1,3,85.3,39.1,146.0,32.1
19,117,7,19,2,1,0,2,2,0,2,3,35.2,212.1,10.6,34.2
58,64,51,15,0,3,3,2,0,0,0,1,104.4,119.7,96.3,29.0
9,29,98,103,0,2,1,3,3,1,3,1,13.2,54.2,174.9,188.9
19,62,176,62,2,2,1,2,2,3,0,0,35.2,111.60000000000001,318.3,114.60000000000001
21,49,67,41,0,3,0,2,2,1,0,0,35.800000000000004,91.7,120.60000000000001,76.8
54,92,64,41,0,0,2,1,0,1,0,2,97.2,164.6,118.2,73.3
3,45,2,18,1,0,3,0,2,0,0,0,4.9,81.0,8.1,32.4
1,41,68,57,2,2,1,3,0,0,2,3,4.8,76.8,121.9,104.10000000000001
95,59,7,191,2,2,0,2,1,2,2,0,173.0,107.2,10.6,346.8
116,54,29,41,1,3,1,3,3,3,0,2,207.3,98.7,53.7,76.3
158,25,48,57,0,2,3,2,2,2,2,3,282.40000000000003,46.0,88.9,102.60000000000001
32,117,21,16,1,2,0,2,2,1,0,1,57.1,212.6,37.800000000000004,30.8
56,149,59,26,0,0,0,3,0,3,0,2,100.8,265.2,106.2,49.300000000000004
42,33,193,44,1,1,2,3,1,2,0,0,76.10000000000001,58.9,350.40000000000003,83.7
49,31,22,38,2,3,1,3,0,2,1,2,91.2,58.300000000000004,40.1,70.9
29,12,60,188,3,2,0,0,3,1,3,1,53.7,23.6,105.0,337.40000000000003
65,187,37,143,1,1,1,1,0,1,3,0,118.5,337.1,65.10000000000001,258.90000000000003
14,164,52,31,0,0,2,0,1,2,1,0,24.2,293.2,95.60000000000001,55.800000000000004
1,64,130,78,0,0,1,2,2,2,0,0,0.0,113.2,235.5,143.4
53,41,123,0,3,3,1,3,1,0,3,0,98.9,78.3,219.9,0.0
5,31,19,32,3,1,3,2,2,0,3,3,11.5,57.300000000000004,35.7,57.6
61,31,57,65,0,3,0,1,3,2,2,2,106.8,58.300000000000004,100.60000000000001,116.5
27,43,63,24,1,1,1,3,0,0,2,0,50.1,78.9,112.9,47.7
70,38,168,19,1,2,2,3,0,1,2,3,127.5,70.4,303.40000000000003,35.7
17,6,4,54,2,3,2,3,3,2,3,2,30.6,13.3,7.199999999999999,99.7
26,47,62,39,0,1,0,0,1,3,0,0,45.800000000000004,83.10000000000001,111.60000000000001,70.2
35,28,199,38,2,1,0,3,0,0,3,1,66.0,51.9,355.2,71.9
11,37,143,69,3,1,0,2,3,1,1,0,21.3,67.10000000000001,256.40000000000003,127.2
0,21,47,60,3,2,2,1,2,3,3,0,0.0,37.800000000000004,84.60000000000001,109.5
109,64,43,89,0,3,2,0,0,3,1,2,196.20000000000002,116.7,79.4,158.20000000000002
65,163,62,35,1,0,1,1,0,1,1,0,118.5,292.40000000000003,112.10000000000001,64.5
141,58,30,47,2,2,3,0,0,1,1,0,256.8,106.4,57.5,84.60000000000001
3,60,47,7,1,2,2,0,1,1,1,2,5.9,110.0,86.60000000000001,10.6
56,20,7,67,1,1,2,1,3,3,0,3,99.3,34.5,15.6,119.10000000000001
3,16,51,102,1,1,2,1,1,3,3,2,5.9,27.3,91.8,183.1
169,45,47,137,2,2,2,1,1,2,0,2,306.2,82.0,87.60000000000001,246.1
36,26,52,33,1,1,0,1,3,1,3,1,63.3,47.300000000000004,90.60000000000001,59.9
23,32,6,39,3,1,3,3,2,3,3,3,43.9,56.1,12.3,71.7
69,67,26,51,3,2,0,3,1,2,3,3,127.69999999999999,121.60000000000001,43.800000000000004,93.3
48,22,163,37,3,2,0,2,2,2,0,2,88.9,40.6,293.40000000000003,67.60000000000001
56,15,38,49,0,0,0,2,3,3,2,3,97.8,24.0,66.4,88.2
40,26,6,197,0,1,0,0,1,2,2,2,71.0,46.300000000000004,8.8,352.6
54,26,30,54,2,0,2,2,1,1,3,1,99.2,45.800000000000004,54.0,99.2
188,6,32,20,3,3,2,3,0,1,2,2,342.90000000000003,14.3,58.6,38.5
6,13,156,170,3,2,0,3,0,0,2,3,15.3,26.400000000000002,278.8,307.5
46,18,52,96,1,3,3,3,1,3,2,1,83.3,33.9,96.10000000000001,176.3
166,26,8,52,2,1,0,0,1,3,1,0,300.8,45.300000000000004,13.4,93.60000000000001
57,51,15,175,0,1,0,3,1,2,2,1,101.60000000000001,91.3,25.0,318.5
41,130,92,9,3,2,1,1,0,0,1,0,78.3,237.0,166.1,17.7
57,195,109,27,3,3,0,3,2,3,2,1,105.10000000000001,352.5,194.20000000000002,52.1
25,58,0,39,1,3,3,0,3,0,1,3,43.5,108.9,0.0,67.2
34,192,54,30,1,2,2,3,0,0,0,3,62.7,348.6,100.2,55.5
54,27,47,10,3,3,1,3,0,1,2,2,101.7,52.1,84.10000000000001,20.5
20,35,6,12,0,1,2,3,0,3,2,3,36.0,61.5,11.8,23.1
35,61,150,34,1,1,3,0,1,3,1,3,63.5,108.3,273.5,58.2
29,92,2,42,2,2,0,0,2,3,0,3,53.2,165.6,3.6,72.60000000000001
144,17,44,3,1,0,0,2,1,0,2,1,259.7,30.6,77.2,7.4
28,34,58,43,1,1,1,2,0,2,1,0,51.9,60.7,104.9,80.4
157,5,14,76,2,2,2,3,3,1,1,2,282.6,11.0,27.2,139.3
27,3,2,24,3,2,0,1,1,2,0,0,52.1,6.4,3.6,44.7
116,27,183,9,1,1,1,2,0,2,0,3,210.3,48.1,330.90000000000003,16.2
44,53,67,47,2,3,0,1,2,3,0,3,80.2,96.9,120.60000000000001,83.10000000000001
30,93,192,174,3,1,3,3,1,1,0,0,57.5,167.9,350.1,317.7
48,40,52,3,0,0,1,0,0,3,0,1,86.4,69.0,95.10000000000001,4.4
38,13,64,45,1,3,0,1,1,0,1,0,68.9,27.900000000000002,114.2,82.5
45,1,55,156,3,1,3,2,0,2,2,1,85.5,1.2999999999999998,101.5,282.8
4,54,59,38,2,1,3,2,2,1,1,0,8.2,97.7,109.7,71.4
47,43,18,64,2,3,2,0,0,1,2,2,87.60000000000001,80.9,33.4,113.2
148,143,67,166,0,2,2,3,1,0,3,1,265.40000000000003,260.40000000000003,120.60000000000001,302.3
29,13,184,35,0,1,0,1,3,2,1,1,49.2,22.900000000000002,330.2,63.5
8,0,33,110,3,2,0,0,0,1,2,1,18.9,0.0,57.4,197.0
21,67,0,3,2,0,0,1,1,3,2,2,39.800000000000004,117.60000000000001,0.0,4.9
36,55,62,47,1,1,0,2,1,3,3,2,65.3,97.5,108.60000000000001,85.60000000000001
33,39,129,33,0,3,1,3,2,2,2,0,57.4,72.7,231.70000000000002,63.9
50,149,21,50,3,2,1,2,2,0,0,0,92.5,271.2,39.300000000000004,93.0
16,48,34,31,2,1,0,3,0,0,1,1,31.8,87.9,60.2,59.300000000000004
64,33,164,10,2,1,0,2,0,0,0,0,118.2,60.9,295.2,21.0
161,68,68,189,3,3,1,2,2,2,1,2,292.3,124.9,122.9,341.2
52,53,14,3,3,3,3,1,0,1,1,2,98.10000000000001,98.9,28.7,4.9
36,4,57,55,2,1,3,1,0,1,1,3,67.8,7.699999999999999,106.10000000000001,97.5
69,23,10,108,3,2,3,2,1,0,3,0,127.69999999999999,44.4,19.5,197.4
60,150,127,49,1,3,1,3,3,0,1,3,106.5,274.5,229.1,89.7
185,13,0,0,3,0,1,0,1,3,2,1,336.5,20.400000000000002,0.0,0.0
52,30,15,49,2,1,3,1,3,0,1,3,93.60000000000001,55.5,30.5,86.7
40,113,158,31,1,3,0,1,3,3,2,0,70.5,204.9,282.40000000000003,57.300000000000004
1,24,138,8,1,2,2,1,0,3,2,2,3.3,43.2,249.4,13.9
26,53,3,5,0,0,0,2,0,0,3,0,46.800000000000004,95.4,2.4000000000000004,12.0
165,181,155,6,2,0,3,1,2,2,0,1,298.0,323.8,283.5,11.3
65,20,134,48,1,1,2,1,2,1,2,1,116.5,36.5,242.20000000000002,86.9
28,22,105,21,1,1,2,2,2,0,1,3,49.9,41.1,191.0,37.800000000000004
39,21,56,69,2,2,1,1,3,1,2,0,70.2,39.800000000000004,100.3,125.7
56,153,7,65,1,2,1,1,0,2,1,2,102.3,276.40000000000003,13.1,116.5
8,92,175,50,3,1,3,2,1,0,1,0,17.9,167.1,318.5,93.0
69,184,8,167,1,2,1,2,3,2,3,0,122.7,332.2,12.9,303.6
16,7,44,27,0,0,1,3,3,1,3,0,25.8,11.6,77.7,53.1
130,60,112,28,1,2,0,1,0,1,1,0,235.5,110.0,200.6,51.9
131,65,184,53,1,2,1,0,0,1,1,3,237.3,119.0,331.7,92.4
56,1,0,2,0,0,3,2,2,2,2,2,98.8,0.0,0.0,4.6
49,45,52,89,2,2,2,2,2,1,3,1,89.2,83.0,93.60000000000001,162.20000000000002
9,42,52,15,1,0,2,1,1,1,3,3,16.7,74.60000000000001,93.60000000000001,25.5
156,4,11,157,3,1,0,1,0,0,3,1,285.3,8.7,16.8,283.1
70,54,125,36,2,3,1,1,2,3,3,1,127.0,98.7,223.5,65.3
30,61,52,25,1,3,3,2,2,1,2,3,53.5,113.3,96.10000000000001,45.0
21,26,32,69,3,1,3,3,2,2,1,0,40.300000000000004,46.300000000000004,61.1,128.7
41,29,30,29,3,0,3,0,0,3,1,1,78.3,49.2,57.5,51.2
46,68,7,106,2,0,0,0,1,1,2,1,84.8,121.4,10.6,189.8
177,39,46,33,1,0,2,0,1,3,2,0,319.1,67.2,83.8,59.4
66,78,144,51,3,1,2,0,2,3,2,2,121.3,138.9,260.2,89.8
1,56,126,51,1,0,3,0,0,3,2,1,3.3,97.8,229.3,90.8
41,33,103,33,1,3,1,2,2,3,2,2,73.3,60.9,184.9,60.4
22,0,16,67,2,2,0,0,1,3,3,3,41.6,0.0,25.8,117.60000000000001
43,23,35,36,0,2,1,1,0,2,3,3,77.4,42.4,61.5,63.3
7,42,45,29,0,2,1,1,3,0,2,2,9.6,78.60000000000001,80.5,51.7
24,86,58,15,2,3,0,0,2,3,3,0,44.2,156.3,101.4,27.0
153,143,50,18,0,0,2,0,0,0,3,3,275.40000000000003,257.40000000000003,90.0,29.4
51,54,34,158,1,1,1,1,1,0,2,0,92.3,98.7,60.7,285.90000000000003
45,63,39,18,0,3,2,1,3,2,2,1,78.0,115.9,71.2,32.9
48,22,51,54,0,1,2,1,2,2,3,0,84.4,39.1,91.8,98.7
142,5,59,66,3,0,2,2,1,0,2,0,259.1,9.0,107.2,121.8
112,50,42,36,2,3,1,0,0,0,3,0,204.6,94.5,74.10000000000001,64.8
25,70,53,56,3,2,1,2,2,2,0,1,47.5,127.0,96.9,102.8
63,46,158,124,0,2,3,3,1,2,0,1,112.4,83.8,288.90000000000003,226.70000000000002
67,0,65,39,0,1,0,3,0,3,0,2,120.60000000000001,0.0,117.0,72.7
178,47,67,37,0,0,1,1,2,2,2,2,318.40000000000003,82.60000000000001,120.10000000000001,66.10000000000001
169,46,138,58,0,0,0,1,2,3,1,3,302.2,79.8,247.4,102.9
144,13,126,7,3,3,3,2,0,2,3,2,263.7,25.900000000000002,228.3,13.6
45,41,57,169,1,0,3,0,2,2,1,0,80.5,71.8,106.10000000000001,304.2
0,141,41,106,3,1,2,0,2,3,3,0,0.0,252.3,73.8,190.8
70,37,39,39,2,0,1,2,3,0,3,0,126.0,66.60000000000001,68.7,73.2
63,41,44,117,1,1,1,2,2,2,1,1,112.9,73.3,79.7,212.6
5,146,21,3,2,2,3,2,3,2,1,2,9.0,263.8,41.300000000000004,6.4
62,29,61,42,2,3,2,2,0,1,1,1,114.60000000000001,55.7,111.8,77.60000000000001
15,11,29,164,0,3,0,1,0,1,0,1,27.0,23.3,52.2,295.7
10,62,41,4,0,2,2,2,0,1,1,0,18.0,113.60000000000001,75.8,10.2
6,11,39,63,1,1,2,0,3,3,1,1,9.3,18.3,72.2,112.4
10,55,95,194,0,0,0,1,3,0,2,1,15.0,99.0,169.0,349.7
12,14,43,6,2,0,2,3,2,2,3,3,22.6,23.2,77.4,12.3
22,196,21,7,0,1,1,3,2,3,0,2,37.6,351.3,39.300000000000004,15.100000000000001
194,68,15,48,1,0,3,2,0,3,3,2,350.7,119.4,28.5,87.4
46,19,46,5,1,0,2,0,1,0,1,0,83.3,34.2,84.8,9.0
14,68,22,20,1,0,0,2,3,0,3,2,23.7,122.4,36.6,37.0
44,6,15,44,2,3,2,1,2,2,0,2,80.2,13.3,30.0,78.7
9,33,40,34,2,2,3,1,0,1,3,0,19.2,61.4,73.5,62.7
14,42,59,51,3,2,2,3,3,0,3,2,26.7,78.60000000000001,106.2,94.3
16,60,22,31,0,3,1,0,3,2,0,0,25.8,110.5,41.1,55.800000000000004
19,20,51,39,2,3,1,1,0,3,1,2,37.2,37.5,92.3,69.7
18,62,18,53,1,1,2,2,3,2,0,2,30.9,111.10000000000001,35.4,96.4
34,65,6,40,2,1,3,3,3,2,1,3,61.2,116.5,14.3,73.5
60,42,45,58,3,1,0,3,3,2,3,3,109.5,75.10000000000001,78.0,105.9
22,170,60,15,0,0,0,2,0,2,3,0,39.6,304.0,105.0,30.0
9,69,5,154,1,3,3,2,2,0,2,3,15.7,128.7,11.5,277.2
39,67,0,33,2,3,2,0,1,3,0,0,72.2,122.10000000000001,0.0,59.4
44,75,67,30,3,1,3,1,1,2,3,3,82.7,134.5,122.10000000000001,52.5
61,45,149,22,0,1,0,2,2,1,0,3,107.8,81.5,268.2,39.6
23,40,18,39,2,0,0,0,3,1,1,1,41.4,71.0,31.4,69.2
33,176,9,21,2,1,2,2,0,3,2,1,62.4,315.3,17.2,39.800000000000004
0,64,171,52,2,3,2,1,3,0,1,0,0.0,119.7,309.8,95.10000000000001
10,34,68,57,0,2,3,1,1,2,1,3,17.0,62.2,125.9,101.10000000000001
63,14,26,8,1,3,3,1,1,2,1,0,113.9,27.7,50.300000000000004,15.9
3,58,27,67,0,2,2,3,0,1,3,0,5.4,106.4,48.6,125.10000000000001
63,11,56,38,3,2,1,0,2,2,3,3,115.9,20.8,99.3,65.4
46,180,126,35,3,0,0,0,3,0,0,3,84.3,324.0,226.8,60.0
2,127,23,46,3,3,2,0,0,0,1,2,8.1,233.1,43.4,80.8
68,30,25,72,0,0,1,1,0,0,3,2,122.4,54.0,43.5,129.1
69,66,21,38,3,0,2,3,1,1,1,2,127.69999999999999,117.8,39.800000000000004,70.9
31,47,55,32,0,1,2,1,1,2,1,3,54.800000000000004,84.10000000000001,101.0,56.1
62,4,63,25,3,2,2,0,3,0,0,0,113.10000000000001,10.2,116.4,45.0
13,13,55,62,0,0,1,2,0,3,0,1,23.400000000000002,20.400000000000002,100.5,113.60000000000001
35,43,10,40,3,2,0,3,3,1,2,2,64.5,79.4,16.0,74.5
16,38,89,9,2,3,1,3,2,1,3,0,29.8,71.9,158.70000000000002,20.7
1,57,162,34,1,2,2,1,1,0,3,0,2.3,105.60000000000001,291.6,62.7
70,67,36,41,3,3,2,2,3,3,0,1,127.5,122.10000000000001,67.8,75.8
33,134,29,67,2,1,1,3,2,1,0,3,60.4,241.70000000000002,53.7,122.10000000000001
19,46,15,15,1,1,0,1,2,1,1,1,33.7,83.3,26.0,27.5
4,124,52,36,3,3,0,3,2,3,3,2,9.7,224.70000000000002,90.60000000000001,67.3
62,42,1,27,2,3,3,1,2,1,2,2,112.60000000000001,79.10000000000001,4.3,48.1
44,59,57,49,3,1,0,1,1,0,2,3,82.7,107.7,100.60000000000001,86.7
6,68,40,14,1,1,3,0,0,3,3,3,12.3,120.9,73.5,22.2
98,30,160,15,3,0,2,1,2,2,1,3,178.9,52.0,290.0,25.5
64,37,47,18,3,0,2,1,2,2,1,2,117.7,64.60000000000001,86.60000000000001,31.9
28,39,50,19,1,1,2,1,0,0,2,3,51.9,71.7,91.0,32.7
25,66,18,58,1,0,1,1,1,3,3,2,45.5,115.8,30.9,103.9
43,135,33,59,0,0,0,2,1,0,1,1,76.4,243.0,58.4,108.2
183,100,198,51,3,3,3,2,2,1,0,0,331.90000000000003,183.5,360.90000000000003,94.8
47,10,2,63,3,0,3,3,1,1,3,2,88.10000000000001,17.0,5.1,115.9
15,30,54,49,0,3,2,2,1,3,0,1,26.0,55.5,100.2,90.2
36,61,70,161,0,1,0,0,0,0,3,0,64.8,111.3,123.0,289.8
40,46,55,174,0,3,3,0,0,3,2,3,72.0,84.3,101.5,310.2
118,29,135,43,2,2,3,2,0,1,0,0,215.4,54.2,247.5,80.4
55,44,29,137,0,2,1,0,0,0,0,1,99.0,82.2,53.7,245.6
100,10,35,23,2,3,3,3,2,1,3,0,181.0,21.5,64.5,45.9
36,23,17,4,2,2,0,2,0,1,0,0,67.8,43.4,30.6,10.2
14,14,54,45,3,2,3,1,1,1,0,1,28.7,27.2,101.7,81.5
146,41,11,43,2,3,2,2,0,1,3,1,265.8,77.3,19.8,79.4
43,162,44,36,3,0,0,3,1,2,2,0,80.9,289.6,77.2,69.3
113,86,160,46,1,3,0,2,2,0,3,2,202.9,159.3,285.0,83.8
3,28,117,151,2,0,1,0,3,0,1,1,5.4,50.4,211.1,270.8
25,25,20,13,0,3,3,1,1,1,3,3,44.0,48.5,37.5,21.900000000000002
10,45,79,16,2,0,3,2,0,0,1,3,21.0,81.0,145.70000000000002,28.8
34,24,17,28,3,1,1,0,1,0,2,1,64.7,44.7,30.1,49.4
195,75,27,43,3,0,1,1,1,0,1,2,354.5,135.0,49.1,76.9
57,140,71,36,2,2,1,2,0,1,1,0,105.60000000000001,254.0,128.3,67.8
156,183,39,20,0,0,3,1,3,3,3,3,277.8,326.40000000000003,71.7,34.5
57,169,27,23,3,1,3,2,0,1,1,1,107.10000000000001,304.7,52.1,43.4
57,58,47,39,3,1,3,1,1,1,0,0,106.10000000000001,104.9,89.10000000000001,71.7
1,56,46,119,0,2,1,3,2,1,2,3,0.0,102.8,82.3,215.70000000000002
9,77,106,57,0,0,0,0,1,2,0,0,15.2,136.6,190.8,102.60000000000001
96,26,12,45,3,1,2,2,0,0,1,3,177.3,48.300000000000004,23.6,81.0
18,143,34,55,0,1,1,2,2,1,2,3,30.4,257.90000000000003,60.7,99.0
49,151,183,29,1,0,1,1,1,1,2,2,88.7,270.8,328.90000000000003,51.7
34,20,29,192,0,1,0,0,2,2,1,3,59.2,35.5,51.2,342.6
21,2,7,2,2,2,0,1,2,2,1,0,38.800000000000004,4.6,11.6,5.1
47,105,53,35,1,2,3,0,0,0,1,0,86.10000000000001,192.0,98.9,63.0
165,45,48,48,3,0,3,2,3,2,3,3,298.5,79.0,87.9,86.4
198,132,23,160,3,1,2,2,1,2,2,3,359.90000000000003,237.1,42.4,288.0
30,21,41,34,0,0,1,3,3,1,2,0,51.0,36.800000000000004,73.3,65.7
55,40,139,83,3,3,3,3,3,2,1,2,100.5,74.5,253.70000000000002,151.9
40,68,136,1,1,0,3,2,2,3,3,1,71.5,119.4,246.3,3.8
152,71,17,46,3,1,0,2,2,3,2,2,276.1,126.30000000000001,28.6,83.8
51,38,57,50,0,3,3,3,2,1,0,3,89.8,71.9,107.10000000000001,91.5
56,64,190,23,1,2,1,3,2,1,3,0,100.3,117.2,340.5,45.9
59,0,21,23,1,1,2,3,2,2,3,2,105.7,0.0,37.800000000000004,43.9
51,29,37,30,0,3,0,3,2,1,0,2,89.8,55.7,66.60000000000001,56.5
37,46,70,47,3,3,0,3,1,1,3,3,70.10000000000001,86.3,123.0,86.10000000000001
168,34,56,108,3,0,2,0,0,1,1,3,306.90000000000003,60.2,102.8,191.4
11,25,65,17,1,1,3,0,3,0,3,2,18.3,46.5,118.5,28.6
12,53,59,3,2,2,3,0,0,1,1,3,24.6,97.4,109.7,2.4000000000000004
8,99,70,65,1,0,1,0,0,1,1,0,15.9,177.20000000000002,126.5,117.0
145,55,69,52,1,3,2,2,1,3,2,3,261.5,100.5,125.2,93.60000000000001
36,18,52,108,2,1,0,2,2,1,2,0,65.8,32.9,91.60000000000001,197.4
181,181,164,33,0,0,2,0,0,3,0,2,325.8,322.8,298.2,57.4
6,34,23,28,0,3,3,1,0,3,1,0,10.8,62.7,44.9,51.9
61,19,13,19,3,0,3,1,3,1,3,3,111.3,33.2,24.900000000000002,32.7
60,140,18,34,0,1,0,3,3,0,1,3,105.0,253.5,31.4,62.7
3,66,5,2,1,1,3,0,3,1,3,2,3.9000000000000004,119.3,10.5,1.6
19,67,154,58,3,1,0,3,2,2,3,0,36.7,120.10000000000001,274.2,108.9
178,38,72,38,0,3,0,3,2,2,3,3,318.40000000000003,70.9,126.6,69.9
86,46,32,22,0,0,2,0,0,3,2,0,154.8,79.8,58.6,39.6
63,11,69,37,3,1,0,1,1,3,0,3,116.9,18.3,124.2,65.10000000000001
59,1,42,191,0,2,1,3,3,0,1,1,103.2,4.8,76.10000000000001,347.3
66,30,16,69,3,3,1,0,1,1,1,2,122.3,57.5,29.3,122.2
42,29,65,78,0,3,3,2,2,0,0,2,73.60000000000001,56.7,121.5,141.4
37,72,118,46,2,1,0,3,1,2,0,1,68.60000000000001,129.1,212.4,86.3
128,29,126,33,2,2,2,2,2,3,2,0,231.4,52.2,227.8,62.4
11,55,32,17,0,1,1,2,3,3,2,0,16.8,97.5,57.1,33.6
20,29,13,67,0,1,1,3,3,2,0,1,33.0,51.7,24.900000000000002,124.10000000000001
164,6,69,25,3,0,3,2,2,1,3,2,297.7,9.8,125.69999999999999,46.0
64,25,31,17,3,2,1,0,1,0,0,3,118.7,48.0,57.300000000000004,27.6
74,41,57,9,3,1,0,2,3,1,1,3,134.70000000000002,74.3,101.60000000000001,16.2
90,47,61,173,2,2,3,1,3,2,0,3,162.0,85.60000000000001,114.3,309.90000000000003
37,62,198,163,1,3,1,3,2,0,0,1,66.10000000000001,116.10000000000001,357.90000000000003,296.90000000000003
11,16,18,78,2,1,3,3,1,3,1,2,21.8,27.3,35.9,142.9
45,10,22,142,0,1,3,2,1,0,1,1,80.0,19.5,43.1,257.6
61,14,29,34,3,3,2,3,0,3,0,1,114.3,26.7,55.2,64.7
35,13,92,5,1,1,1,1,3,1,2,2,61.5,23.900000000000002,165.1,8.5
107,58,27,46,1,3,3,3,0,1,0,3,194.1,107.9,53.1,84.3
62,31,16,49,3,3,0,1,0,2,1,0,116.10000000000001,58.300000000000004,27.8,89.7
33,42,68,34,2,3,0,0,3,1,1,3,59.4,79.10000000000001,121.4,58.2
44,53,22,177,2,0,3,3,0,1,1,3,82.2,94.4,43.1,320.1
154,21,63,64,2,1,0,2,2,3,3,3,278.2,36.300000000000004,110.4,115.2
19,35,15,103,1,0,2,1,3,3,3,1,32.7,60.0,27.0,185.9
34,48,43,15,1,3,0,1,1,1,2,1,61.7,89.9,75.4,27.5
41,51,7,68,3,2,0,1,2,0,2,0,76.3,94.8,10.6,123.9
48,19,53,11,1,2,2,0,3,1,1,0,84.9,36.2,97.4,19.8
36,46,21,184,3,3,1,1,1,0,0,0,68.3,87.3,39.300000000000004,332.7
62,40,51,67,0,1,1,0,1,3,2,0,110.60000000000001,70.5,91.3,120.60000000000001
35,16,28,24,2,0,0,3,3,0,3,1,63.0,28.8,47.4,46.7
67,46,189,50,0,1,0,1,2,2,1,3,118.60000000000001,82.3,339.2,88.5
45,10,63,58,3,1,2,3,3,2,3,3,82.5,17.5,113.4,105.9
60,36,93,45,2,0,3,2,2,3,0,2,109.0,61.8,171.9,82.0
156,60,78,35,3,3,0,1,2,3,2,0,283.3,109.5,138.4,64.5
28,47,15,12,3,2,1,2,0,0,1,2,54.9,87.60000000000001,27.5,22.6
63,6,144,34,1,3,0,2,1,0,2,2,113.9,15.3,257.2,62.2
83,88,27,64,2,2,0,2,0,1,1,0,152.4,160.4,47.6,118.2
70,11,15,169,3,2,3,3,2,3,2,3,128.5,19.8,29.5,305.7
67,197,103,29,0,1,0,0,3,0,0,1,117.60000000000001,356.1,185.4,51.2
60,94,33,150,1,0,2,2,1,0,0,1,108.5,169.20000000000002,62.4,272.0
18,54,7,34,0,1,0,3,3,2,0,3,29.4,96.7,12.6,62.7
121,12,51,160,2,2,1,1,1,3,3,1,219.8,21.6,90.3,288.5
55,119,38,61,2,3,2,1,2,2,3,1,100.0,216.70000000000002,68.4,110.3
66,45,11,42,2,1,1,2,3,0,2,1,118.8,82.5,19.3,77.60000000000001
63,5,109,194,0,2,0,1,2,2,2,0,111.4,10.0,194.20000000000002,350.7
59,43,52,190,2,3,2,0,3,0,0,3,106.2,81.9,96.60000000000001,339.0
54,28,14,29,1,1,3,0,1,3,0,1,97.7,48.9,29.7,51.2
7,42,56,5,0,2,3,2,0,3,0,1,12.6,75.60000000000001,105.3,11.0
57,71,30,39,3,0,3,3,0,1,1,1,107.10000000000001,126.8,57.5,73.7
2,19,55,161,2,3,1,2,3,0,0,0,3.5999999999999996,38.7,100.5,292.8
157,105,62,37,2,3,0,3,3,2,1,1,282.6,191.5,110.60000000000001,70.10000000000001
103,61,52,10,1,2,3,3,2,3,0,2,184.9,109.8,98.10000000000001,20.5
2,19,60,151,0,3,0,3,0,2,3,1,3.6,36.7,105.0,275.3
0,54,36,35,2,3,0,3,3,2,1,1,0.0,99.7,63.8,66.5
25,23,33,110,3,3,0,3,2,3,2,0,47.5,42.9,57.4,202.5
194,23,62,160,0,2,2,2,2,3,0,1,347.2,41.4,114.60000000000001,290.0
53,18,13,55,2,1,0,0,3,3,2,3,95.4,30.9,21.400000000000002,96.0
11,55,181,33,2,0,0,3,0,3,0,3,22.8,96.0,325.8,60.9
23,36,12,33,1,2,2,3,3,3,0,1,39.9,64.8,24.6,62.9
52,6,62,20,2,2,1,0,1,3,0,2,95.60000000000001,10.8,113.10000000000001,34.0
12,59,66,163,1,2,1,1,2,1,2,2,21.1,108.2,118.3,292.90000000000003
29,115,37,87,2,1,2,2,0,0,2,0,55.2,208.5,67.60000000000001,159.6
149,61,78,23,3,1,2,0,1,3,1,0,271.7,108.3,142.4,41.4
104,31,6,41,2,0,2,1,0,2,0,0,190.20000000000002,53.800000000000004,13.8,75.3
23,57,1,58,0,0,2,0,2,0,0,2,39.4,102.60000000000001,4.8,102.4
70,69,46,41,1,3,0,0,1,0,1,3,126.5,128.7,81.8,70.8
121,43,35,37,3,1,1,2,1,3,0,2,221.3,75.9,64.5,67.60000000000001
20,173,59,60,3,0,0,2,0,2,2,3,40.5,309.40000000000003,104.2,108.0
193,30,14,20,1,1,0,1,3,1,1,2,345.90000000000003,54.5,24.2,35.5
37,90,60,152,0,3,0,2,3,0,1,2,63.60000000000001,166.5,107.0,274.6
94,60,35,88,2,3,1,0,3,1,2,0,169.20000000000002,111.5,62.5,158.4
11,14,156,77,0,3,1,1,1,3,1,0,18.8,26.7,281.3,140.1
27,40,173,61,0,0,1,3,2,0,1,2,46.6,72.0,311.90000000000003,112.3
105,56,0,14,0,3,2,0,1,0,1,3,188.0,105.3,0.0,22.2
2,52,160,52,0,1,2,3,0,3,0,1,3.6,92.10000000000001,291.0,97.10000000000001
34,47,21,70,0,0,3,0,3,2,0,0,58.2,82.60000000000001,42.300000000000004,126.0
51,109,26,72,1,1,3,2,1,0,3,0,92.3,197.70000000000002,48.300000000000004,132.6
31,7,65,35,1,3,2,1,2,0,0,2,55.300000000000004,17.1,120.0,62.5
118,87,18,48,1,0,0,2,0,0,0,2,213.9,156.6,32.4,87.4
54,20,24,8,0,0,1,2,1,2,0,1,96.2,34.0,44.7,16.4
14,33,59,16,0,0,2,2,1,0,3,2,24.2,59.4,106.2,29.8
50,45,34,19,0,0,0,0,1,2,0,2,89.0,79.0,61.2,32.2
41,19,66,175,2,1,2,3,3,2,1,1,73.8,33.7,120.8,318.5
12,62,58,25,2,1,0,0,1,3,2,3,23.6,110.10000000000001,102.4,42.0
1,39,7,1,0,2,2,1,2,1,0,2,0.0,72.2,15.6,1.2999999999999998
62,27,61,172,1,3,2,3,3,1,1,0,110.10000000000001,52.1,111.8,314.1
35,90,59,105,2,2,1,0,3,2,0,2,63.0,163.0,107.7,187.0
28,32,19,4,2,1,3,3,2,1,1,2,51.4,58.1,37.7,9.7
46,13,39,62,1,1,1,3,0,2,2,3,84.3,22.900000000000002,69.7,113.10000000000001
38,22,186,158,3,3,1,1,1,0,2,1,71.9,44.1,334.3,284.90000000000003
110,90,175,29,3,1,1,0,3,3,3,1,199.5,160.5,313.5,51.2
137,51,17,190,1,1,3,2,1,3,3,2,247.1,90.3,32.1,343.0
70,123,19,70,1,1,0,2,0,1,0,2,127.5,221.9,34.2,127.0
4,147,38,3,1,1,3,1,1,0,2,0,7.699999999999999,266.1,70.9,6.9
41,45,41,29,0,3,1,2,3,2,0,3,70.8,83.5,75.3,52.2
101,51,8,46,1,3,2,3,2,1,0,3,181.3,95.3,17.4,84.3
170,61,41,30,0,0,3,0,1,1,1,0,305.0,108.8,77.3,54.0
52,4,135,0,1,2,2,3,2,0,0,1,93.10000000000001,10.2,246.0,0.0
41,45,6,27,3,2,2,3,0,2,2,3,78.3,82.0,11.8,50.1
6,65,49,165,2,0,0,0,2,2,0,1,11.8,115.0,88.2,296.0
56,22,157,34,2,0,3,1,2,3,0,2,101.8,36.6,287.1,60.7
31,183,7,23,0,0,3,0,0,1,1,0,55.800000000000004,328.40000000000003,16.1,41.4
25,56,43,64,3,1,0,1,0,0,3,3,49.5,102.3,74.4,113.7
5,173,52,7,2,3,2,3,1,0,1,1,11.0,315.90000000000003,95.60000000000001,16.1
34,2,12,24,0,1,3,0,0,3,2,0,61.2,2.0999999999999996,24.1,43.2
98,57,51,22,3,3,3,3,2,0,1,3,178.9,107.10000000000001,95.3,41.1
1,6,7,147,2,3,1,0,0,3,3,3,4.8,12.3,11.1,261.6
3,23,26,63,3,0,1,1,0,2,1,3,9.9,39.4,47.300000000000004,111.9
17,10,60,128,1,1,2,2,1,3,3,3,31.1,16.5,108.0,230.4
13,65,52,52,0,2,1,1,0,1,2,0,23.400000000000002,119.0,93.10000000000001,95.10000000000001
45,40,63,104,0,1,3,1,3,1,0,1,78.0,72.5,117.9,187.70000000000002
29,58,129,32,1,1,3,0,3,0,2,0,50.7,105.9,234.70000000000002,57.6
139,0,60,25,0,3,1,2,2,2,3,0,248.20000000000002,0.0,106.5,48.0
34,136,19,3,0,2,0,1,2,0,3,3,59.2,247.8,31.200000000000003,3.9000000000000004
15,1,103,21,1,2,2,3,0,1,1,2,28.5,3.8,187.4,40.300000000000004
8,4,83,41,1,0,3,1,0,3,3,2,15.9,4.2,150.9,73.3
112,25,65,10,2,3,3,0,1,0,2,0,203.6,49.5,119.5,18.0
29,103,19,147,0,0,2,1,2,3,3,1,50.2,182.4,34.2,265.1
106,175,2,38,0,1,3,3,3,1,1,3,187.8,315.5,7.1,69.9
55,65,0,3,3,1,2,3,3,0,0,0,100.5,118.5,0.0,9.9
35,64,66,147,3,3,1,1,0,0,1,1,67.5,119.7,119.3,265.1
51,53,61,41,3,2,2,2,2,0,2,3,94.3,98.4,110.8,73.8
53,2,24,24,1,1,2,3,2,3,3,1,94.9,2.0999999999999996,43.2,46.7
18,12,69,18,0,3,2,0,3,1,2,1,29.4,25.1,125.2,31.4
60,43,69,43,2,0,1,1,0,3,3,1,111.0,74.4,122.7,77.9
89,65,25,165,3,1,3,1,0,0,3,1,164.70000000000002,118.5,46.5,297.5
95,28,52,4,2,0,1,1,3,1,2,2,171.0,49.4,93.10000000000001,6.699999999999999
6,23,116,157,2,0,0,2,1,2,2,3,12.8,39.4,206.8,282.6
27,145,153,159,3,0,3,1,2,1,0,2,51.1,260.0,279.90000000000003,285.7
21,48,107,5,2,2,2,0,2,3,3,0,38.800000000000004,86.4,192.6,9.0
14,69,34,69,3,0,2,0,1,2,3,1,28.7,122.2,61.2,123.2
39,2,49,41,0,2,2,3,3,2,1,2,67.2,4.6,90.2,76.3
24,51,50,66,1,1,3,3,1,1,2,2,43.7,92.3,92.5,121.3
125,21,117,66,3,3,0,2,2,0,0,1,227.5,42.300000000000004,210.6,120.8
65,60,2,38,0,2,1,0,0,3,1,1,117.0,108.0,4.1,67.4
136,7,4,8,3,0,1,2,2,1,1,0,247.3,11.6,7.699999999999999,17.4
43,156,148,51,2,0,0,3,0,2,1,1,80.4,278.8,265.40000000000003,95.3
29,50,29,17,0,2,3,1,3,0,1,2,49.2,93.0,55.7,30.1
0,67,10,65,2,1,2,1,3,2,0,1,0.0,120.10000000000001,21.0,117.5
65,36,15,27,2,1,3,1,3,1,0,1,117.0,65.3,31.5,49.1
93,27,50,61,2,1,3,1,2,2,3,2,168.4,48.1,91.5,109.3
56,40,16,22,3,1,0,2,2,2,1,3,103.3,71.5,27.8,39.6
65,28,20,27,0,3,1,2,1,0,2,0,116.0,54.9,35.5,51.6
4,41,2,67,1,2,0,2,1,0,0,0,7.699999999999999,76.8,3.6,123.60000000000001
52,20,27,21,1,0,0,0,2,3,1,3,93.10000000000001,33.0,47.6,34.800000000000004
60,35,0,53,0,2,1,1,0,3,1,1,108.0,63.0,0.0,95.9
144,130,60,5,3,1,1,0,1,2,1,3,262.7,233.5,108.5,6.0
86,57,32,80,0,0,2,2,2,2,3,0,152.8,100.60000000000001,57.6,147.0
29,170,43,23,3,3,0,3,3,0,3,2,53.7,310.5,74.4,43.9
28,33,54,54,0,0,1,3,0,1,1,0,50.4,58.4,97.7,101.7
114,41,41,30,3,1,0,0,2,1,0,1,207.70000000000002,74.3,73.8,53.0
136,44,78,49,3,0,0,2,3,0,3,0,246.3,79.2,137.4,91.2
78,68,67,40,3,3,1,0,2,1,0,2,142.9,125.9,122.10000000000001,70.0
29,25,21,68,0,0,3,2,2,0,3,0,50.2,45.0,39.300000000000004,125.4
22,44,184,45,3,3,0,1,2,1,3,2,42.1,82.7,328.2,80.5
144,128,42,53,0,3,1,1,3,2,2,2,256.2,232.9,75.10000000000001,94.9
52,127,47,46,2,2,2,3,0,0,3,2,96.60000000000001,231.6,84.60000000000001,85.3
23,39,64,59,0,3,0,3,3,2,0,0,38.4,72.7,115.2,110.7
43,61,36,18,0,3,2,0,0,3,1,2,77.4,111.3,66.8,30.4
197,9,56,46,1,3,3,0,2,0,0,3,354.1,20.7,105.3,79.8
173,9,11,69,2,2,1,3,1,3,2,2,313.40000000000003,16.2,19.3,126.69999999999999
2,57,65,64,1,1,2,2,2,3,2,3,3.0999999999999996,101.10000000000001,118.0,115.2
53,59,25,67,2,1,0,0,0,3,2,0,98.4,104.7,43.0,120.60000000000001
25,1,64,52,2,3,0,3,3,2,2,0,45.0,4.3,113.2,98.10000000000001
96,21,45,19,3,3,2,0,0,0,3,3,177.3,42.300000000000004,81.0,31.200000000000003
109,34,44,14,1,0,0,0,3,2,3,0,194.70000000000002,59.2,76.2,25.2
40,50,6,29,3,2,0,2,2,1,2,2,74.5,92.0,8.8,53.2
35,68,60,60,1,1,2,2,0,1,2,3,64.5,122.9,109.0,108.0
5,13,189,26,3,0,1,0,1,2,0,2,12.5,21.400000000000002,341.7,44.800000000000004
22,56,181,27,1,3,0,1,1,3,0,3,40.1,102.3,325.8,47.1
36,43,33,12,2,3,3,3,2,0,3,1,65.8,81.9,60.9,25.1
1,8,66,2,0,0,3,2,0,1,2,0,1.8,13.4,121.3,6.6
47,28,10,16,2,0,1,1,1,3,0,0,86.60000000000001,47.4,19.5,30.3
44,49,20,51,0,1,1,1,1,0,1,0,78.2,89.7,36.5,93.3
46,40,56,42,0,3,1,2,0,0,0,2,82.8,76.5,102.3,76.60000000000001
166,15,188,20,3,1,3,2,3,1,3,1,300.3,27.5,339.90000000000003,38.0
10,167,58,11,3,2,3,1,0,3,3,1,22.5,300.6,105.9,20.3
25,34,23,87,3,0,0,1,3,2,3,1,46.5,59.2,38.4,157.1
47,34,21,50,0,1,2,1,0,1,0,1,84.60000000000001,61.7,40.800000000000004,90.5
108,45,190,11,2,3,1,0,2,3,1,0,195.4,82.5,342.5,19.8
27,57,37,152,3,3,3,1,2,1,3,2,51.1,106.10000000000001,68.10000000000001,273.1
14,42,187,74,1,2,0,3,0,2,1,1,26.7,76.60000000000001,335.6,136.70000000000002
58,30,68,53,3,1,0,1,2,0,2,0,106.9,55.5,120.4,96.9
54,15,27,27,3,2,2,2,3,1,2,1,98.7,29.0,49.6,50.6
200,61,37,64,1,1,1,3,1,3,0,2,360.5,108.3,68.10000000000001,117.7
111,65,44,64,1,1,1,1,1,3,0,1,200.3,115.5,80.7,115.7
54,29,19,63,0,1,2,1,1,3,0,0,96.2,50.7,37.2,114.9
36,53,63,14,2,1,2,3,0,1,3,2,67.8,95.9,113.4,27.7
74,94,11,64,3,0,0,2,3,1,3,0,134.70000000000002,168.20000000000002,16.8,118.2
11,70,37,50,3,0,3,0,0,3,2,0,24.3,123.0,69.10000000000001,90.0
194,0,25,68,1,2,3,1,3,3,1,1,347.7,0.0,48.5,122.9
22,82,13,5,0,0,3,3,3,1,3,1,36.6,146.6,24.900000000000002,12.5
92,35,37,0,3,1,1,0,3,3,0,3,167.1,61.5,68.10000000000001,0.0
26,37,54,1,1,2,1,3,1,1,3,1,47.300000000000004,68.60000000000001,95.7,5.3
48,50,18,13,1,3,2,1,0,2,2,1,87.9,92.5,33.4,23.900000000000002
54,51,50,47,2,0,0,0,1,0,2,2,99.2,91.8,88.0,82.60000000000001
17,125,121,166,1,1,3,3,1,2,3,2,31.1,224.5,219.3,301.3
16,45,67,150,1,0,2,3,2,3,2,0,28.3,78.0,121.60000000000001,274.5
56,25,123,64,1,3,1,0,2,3,0,1,100.3,46.5,222.9,114.2
49,56,41,8,0,3,3,3,1,3,3,2,87.2,102.3,75.3,16.9
27,138,17,66,3,3,3,0,2,0,1,2,51.1,252.9,34.1,116.8
8,8,50,10,1,1,3,0,2,1,2,3,13.9,14.9,92.5,15.0
16,5,190,49,2,0,2,1,2,3,1,1,29.8,6.0,344.0,88.7
70,47,60,101,1,0,2,2,1,0,3,2,126.5,84.60000000000001,108.0,182.8
21,41,1,14,2,1,3,3,3,0,1,3,37.800000000000004,75.3,5.3,26.7
0,56,64,157,0,2,1,3,2,3,2,2,0.0,100.8,114.7,285.1
89,67,13,25,2,1,2,1,1,1,0,2,162.20000000000002,121.10000000000001,26.400000000000002,44.5
67,55,19,32,1,1,3,2,0,1,1,2,122.10000000000001,99.5,37.7,58.6
195,30,12,1,2,0,3,2,3,0,0,3,351.0,54.0,26.1,1.7999999999999998
17,58,28,2,0,2,0,0,0,1,2,1,30.6,106.4,48.4,2.6
23,139,51,29,1,2,2,3,0,3,0,2,42.9,250.20000000000002,94.8,54.7
34,21,36,18,0,2,1,2,1,1,2,3,60.2,39.800000000000004,64.3,32.4
52,46,65,2,1,2,0,2,1,2,1,2,94.10000000000001,83.8,116.0,4.6
37,59,0,157,1,0,3,1,3,3,3,3,65.10000000000001,103.2,0.0,281.1
32,8,48,170,3,3,0,2,0,2,3,0,62.1,16.9,83.4,309.0
52,79,3,52,1,2,0,0,2,0,2,1,93.10000000000001,145.20000000000002,3.4000000000000004,92.60000000000001
67,6,132,32,2,0,2,2,3,0,3,0,120.60000000000001,10.8,237.6,60.6
18,57,116,52,3,0,3,3,3,3,1,1,33.9,99.60000000000001,212.3,97.10000000000001
1,107,46,62,1,0,3,3,2,2,0,1,1.2999999999999998,190.6,87.3,115.10000000000001
7,1,26,47,0,2,3,2,2,2,3,0,10.6,2.8,48.300000000000004,87.60000000000001
45,4,28,43,0,0,2,1,1,0,0,3,80.0,7.2,53.4,75.9
43,46,184,150,1,0,3,3,0,3,3,0,78.9,79.8,332.7,274.5
43,44,8,13,2,2,1,1,0,3,1,3,80.4,79.2,14.9,21.900000000000002
195,94,5,19,1,3,3,0,3,0,2,0,349.5,173.70000000000002,11.5,34.2
11,16,41,35,1,1,0,0,1,1,1,2,20.3,29.3,72.8,61.0
4,13,53,175,1,1,2,3,0,1,2,2,8.7,23.900000000000002,96.4,317.5
21,48,30,54,0,0,1,0,0,1,1,0,37.800000000000004,85.4,54.5,97.2
94,179,7,70,1,1,1,0,1,0,2,1,169.70000000000002,323.7,12.1,125.0
192,16,34,145,0,2,3,0,3,2,1,2,342.6,29.8,64.7,259.0
16,0,2,4,1,0,2,2,1,3,3,3,29.3,0.0,3.5999999999999996,7.199999999999999
41,19,165,10,1,2,3,3,2,0,0,0,73.3,37.2,301.5,22.5
155,57,50,38,2,0,2,0,0,3,1,3,282.0,99.60000000000001,92.0,65.4
22,57,56,118,2,2,3,1,0,3,1,3,42.6,102.60000000000001,104.3,210.9
2,23,26,44,3,3,3,1,0,3,1,0,8.1,42.9,50.300000000000004,80.7
49,66,57,63,1,2,0,3,2,3,2,3,87.7,118.8,100.60000000000001,114.9
103,197,29,45,3,1,2,1,0,2,3,1,189.9,354.1,52.2,81.5
9,54,74,55,1,3,3,3,1,3,2,1,16.7,98.7,135.70000000000002,102.5
41,14,101,11,1,2,3,0,0,3,3,0,75.3,25.2,183.3,19.8
137,96,177,151,0,0,2,0,2,3,1,3,244.6,169.8,320.6,268.8
159,15,3,6,0,0,2,2,1,2,1,1,285.2,25.0,7.4,12.8
136,51,20,66,2,0,1,0,1,0,1,0,246.8,91.8,36.5,118.8
1,8,5,27,2,0,2,2,2,2,2,2,2.8,12.4,10.0,49.6
51,53,200,48,0,0,0,3,1,1,0,3,90.8,94.4,360.0,87.9
9,164,65,81,0,1,1,2,1,3,0,1,15.2,293.7,118.5,147.8
43,48,62,33,1,2,3,0,1,0,0,1,77.9,89.4,116.10000000000001,58.4
186,0,90,61,1,2,2,1,2,3,2,1,334.3,0.0,163.0,110.3
58,93,7,63,0,1,2,3,1,2,1,3,103.4,166.9,14.6,114.9
5,37,10,192,0,0,1,1,2,1,0,2,7.0,65.60000000000001,19.5,345.1
34,60,4,29,0,2,2,0,0,2,1,1,61.2,109.0,9.2,51.2
3,10,51,8,3,2,2,1,1,0,0,0,8.9,21.0,94.8,15.9
101,68,1,68,0,3,3,3,3,1,1,2,178.8,125.9,5.3,124.9
18,23,50,68,3,2,2,1,3,1,0,2,33.9,43.4,93.0,121.9
145,163,63,25,0,0,0,2,2,0,1,3,259.0,293.40000000000003,112.4,45.0
20,21,26,24,0,1,1,3,2,3,2,2,34.0,36.300000000000004,46.300000000000004,45.7
31,29,6,45,3,0,1,3,0,2,3,3,60.300000000000004,50.2,9.3,82.5
56,64,44,122,3,2,0,0,1,2,3,3,104.3,116.2,76.2,216.6
13,143,91,35,0,1,1,3,2,3,3,3,21.400000000000002,255.90000000000003,162.3,64.5
50,0,51,43,0,1,1,0,0,2,0,3,90.0,0.0,93.3,74.4
40,25,35,74,1,3,2,0,2,3,0,1,71.5,46.5,66.0,132.20000000000002
68,3,53,52,1,2,1,3,1,0,0,0,122.9,8.4,96.9,98.10000000000001
8,34,65,143,1,3,3,2,2,1,1,1,13.9,64.7,120.5,259.40000000000003
163,21,10,54,2,1,2,0,0,3,3,0,296.40000000000003,36.300000000000004,18.0,97.2
144,10,11,153,0,1,3,3,2,2,0,0,257.2,17.5,24.3,279.90000000000003
40,81,18,68,3,1,2,1,2,1,0,2,74.5,146.3,35.4,121.9
67,70,34,47,2,0,1,1,0,2,2,3,123.60000000000001,124.0,60.7,83.10000000000001
164,36,53,70,2,3,3,2,1,3,1,2,297.2,66.3,98.9,127.0
39,99,61,49,2,0,2,0,2,0,0,2,71.2,178.20000000000002,112.8,86.2
14,20,37,4,0,1,0,1,2,1,0,2,23.2,36.5,66.60000000000001,6.699999999999999
192,52,43,32,0,2,3,3,0,1,2,0,345.6,95.60000000000001,79.9,62.1
73,22,1,127,1,1,0,1,3,2,2,2,129.9,39.1,0.0,228.1
132,103,16,131,1,3,1,3,1,0,2,0,238.1,189.9,28.3,240.3
3,62,30,114,1,1,1,2,3,1,0,3,3.9000000000000004,112.10000000000001,55.5,205.20000000000002
90,34,44,60,3,2,1,3,1,2,2,3,165.5,62.2,78.7,109.5
19,48,13,25,0,0,2,2,1,1,3,3,33.2,85.4,23.400000000000002,45.0
61,35,15,97,1,0,1,0,1,0,1,3,110.3,63.0,27.5,171.6
26,45,22,23,2,2,1,3,0,0,3,0,49.800000000000004,84.0,38.1,45.9
2,176,61,56,0,1,0,2,1,0,2,0,2.6,318.3,107.8,103.8
4,199,58,194,1,2,0,1,3,2,1,3,5.699999999999999,359.2,103.4,347.7
45,68,30,65,0,2,0,3,3,2,3,1,78.0,123.4,51.0,120.5
21,22,45,38,3,2,0,1,0,2,2,2,42.300000000000004,40.6,79.0,67.9
0,58,46,183,3,2,0,3,1,1,3,3,0.0,106.4,79.8,330.90000000000003
37,1,17,5,1,1,2,2,3,0,0,2,65.10000000000001,3.3,33.6,10.0
67,18,21,4,3,3,3,1,0,1,2,0,125.10000000000001,35.9,40.300000000000004,8.7
16,18,13,65,2,0,1,3,2,0,2,0,29.8,32.4,22.900000000000002,121.5
23,28,45,14,1,3,0,2,1,0,2,2,41.9,54.9,79.0,26.2
32,24,1,50,3,3,0,3,0,0,2,2,62.1,47.7,0.0,92.5
65,95,14,58,3,3,2,3,2,3,0,2,119.5,172.5,28.2,106.9
69,61,111,68,0,3,2,2,2,3,2,0,122.2,111.3,200.8,125.4
38,42,3,126,1,3,2,1,0,1,0,1,69.9,79.10000000000001,8.4,227.3
35,10,157,109,1,3,1,3,3,1,2,0,61.5,21.5,282.1,200.70000000000002
66,64,45,68,0,1,2,3,3,1,2,3,115.8,115.7,82.0,123.9
11,37,197,4,0,0,0,1,1,2,1,0,18.8,64.60000000000001,353.6,8.7
58,12,61,55,0,2,0,1,0,3,3,2,104.4,21.6,106.8,98.5
51,35,66,31,0,0,2,0,3,3,3,1,88.8,60.0,118.8,54.800000000000004
171,21,53,7,3,1,0,3,1,0,3,3,311.3,39.300000000000004,92.4,14.100000000000001
22,31,127,33,1,0,0,0,2,2,2,2,39.1,53.800000000000004,226.6,57.4
26,12,7,49,2,2,0,1,2,0,0,0,47.800000000000004,24.6,12.6,89.7
70,29,17,16,3,1,2,1,0,1,0,3,130.5,52.7,33.6,27.3
60,162,30,45,2,2,3,1,2,1,1,2,109.0,293.6,57.5,80.5
93,70,49,60,0,1,3,1,3,3,0,0,164.4,124.5,92.7,109.5
49,58,26,59,0,0,1,2,3,0,1,2,85.2,104.4,47.300000000000004,107.2
139,69,59,66,3,3,1,1,3,1,1,0,251.70000000000002,127.69999999999999,106.7,120.3
61,7,3,184,1,1,1,1,1,2,1,2,110.3,12.1,5.9,330.7
3,17,125,13,2,3,1,1,2,3,2,2,6.4,32.1,224.5,22.900000000000002
52,5,48,56,3,3,3,2,2,0,2,1,96.10000000000001,13.5,88.9,102.8
11,43,51,43,0,2,1,1,0,0,1,1,19.8,80.4,92.3,77.9
14,7,36,59,1,0,1,0,3,2,1,0,23.7,10.6,65.3,106.2
63,3,37,70,0,0,2,2,1,2,2,0,112.4,3.4000000000000004,67.60000000000001,129.0
43,2,163,26,0,0,1,1,0,2,2,2,77.4,1.6,292.90000000000003,46.300000000000004
117,31,63,40,2,0,3,2,1,1,0,2,212.6,54.800000000000004,117.9,73.0
8,37,190,28,2,2,2,3,2,3,0,3,15.399999999999999,66.60000000000001,345.0,51.9
27,146,24,43,1,1,0,1,2,0,3,1,48.1,264.3,40.2,77.9
167,41,47,64,1,0,1,1,2,1,2,2,300.1,72.8,84.10000000000001,114.7
59,70,38,53,1,3,0,3,1,2,1,0,106.7,128.5,67.4,99.9
1,11,51,53,1,3,3,3,3,1,2,0,0.2999999999999998,23.3,94.3,99.9
66,7,20,55,0,1,1,3,1,2,3,2,117.8,12.1,34.5,101.5
174,42,30,42,2,0,1,2,1,3,3,2,315.2,72.60000000000001,52.5,76.60000000000001
46,27,113,12,0,2,1,2,3,1,1,1,79.8,50.6,203.9,23.6
38,94,81,65,3,0,2,1,2,0,2,1,70.9,169.20000000000002,146.8,117.5
2,26,53,0,1,3,3,0,1,2,2,1,4.1,49.300000000000004,97.9,0.0
19,14,166,45,3,1,3,3,3,2,3,1,35.7,24.7,300.3,84.5
28,68,10,49,1,0,0,1,2,1,2,0,49.9,121.4,16.0,89.7
15,163,59,52,3,1,2,2,1,3,1,3,30.5,291.90000000000003,108.2,93.60000000000001
34,123,38,60,3,3,3,2,3,0,1,1,62.7,225.9,71.9,110.0
64,155,27,20,2,3,1,3,3,0,0,2,115.2,283.5,50.1,38.5
8,56,123,43,2,0,1,3,3,3,3,3,14.399999999999999,97.8,219.9,78.9
61,10,58,146,2,1,3,1,2,0,2,2,110.8,19.5,106.9,262.3
64,171,87,9,3,0,3,3,1,3,1,0,118.7,304.8,160.1,20.7
59,51,15,53,2,0,3,2,3,3,2,2,106.2,88.8,29.5,96.4
42,12,26,94,0,0,3,3,3,2,0,1,72.60000000000001,19.6,51.300000000000004,172.70000000000002
27,130,55,70,1,3,1,0,0,0,3,3,50.1,238.5,97.5,123.0
38,164,51,45,1,1,1,1,3,2,3,2,66.9,294.7,90.3,80.5
71,67,139,199,1,3,1,3,2,3,1,0,127.30000000000001,122.10000000000001,250.70000000000002,362.7
50,21,52,35,0,1,1,2,1,2,2,3,89.0,37.300000000000004,93.10000000000001,63.0
121,37,56,65,1,2,3,0,1,0,0,0,218.3,69.60000000000001,105.3,117.0
37,67,30,65,3,1,0,2,1,3,3,1,70.10000000000001,119.10000000000001,51.0,119.0
7,87,48,54,1,1,1,3,1,2,0,1,13.1,156.1,87.9,100.7
48,67,113,17,0,1,1,1,0,2,3,1,86.4,120.10000000000001,201.9,31.1
69,200,14,6,2,3,2,3,0,3,1,2,127.2,361.5,27.2,13.3
23,37,119,12,0,0,0,3,1,3,3,0,40.4,63.60000000000001,211.20000000000002,26.1
76,70,33,99,0,1,2,0,2,2,0,0,134.8,125.5,62.4,178.20000000000002
13,37,10,21,3,3,1,0,3,3,2,1,24.900000000000002,68.10000000000001,17.5,36.800000000000004
24,116,27,168,2,2,1,3,0,1,1,2,46.2,210.8,49.1,304.90000000000003
114,33,192,45,1,3,0,3,1,2,3,3,205.70000000000002,61.9,342.6,82.5
50,28,62,8,0,0,1,3,1,2,1,1,89.0,48.4,112.10000000000001,17.9
47,59,36,38,3,3,2,3,1,0,1,3,88.10000000000001,110.7,66.8,69.9
13,126,47,173,3,3,3,1,1,1,2,3,26.900000000000002,230.3,87.10000000000001,309.90000000000003
5,181,68,59,1,2,3,1,0,0,3,1,10.5,328.8,123.9,106.7
11,30,81,145,0,3,3,1,3,2,2,3,16.8,56.5,148.3,259.5
133,64,37,193,2,2,2,2,3,2,3,3,239.4,116.2,66.60000000000001,347.40000000000003
50,9,37,12,1,1,2,1,3,3,0,3,88.5,14.7,69.60000000000001,20.1
25,12,11,70,3,1,0,0,3,0,0,0,46.5,23.1,19.8,126.0
67,36,41,11,3,0,1,3,1,1,0,1,124.10000000000001,63.8,75.3,23.3
25,28,49,65,3,3,2,0,1,2,0,2,48.5,52.9,91.2,115.0
85,5,171,72,0,2,1,3,3,1,0,1,150.0,11.0,309.3,133.1
66,32,60,14,1,0,1,1,2,0,1,3,118.3,57.6,108.5,23.7
18,29,61,36,1,1,1,3,3,3,1,2,30.9,50.7,110.3,67.3
101,37,68,64,0,1,3,1,0,0,1,2,181.8,68.10000000000001,125.9,114.7
137,43,175,65,1,2,1,2,1,1,0,0,247.1,79.4,316.5,120.0
17,40,1,38,1,0,0,2,1,0,2,3,31.1,72.0,0.0,68.4
115,63,9,53,0,0,2,1,1,0,3,3,206.0,113.4,16.2,93.9
132,63,138,157,0,3,1,3,2,1,2,2,235.6,116.9,247.9,285.1
28,147,14,32,2,1,2,1,2,1,1,2,51.4,265.1,27.2,57.1
45,10,159,4,0,3,0,3,0,3,2,1,81.0,19.5,284.2,10.7
56,51,195,47,2,3,2,2,0,3,0,0,103.8,93.3,354.0,87.60000000000001
58,139,56,68,0,2,2,2,2,3,3,2,102.4,250.20000000000002,100.8,123.4
56,164,46,183,1,2,1,2,0,1,0,0,102.3,297.2,84.3,332.40000000000003
17,35,2,67,1,3,2,0,2,0,3,3,30.1,67.5,3.5999999999999996,117.60000000000001
33,4,70,96,3,2,1,2,1,2,1,3,62.9,8.2,126.5,172.8
0,21,24,31,3,0,1,1,3,3,3,3,0.0,34.800000000000004,41.7,54.300000000000004
51,31,120,69,0,3,1,1,0,1,3,0,91.8,59.300000000000004,214.5,125.7
54,53,155,64,2,3,3,2,1,0,3,0,99.2,99.9,280.5,118.2
160,64,8,62,2,1,0,2,2,3,3,1,289.0,113.7,11.4,113.60000000000001
67,66,35,47,1,2,2,2,3,0,2,3,119.10000000000001,121.8,64.0,84.60000000000001
60,6,6,96,3,2,3,2,0,1,1,1,112.5,12.8,14.3,174.8
168,99,21,47,1,3,2,1,0,1,2,0,303.90000000000003,181.70000000000002,38.800000000000004,86.10000000000001
65,125,21,127,1,1,1,3,2,0,2,0,116.5,226.5,37.300000000000004,233.1
1,2,50,8,2,2,0,1,3,2,3,0,1.7999999999999998,4.6,87.0,15.9
63,90,64,3,1,0,0,3,0,0,3,3,114.9,162.0,112.2,6.9
2,57,7,43,1,0,0,2,2,1,3,2,3.0999999999999996,101.60000000000001,9.6,78.4
57,7,35,55,2,1,3,0,1,2,0,1,104.60000000000001,12.1,67.5,98.0
37,54,65,22,0,0,2,0,0,2,3,0,66.60000000000001,95.2,117.0,39.6
165,85,69,43,2,0,3,1,3,3,0,1,297.0,150.0,128.7,77.9
24,39,122,84,3,3,0,1,2,0,1,1,45.7,74.7,218.6,151.70000000000002
70,9,45,194,2,1,0,2,1,0,3,3,128.0,17.7,78.0,349.2
29,35,107,7,1,3,1,3,0,1,0,2,53.7,66.5,194.1,15.100000000000001
55,39,40,55,3,0,3,2,0,2,1,0,103.5,68.2,75.5,102.0
60,5,134,5,2,2,0,3,2,3,0,1,109.0,9.0,241.20000000000002,12.5
5,58,164,17,0,3,2,3,0,0,2,2,9.0,108.9,296.2,33.1
5,60,6,23,2,2,0,3,1,2,0,2,11.0,109.0,10.8,43.9
31,25,69,181,1,1,2,3,0,1,0,1,57.300000000000004,45.5,127.2,329.3
61,31,60,85,0,1,2,0,3,0,1,1,106.8,57.300000000000004,110.0,152.0
188,89,45,46,1,3,3,2,1,0,0,0,338.90000000000003,164.70000000000002,85.5,85.8
128,188,3,161,1,1,1,1,2,2,0,1,229.9,337.90000000000003,6.9,290.3
149,33,39,69,2,2,1,2,1,2,1,1,270.2,60.4,70.7,126.2
20,46,51,69,1,0,0,3,3,3,3,3,34.5,79.8,88.8,125.69999999999999
56,73,173,139,3,3,3,0,3,3,3,3,102.3,132.9,312.90000000000003,247.20000000000002
199,25,12,35,3,3,2,0,2,1,0,1,360.7,48.5,24.6,62.0
157,176,145,7,2,0,1,0,1,0,0,2,284.6,316.8,262.5,10.6
42,14,51,12,0,1,0,2,2,1,3,3,73.60000000000001,25.7,88.8,21.6
47,53,43,163,1,1,1,2,3,0,2,0,83.10000000000001,96.9,76.9,296.40000000000003
59,195,24,22,1,1,0,3,0,2,1,1,107.7,350.5,42.2,43.1
37,67,8,33,3,2,2,0,1,1,1,3,70.10000000000001,122.60000000000001,16.4,56.4
13,5,37,37,2,0,2,3,3,1,0,3,23.400000000000002,8.0,69.60000000000001,68.10000000000001
7,22,19,47,0,1,3,1,3,1,1,1,9.6,40.1,37.7,85.10000000000001
125,28,65,37,2,1,0,1,3,3,2,3,225.0,48.9,115.0,65.10000000000001
117,44,46,63,0,3,3,2,3,3,1,1,207.6,80.7,86.3,115.4
45,39,15,46,3,3,1,0,0,1,0,1,85.5,73.7,28.5,81.8
69,18,11,17,3,2,1,1,1,2,3,1,127.69999999999999,33.4,18.3,31.1
54,194,49,42,0,1,1,1,1,3,1,2,96.2,347.7,88.7,75.10000000000001
36,37,66,44,3,0,2,3,3,3,0,0,66.3,63.60000000000001,121.8,83.7
9,20,60,16,0,3,0,1,0,1,3,0,16.2,39.5,105.0,30.3
40,66,5,10,1,1,3,1,0,1,1,2,73.5,119.3,12.5,17.5
66,43,44,12,2,0,3,0,2,1,0,2,119.8,76.4,83.7,19.6
158,1,70,57,0,0,0,3,3,0,3,2,281.40000000000003,1.8,123.0,105.10000000000001
26,54,163,18,2,1,3,0,2,3,3,2,47.800000000000004,95.7,294.90000000000003,30.4
69,59,2,37,0,2,2,1,3,2,0,0,121.2,107.2,6.6,68.10000000000001
10,66,24,63,3,0,2,0,1,0,2,2,21.5,118.8,44.2,111.4
102,195,29,57,3,2,0,1,2,3,3,0,186.1,351.0,49.2,104.10000000000001
121,25,18,49,0,0,0,3,2,1,0,3,215.8,44.0,32.4,89.7
84,65,59,53,3,1,2,0,1,3,3,3,154.70000000000002,115.5,106.2,92.4
41,110,58,51,2,2,1,0,3,2,2,2,73.8,199.0,103.9,89.8
13,63,184,5,2,3,1,1,0,0,0,1,26.400000000000002,117.9,332.7,9.5
61,18,46,152,1,2,1,1,2,0,2,3,109.3,35.4,82.3,272.1
74,20,29,70,1,2,3,1,0,2,3,1,134.70000000000002,37.0,53.7,126.5
151,157,4,176,3,0,0,2,3,3,1,0,273.3,279.6,6.2,319.8
22,181,36,24,3,0,0,1,1,1,1,3,43.1,324.8,63.8,41.7
21,119,8,0,3,3,2,2,3,3,2,0,39.300000000000004,215.70000000000002,15.399999999999999,0.0
45,50,4,16,3,0,3,1,2,2,1,2,83.5,88.0,10.7,28.3
70,68,154,10,0,0,3,2,1,2,3,0,125.0,120.4,278.7,21.0
17,25,87,61,1,1,3,3,2,3,3,3,30.1,43.5,158.1,111.3
49,52,3,69,3,1,1,1,3,0,1,2,89.7,95.10000000000001,5.9,123.7
37,62,27,16,0,2,1,0,0,2,2,0,66.60000000000001,112.60000000000001,48.1,28.8
64,151,16,48,1,2,0,1,3,3,2,2,113.7,271.8,26.8,85.9
23,2,56,68,3,2,2,1,3,1,2,0,42.9,5.6,101.8,123.9
31,16,22,65,3,0,0,3,0,1,1,0,60.300000000000004,27.8,38.6,121.5
61,28,0,65,1,3,2,3,1,0,3,1,110.3,54.9,0.0,120.5
6,1,54,9,1,0,2,1,0,1,3,3,12.3,0.8,97.2,14.7
55,10,56,2,2,0,1,0,1,3,0,0,101.0,15.0,102.3,3.6
53,46,62,112,1,1,0,0,0,2,1,1,96.9,82.3,110.60000000000001,200.6
34,21,67,42,1,0,1,3,2,3,2,1,60.7,34.800000000000004,120.10000000000001,79.10000000000001
60,32,53,8,2,3,3,0,0,3,1,3,111.0,59.1,98.9,11.4
34,18,54,43,0,2,1,3,0,0,1,3,61.2,35.4,97.7,78.9
22,31,8,85,1,2,3,3,3,0,0,0,38.1,58.800000000000004,18.9,157.5
72,56,19,16,2,0,3,0,1,2,2,1,131.6,98.8,36.7,27.8
18,57,161,37,1,0,3,2,1,0,1,2,32.9,102.60000000000001,293.3,67.60000000000001
139,135,69,18,3,2,2,1,3,3,2,0,251.70000000000002,243.0,125.2,33.9
18,20,6,52,2,0,0,1,3,3,1,0,32.4,33.0,9.8,95.10000000000001
42,49,17,35,0,3,3,2,1,3,1,2,74.60000000000001,89.7,34.1,64.0
52,10,196,30,2,1,1,1,3,2,1,1,93.60000000000001,17.5,353.3,54.5
55,188,65,172,2,2,3,0,0,0,1,3,102.0,341.40000000000003,120.5,306.6
19,1,55,24,2,1,1,0,3,0,3,3,34.2,3.3,97.5,40.2
4,58,110,58,0,1,3,1,3,2,2,1,4.2,103.9,200.5,104.9
194,36,54,32,0,0,2,1,3,0,2,2,346.2,64.8,98.2,57.1
19,49,39,23,3,0,3,3,2,3,2,0,36.7,85.2,72.7,45.9
7,57,19,67,0,2,0,0,2,1,0,1,10.6,104.60000000000001,34.2,119.60000000000001
62,57,64,28,0,2,1,2,2,1,2,3,109.60000000000001,104.60000000000001,114.7,50.4
67,58,53,70,1,1,2,2,0,1,1,3,122.10000000000001,104.9,97.4,126.0
33,43,2,69,1,3,1,0,3,2,3,2,57.9,79.9,2.0999999999999996,122.2
39,66,136,145,2,2,1,3,3,1,1,3,70.2,120.8,245.3,262.5
50,175,45,8,2,3,0,2,2,2,0,1,91.0,317.5,81.0,16.4
117,51,86,33,0,1,2,1,1,0,1,2,209.6,93.3,156.8,58.9
37,142,36,15,2,0,0,1,1,2,1,3,68.60000000000001,253.6,63.8,25.5
37,2,27,11,3,2,2,0,3,0,0,1,68.10000000000001,6.6,51.6,18.8
130,23,50,21,3,0,1,2,3,3,0,2,235.5,38.4,91.5,38.800000000000004
71,7,39,37,0,3,0,0,2,3,0,3,125.8,14.100000000000001,70.2,63.60000000000001
50,164,17,7,3,3,2,0,3,1,2,1,91.5,298.7,31.6,11.6
54,49,2,180,1,3,2,0,2,3,2,0,96.7,89.7,4.6,324.0
9,40,160,48,3,1,3,2,2,3,3,0,18.7,70.5,289.5,89.4
50,9,25,59,0,2,0,0,1,3,1,0,89.0,16.2,44.0,106.2
1,24,125,32,3,1,0,1,0,0,1,2,6.3,44.7,224.0,57.1
34,59,177,45,0,0,1,2,0,2,0,3,61.2,104.2,320.1,81.0
18,70,46,123,1,2,0,0,0,3,2,3,33.9,126.0,80.8,218.4
4,25,37,39,3,1,3,3,0,3,3,2,11.7,43.5,68.10000000000001,72.7
197,41,180,5,1,2,3,3,1,1,1,1,355.1,75.8,327.5,12.5
126,12,111,25,2,1,2,2,0,1,2,3,229.8,22.1,200.8,45.0
15,153,39,34,3,1,1,3,2,3,3,0,29.5,273.90000000000003,68.7,65.7
17,68,22,31,0,2,0,2,0,1,3,2,30.6,124.4,36.6,56.800000000000004
69,144,47,147,0,2,3,3,1,1,0,1,123.2,261.2,89.10000000000001,268.1
23,52,19,54,1,0,2,2,1,3,2,3,41.9,90.60000000000001,35.2,97.2
44,1,80,47,0,0,3,0,1,3,3,3,78.2,0.0,145.5,81.60000000000001
100,53,48,62,1,2,3,2,0,0,2,1,181.5,98.4,88.9,113.60000000000001
22,49,34,158,1,1,2,1,0,1,3,0,41.1,88.7,61.2,285.90000000000003
47,62,11,21,2,1,2,1,1,0,2,2,86.60000000000001,113.10000000000001,20.8,37.300000000000004
18,69,44,64,0,0,3,0,0,2,3,2,32.4,122.2,80.7,113.2
2,49,195,21,3,2,0,1,2,0,2,0,6.1,91.2,349.0,39.300000000000004
56,45,62,128,3,3,1,2,2,0,3,1,103.3,85.5,110.10000000000001,232.4
58,39,40,149,3,1,0,2,1,3,0,0,107.9,68.7,72.0,271.2
45,16,52,58,2,3,3,3,0,1,3,3,84.0,32.3,95.10000000000001,105.9
9,37,34,31,3,0,0,3,3,2,0,2,17.7,64.60000000000001,61.2,58.300000000000004
176,94,55,27,1,2,0,0,0,1,0,0,318.3,171.20000000000002,99.0,48.6
43,25,6,23,0,3,0,0,0,1,3,1,77.4,48.5,7.800000000000001,40.4
31,23,63,3,3,3,1,2,0,3,1,2,60.300000000000004,42.9,113.9,6.4
64,39,56,66,2,1,0,2,2,3,3,2,116.2,68.7,97.8,119.8
19,50,23,39,2,1,1,3,3,3,0,3,34.2,88.5,42.9,71.7
181,0,49,21,2,3,2,0,3,0,3,3,325.8,0.0,88.2,34.800000000000004
107,20,30,41,1,1,3,2,2,2,1,0,192.1,35.5,57.5,76.8
127,39,96,102,0,1,2,3,3,0,1,2,225.6,71.7,174.8,186.1
121,20,34,34,1,0,1,0,1,2,1,3,218.3,34.0,61.7,58.2
54,61,27,65,2,0,3,1,2,0,1,3,98.2,109.8,52.1,115.5
60,33,34,54,1,3,1,2,2,0,3,2,107.5,63.9,59.7,98.2
48,58,50,151,3,0,1,2,2,2,3,2,88.9,102.4,88.5,272.8
52,53,67,41,2,3,3,0,1,2,0,3,95.60000000000001,97.9,125.10000000000001,70.8
59,19,14,4,0,0,1,0,1,3,1,1,105.2,31.200000000000003,25.7,6.2
52,101,3,41,2,2,2,0,0,1,1,3,96.60000000000001,183.8,7.4,70.8
110,101,185,69,1,3,3,2,3,2,3,1,196.5,184.3,334.5,126.2
44,101,53,10,3,0,1,2,3,0,0,1,80.7,181.8,96.9,20.0
42,38,0,46,2,2,1,2,0,2,1,1,78.60000000000001,69.4,0.0,84.8
192,38,24,68,2,1,2,2,0,2,1,0,348.6,67.9,45.2,125.4
4,48,39,38,1,1,2,0,2,2,1,2,6.699999999999999,85.9,72.2,66.4
58,61,48,9,1,1,2,2,1,2,1,3,104.9,109.3,88.4,16.2
118,118,3,136,0,2,3,1,3,3,3,2,209.4,212.4,6.9,244.3
65,106,41,183,1,2,2,2,0,1,0,3,118.5,192.8,76.8,329.40000000000003
9,78,56,65,2,1,1,1,2,3,0,1,17.2,138.9,102.3,117.5
25,32,55,61,0,0,3,1,0,1,0,1,45.0,56.6,103.5,110.3
50,27,87,1,1,3,2,1,1,0,3,2,90.5,53.1,156.6,1.2999999999999998
26,21,10,13,2,0,3,1,0,3,1,2,49.800000000000004,34.800000000000004,21.5,22.900000000000002
29,66,21,45,1,0,3,0,1,1,1,2,52.7,117.8,41.300000000000004,79.0
70,7,48,36,3,3,2,2,1,3,0,1,129.5,14.100000000000001,89.4,66.8
192,51,51,4,2,2,2,3,1,3,3,2,347.6,91.8,91.8,9.7
68,64,31,44,2,1,0,0,1,2,2,1,124.4,114.7,53.800000000000004,78.2
40,57,3,21,0,1,2,3,1,1,0,0,71.0,103.10000000000001,8.4,42.300000000000004
198,14,4,37,0,3,0,3,2,2,2,0,354.40000000000003,27.7,5.2,71.10000000000001
29,188,3,71,2,2,1,0,2,3,3,0,53.2,338.40000000000003,3.9000000000000004,127.8
57,171,0,59,1,3,3,0,2,3,1,0,102.10000000000001,309.3,0.0,106.2
68,70,184,46,1,0,1,1,1,2,3,1,122.9,124.0,329.7,83.3
48,52,55,40,1,2,2,0,1,2,1,1,86.9,94.60000000000001,101.0,71.0
32,86,40,22,0,2,1,3,3,2,3,2,54.6,155.8,70.5,42.1
145,23,57,111,0,1,3,2,2,0,1,1,259.0,42.9,106.10000000000001,201.8
40,16,134,54,2,2,0,1,3,3,3,0,72.0,28.8,238.20000000000002,98.7
33,42,12,39,3,2,3,3,2,3,3,3,61.9,75.60000000000001,23.1,71.7
64,58,32,40,3,1,0,0,2,2,2,2,117.7,103.9,55.6,70.0
91,8,40,179,0,3,0,0,0,2,3,1,163.8,16.9,69.0,321.2
62,135,53,27,0,1,0,2,1,3,2,2,110.60000000000001,241.5,93.4,49.6
17,39,21,50,3,2,0,1,1,0,3,0,34.1,73.2,34.800000000000004,91.5
46,132,46,193,1,2,1,2,2,0,1,0,82.3,240.6,83.3,350.40000000000003
68,24,41,66,1,1,3,0,1,1,2,3,122.9,43.7,76.3,115.8
39,41,41,121,1,0,3,2,3,3,0,2,68.7,70.8,78.3,218.8
21,107,0,24,3,1,2,1,0,1,1,0,42.300000000000004,193.1,0.0,44.7
35,172,44,48,3,0,1,0,3,1,0,2,64.5,308.6,80.7,84.4
14,20,153,61,1,3,1,0,1,0,2,0,25.7,40.5,274.90000000000003,109.8
62,62,46,12,1,0,2,0,3,0,0,0,110.10000000000001,111.60000000000001,85.8,21.6
68,151,25,1,3,3,2,3,0,1,1,2,126.9,275.3,47.0,4.3
46,24,159,10,0,2,1,2,2,3,2,2,80.8,43.2,285.7,19.0
28,37,59,8,1,3,1,1,2,2,0,1,49.9,69.10000000000001,107.7,14.9
3,62,26,87,3,1,0,2,3,0,2,1,6.9,113.10000000000001,44.800000000000004,158.6
0,44,45,39,3,0,3,0,1,3,1,3,0.0,76.2,84.5,67.2
71,4,48,47,2,1,1,2,0,1,3,1,130.8,7.699999999999999,84.9,86.60000000000001
40,8,0,42,2,1,2,2,2,3,1,2,73.0,12.9,0.0,76.60000000000001
71,66,50,153,1,0,3,1,1,3,2,1,128.3,115.8,92.5,275.90000000000003
19,37,23,48,2,1,0,3,3,0,1,0,34.2,68.10000000000001,40.4,90.9
41,5,35,62,3,3,1,3,2,1,3,0,76.3,12.5,61.5,116.10000000000001
167,169,166,12,0,1,1,0,2,3,3,2,298.6,302.7,297.3,19.6
170,2,54,18,3,1,3,0,1,3,1,3,309.5,2.0999999999999996,100.7,29.4
64,21,43,26,1,1,0,3,3,2,0,1,113.7,37.300000000000004,77.4,50.300000000000004
9,10,78,68,2,0,0,1,0,0,3,2,19.2,18.0,137.4,121.9
60,24,65,15,1,3,0,2,3,2,1,3,106.5,45.7,116.0,27.0
48,5,168,49,2,2,2,3,3,0,0,2,86.4,12.0,305.40000000000003,90.7
188,172,33,131,2,0,0,1,2,2,2,2,339.40000000000003,307.6,57.4,235.3
67,99,24,46,0,1,2,1,3,3,0,3,117.60000000000001,176.70000000000002,46.2,81.3
98,9,77,92,0,1,3,0,2,0,3,1,174.4,17.7,140.1,164.6
26,53,5,194,0,1,0,3,2,1,1,3,44.800000000000004,95.9,8.0,350.7
1,46,55,14,1,0,2,2,2,2,0,0,1.2999999999999998,80.8,102.0,28.2
14,27,135,64,1,2,2,2,3,2,3,2,23.7,49.6,243.0,116.2
76,169,65,7,3,2,2,3,1,0,2,3,140.3,307.2,118.0,14.100000000000001
56,124,82,29,2,1,3,0,3,0,1,3,100.8,224.70000000000002,151.1,49.2
37,12,102,8,1,3,2,2,1,2,1,2,67.10000000000001,24.1,185.6,15.399999999999999
27,56,28,2,0,2,0,3,0,3,0,0,48.6,100.8,50.4,8.1
17,116,48,36,0,2,3,0,1,3,3,2,29.6,208.8,87.9,62.8
34,42,46,172,0,1,1,3,3,0,2,0,58.2,77.10000000000001,82.3,314.1
10,97,27,28,2,0,2,0,3,2,3,2,18.0,172.6,48.6,48.4
9,62,115,46,0,1,0,0,0,3,1,0,16.2,110.10000000000001,206.0,82.8
152,18,58,6,1,2,0,0,3,0,0,2,272.1,35.4,104.4,8.8
17,12,127,9,0,2,1,3,0,3,2,2,30.6,21.6,228.1,18.7
65,63,17,195,1,2,1,1,0,2,2,1,118.5,114.4,30.1,351.5
18,24,66,7,3,1,1,2,2,0,1,1,34.9,44.7,119.3,14.6
62,41,46,62,1,1,1,1,3,0,0,3,110.10000000000001,75.3,84.3,110.10000000000001
35,1,119,40,1,0,2,2,1,2,2,0,63.5,0.0,215.20000000000002,75.0
35,4,36,4,3,0,1,1,1,1,2,1,66.5,6.2,64.3,7.699999999999999
0,59,161,62,0,3,3,1,2,0,3,2,0.0,110.7,291.3,111.10000000000001
59,8,160,63,1,0,1,3,1,1,1,2,106.7,13.4,288.5,115.9
44,3,14,37,2,1,2,0,2,0,0,1,80.2,6.9,28.2,65.60000000000001
29,28,1,35,1,2,0,1,3,2,0,3,50.7,51.4,1.8,61.5
58,70,24,64,0,1,2,1,2,0,0,3,102.4,127.5,46.2,113.7
60,52,41,40,0,0,3,3,0,3,3,3,108.0,90.60000000000001,75.3,73.5
62,130,51,61,2,3,2,0,1,2,1,3,113.60000000000001,236.5,93.8,106.8
55,8,47,34,1,1,1,0,1,2,2,0,99.5,13.9,84.10000000000001,61.2
164,8,30,13,1,3,0,3,1,1,3,3,295.7,17.9,51.0,24.900000000000002
36,13,54,126,1,0,0,0,0,3,1,3,66.3,20.400000000000002,96.2,223.8
26,14,52,58,1,0,1,1,1,3,0,0,47.300000000000004,22.2,95.10000000000001,105.9
49,0,4,145,3,1,1,2,2,2,1,0,90.7,0.0,7.699999999999999,264.0
52,7,16,44,1,1,0,1,3,2,0,0,92.10000000000001,12.1,28.8,80.7
118,34,70,12,3,2,2,3,1,1,2,0,215.9,63.2,127.0,26.1
23,21,47,26,3,1,2,2,3,3,0,3,42.9,36.300000000000004,87.60000000000001,46.800000000000004
42,179,40,63,0,2,1,1,0,0,0,2,75.60000000000001,325.2,73.5,112.9
63,8,140,25,3,2,2,0,2,1,3,0,115.9,16.4,252.0,45.0
14,28,63,10,0,1,3,2,0,2,2,2,25.2,49.9,115.9,19.0
28,61,156,149,2,0,3,0,0,3,2,1,53.4,106.8,283.3,267.2
1,46,33,54,1,1,2,0,3,3,0,3,0.2999999999999998,81.3,62.4,94.2
155,16,8,22,1,0,0,0,1,1,0,1,279.5,27.8,14.4,38.6
59,61,55,102,2,3,3,3,0,1,3,0,109.2,113.3,100.5,188.1
134,41,25,22,3,1,3,1,1,3,3,1,244.70000000000002,72.3,46.5,40.1
23,22,50,21,2,0,0,2,0,3,0,1,44.4,36.6,90.0,39.800000000000004
14,54,140,66,2,1,1,0,2,3,3,2,26.2,95.7,250.5,116.8
44,63,168,1,0,3,0,2,3,0,2,1,76.2,117.9,300.40000000000003,3.8
64,41,4,6,3,2,3,3,1,0,2,0,118.7,76.8,9.7,15.3
67,56,53,55,0,1,2,2,2,1,0,3,118.60000000000001,101.3,98.4,99.0
65,21,64,118,0,3,0,3,3,0,3,2,114.0,42.300000000000004,112.2,214.9
69,19,187,59,1,3,0,0,0,0,0,1,125.7,38.7,336.6,105.2
22,60,64,124,1,3,0,2,0,3,3,1,41.1,109.5,112.2,225.20000000000002
70,56,177,103,3,1,0,1,0,0,0,1,130.5,102.3,318.6,185.9
17,8,55,68,2,0,3,3,2,1,2,2,31.6,13.4,101.5,124.9
181,112,50,93,2,2,1,3,1,3,1,2,327.8,201.6,90.5,169.9
18,43,10,20,2,0,2,0,3,3,3,2,32.4,74.4,18.0,34.0
64,17,60,67,2,3,3,1,1,2,0,1,117.2,33.1,112.5,121.10000000000001
10,5,48,52,2,0,2,1,0,3,0,0,21.0,6.0,89.4,95.10000000000001
45,123,51,37,0,3,0,3,2,2,3,3,79.0,223.9,88.8,68.10000000000001
30,32,36,11,3,0,1,1,2,2,1,0,56.5,55.6,65.3,21.3
174,62,45,62,3,2,2,0,3,2,1,3,314.7,112.60000000000001,83.0,108.60000000000001
58,12,185,64,2,1,2,2,0,1,1,0,107.4,22.1,335.0,118.2
64,166,49,7,0,1,1,3,3,1,2,0,112.2,299.3,87.7,17.1
42,24,136,63,1,0,0,3,0,3,1,3,77.10000000000001,40.2,243.8,114.9
49,116,53,67,0,1,0,0,2,1,3,1,86.2,209.3,92.4,119.60000000000001
31,198,41,14,3,3,1,3,0,1,1,0,60.300000000000004,359.90000000000003,74.3,29.7
17,45,29,1,1,1,3,0,1,2,0,0,31.1,80.5,56.7,1.8
45,40,113,187,1,1,0,0,3,1,1,2,79.5,72.5,202.4,334.6
58,50,10,59,2,2,0,3,0,2,3,0,107.4,91.0,15.0,110.7
63,170,64,42,1,1,1,3,2,2,0,1,112.9,305.5,116.7,79.10000000000001
10,63,62,42,1,3,3,3,0,1,3,0,19.5,116.9,113.10000000000001,80.10000000000001
2,7,4,30,3,0,2,2,3,0,2,2,5.1,12.6,8.2,55.0
134,120,92,44,2,2,0,0,1,3,0,0,243.20000000000002,216.0,165.6,79.2
0,115,70,44,2,3,1,3,3,2,1,2,0.0,209.5,126.5,81.7
9,100,39,29,2,2,1,1,1,1,1,3,18.2,182.0,70.7,50.7
171,135,49,35,3,1,1,3,3,2,2,2,309.3,242.5,87.7,65.5
10,16,175,45,3,0,1,1,1,3,1,3,21.5,25.8,315.5,79.5
60,5,41,23,1,0,3,2,1,3,2,2,108.5,6.0,76.3,42.4
64,44,6,52,0,3,1,3,1,2,3,0,114.2,81.7,9.3,98.10000000000001
38,7,43,17,3,3,2,0,2,3,3,0,70.9,14.100000000000001,77.4,30.6
13,38,54,126,0,0,3,3,1,3,2,0,22.400000000000002,65.4,99.7,231.3
45,47,91,125,1,3,1,0,0,0,2,0,82.5,89.10000000000001,163.3,225.0
16,50,106,62,0,2,3,2,2,3,0,2,26.8,90.0,195.3,112.60000000000001
176,188,57,65,0,3,2,2,1,0,3,3,315.8,342.90000000000003,102.60000000000001,117.0
44,195,1,59,0,0,0,3,2,0,2,1,77.2,351.0,0.0,109.7
56,23,65,61,0,2,3,3,2,0,3,1,98.8,44.4,118.5,113.3
67,16,66,23,3,0,0,2,3,0,0,1,122.10000000000001,28.8,118.8,43.4
122,39,116,40,0,3,2,0,0,3,3,3,219.6,71.7,208.8,69.0
25,12,9,11,0,2,3,1,0,0,1,3,45.0,24.6,19.7,18.3
77,132,62,39,2,0,2,3,3,1,1,3,138.6,236.6,113.60000000000001,71.7
45,34,19,70,0,1,0,2,1,1,1,3,80.0,61.7,33.2,126.0
66,92,59,44,1,2,2,3,2,0,2,1,118.3,168.6,107.2,82.7
55,38,36,9,2,0,1,2,2,1,0,1,100.0,67.4,66.3,18.2
60,89,66,49,2,3,0,2,1,2,1,1,110.0,162.70000000000002,117.8,90.2
35,170,19,23,3,3,2,0,0,3,1,0,67.5,307.5,36.2,41.4
15,132,30,73,3,0,2,1,0,2,2,2,31.5,235.6,55.0,130.9
16,190,26,14,1,1,0,3,2,3,0,3,28.3,340.5,46.800000000000004,26.7
69,65,15,61,0,2,0,3,0,3,1,0,124.2,117.0,26.0,114.3
32,114,31,51,1,1,2,0,2,3,3,3,57.1,203.70000000000002,55.800000000000004,88.8
94,33,32,158,3,3,1,1,1,3,2,2,172.70000000000002,60.9,57.1,283.90000000000003
163,53,0,33,2,2,1,1,2,3,2,0,294.40000000000003,95.4,0.0,60.9
47,17,2,33,2,2,3,0,3,1,2,0,84.60000000000001,32.6,6.1,59.4
9,62,31,43,3,1,1,3,2,1,1,1,18.7,112.10000000000001,56.300000000000004,80.9
13,35,48,35,0,2,2,1,0,0,3,2,23.400000000000002,66.0,86.4,62.5
99,18,66,41,3,3,2,3,3,3,1,0,179.70000000000002,33.9,120.8,78.3
175,8,30,29,1,0,0,1,3,0,1,1,313.5,14.4,53.0,52.7
13,43,13,45,0,0,2,0,2,3,1,1,21.400000000000002,74.4,25.400000000000002,80.0
55,37,18,56,3,2,1,3,0,1,3,3,103.5,68.60000000000001,30.9,102.3
16,38,28,132,0,1,0,1,3,3,0,0,25.8,66.9,50.4,239.1
48,133,1,33,1,0,2,2,3,1,3,3,84.9,238.4,1.7999999999999998,59.4
57,66,57,3,2,1,3,3,2,0,3,2,103.60000000000001,120.3,104.10000000000001,7.9
18,16,58,173,3,0,2,0,1,0,2,2,35.9,28.8,105.4,309.40000000000003
19,19,5,55,1,3,2,2,2,1,0,2,33.7,37.7,12.0,100.0
112,49,79,115,1,0,0,3,3,2,2,1,200.1,86.2,140.20000000000002,210.5
13,29,62,96,2,2,0,2,1,1,0,3,25.400000000000002,54.2,111.60000000000001,172.8
111,97,158,47,0,0,2,3,2,0,1,2,197.8,174.6,286.40000000000003,87.10000000000001
21,11,21,15,3,1,1,2,1,0,0,2,41.300000000000004,21.3,39.300000000000004,28.0
33,8,1,79,2,2,3,3,2,3,2,0,60.4,14.399999999999999,4.3,146.70000000000002
27,48,1,197,1,3,0,0,1,3,0,2,49.1,87.9,1.8,352.6
74,45,50,178,1,2,2,3,0,2,0,2,134.70000000000002,82.0,93.0,322.90000000000003
45,2,13,87,0,0,0,0,2,3,3,2,79.0,0.6000000000000001,20.400000000000002,154.6
40,24,54,64,1,1,3,2,1,3,0,2,72.5,41.7,101.7,116.2
133,57,61,135,3,3,1,2,0,3,2,0,243.9,104.10000000000001,109.3,246.0
4,5,68,64,1,0,1,1,0,0,3,0,8.7,9.0,120.9,116.7
24,24,58,47,1,3,2,0,3,3,3,2,41.7,44.7,104.4,82.60000000000001
10,13,33,26,1,3,2,3,0,2,1,3,19.5,25.900000000000002,61.4,48.300000000000004
68,41,64,76,2,0,3,0,2,3,1,0,123.4,70.8,118.7,136.8
41,8,56,42,0,0,0,3,0,3,0,0,73.8,11.4,100.8,80.10000000000001
62,67,72,159,1,3,0,1,0,2,3,2,113.10000000000001,123.10000000000001,126.6,285.7
68,112,77,36,3,0,0,1,1,0,3,0,125.9,201.6,135.6,66.3
22,5,43,44,0,0,0,2,2,0,1,2,37.6,9.0,76.4,80.2
56,43,158,196,1,3,1,3,3,0,2,1,99.3,81.9,283.90000000000003,356.3
146,12,166,43,3,1,2,2,2,1,3,2,265.3,22.1,298.8,78.4
101,65,10,3,3,0,0,1,0,3,0,2,186.3,114.0,18.0,4.9
30,72,21,11,2,0,3,3,0,3,0,3,57.0,126.6,42.300000000000004,21.3
48,85,24,38,1,1,0,3,3,2,1,2,84.9,152.5,42.2,70.9
2,18,154,12,3,2,1,2,0,1,1,0,8.1,34.4,277.7,24.6
61,121,2,57,2,2,3,1,2,1,0,2,110.8,219.8,8.1,102.10000000000001
32,23,67,18,0,3,0,2,3,0,0,3,54.6,45.9,120.60000000000001,32.4
68,51,52,93,2,2,3,1,0,0,1,0,125.4,94.8,97.10000000000001,168.9
15,55,150,9,3,3,3,3,3,2,1,2,28.5,101.5,273.5,18.7
18,66,11,69,0,3,2,0,1,3,3,0,31.4,120.3,19.8,124.2
7,47,196,2,2,1,1,2,3,2,1,0,12.6,84.10000000000001,353.3,6.6
4,44,53,194,1,2,3,1,2,1,2,1,6.699999999999999,81.2,97.9,349.7
59,54,194,34,1,2,2,0,3,2,2,1,104.7,98.2,350.2,60.2
40,45,118,23,1,1,3,3,0,0,1,3,73.5,82.5,215.9,42.9
58,14,46,2,0,2,3,2,3,0,1,1,101.4,28.2,86.3,5.6
137,143,119,151,1,0,1,0,2,2,3,2,246.1,255.40000000000003,212.70000000000002,269.8
9,99,7,41,0,2,3,2,2,1,3,1,14.2,180.20000000000002,14.100000000000001,75.8
61,33,30,34,3,1,3,1,0,1,1,3,114.3,59.9,57.5,59.7
46,42,45,68,2,2,1,1,0,3,3,2,85.8,75.60000000000001,79.5,121.9
129,25,3,53,3,3,3,3,1,1,0,3,235.70000000000002,48.5,9.9,96.9
120,62,189,67,3,1,0,1,3,0,3,0,217.5,113.10000000000001,337.2,122.10000000000001
21,75,69,7,3,3,0,2,3,3,2,2,39.300000000000004,136.5,122.2,13.6
40,7,139,160,1,2,3,2,1,1,1,3,72.5,14.6,253.70000000000002,288.0
154,87,64,19,0,1,1,3,0,0,3,3,277.2,158.1,113.7,35.7
124,156,53,12,0,1,3,1,1,1,0,1,222.20000000000002,281.3,99.9,22.1
64,25,60,20,2,0,3,0,0,1,1,1,118.2,44.0,111.5,35.0
51,35,35,40,0,3,3,0,0,1,2,2,91.8,66.5,65.5,70.0
31,6,4,46,3,3,1,0,2,1,0,0,58.300000000000004,14.3,8.7,82.8
56,48,8,11,2,1,3,1,0,0,2,2,103.8,87.9,16.9,19.3
33,9,65,58,3,1,0,3,3,2,2,1,60.9,15.7,115.0,107.9
62,18,47,125,0,1,3,0,3,3,3,0,108.60000000000001,30.9,86.10000000000001,225.0
5,9,32,115,3,0,0,2,1,0,1,3,12.5,16.2,56.6,207.0
44,48,161,41,0,2,0,2,3,1,1,1,76.2,88.4,288.8,75.8
117,97,11,185,2,0,0,2,0,3,0,2,213.6,171.6,19.8,334.0
174,28,52,54,1,3,0,3,3,2,3,3,311.7,52.9,90.60000000000001,98.7
94,11,35,199,3,0,1,3,0,3,2,2,173.70000000000002,16.8,62.5,360.7
96,54,65,0,2,2,1,0,2,1,2,3,173.8,99.2,116.5,0.0
44,63,161,25,3,0,0,3,1,1,3,1,82.7,112.4,286.8,48.5
70,27,29,8,3,1,3,2,0,0,3,1,130.5,50.1,53.7,16.4
17,58,64,11,2,3,2,2,3,2,0,2,30.6,106.9,118.2,20.8
38,53,55,46,2,2,3,2,1,2,3,0,70.4,96.4,100.5,85.8
65,69,39,31,3,2,0,3,1,2,3,1,120.5,125.2,67.2,59.300000000000004
145,140,12,97,1,3,3,1,0,2,0,2,262.5,254.5,26.1,174.1
168,44,145,21,2,1,2,3,1,0,3,2,304.40000000000003,80.7,261.0,40.300000000000004
20,56,200,141,0,1,2,2,1,0,0,2,35.0,102.3,363.0,254.8
50,46,165,3,0,3,3,0,3,1,0,3,87.0,86.3,301.5,2.4000000000000004
59,144,45,25,3,0,2,2,2,2,0,3,108.7,257.2,84.0,45.0
35,104,58,22,0,2,3,0,1,0,3,2,62.0,190.20000000000002,105.9,37.6
59,195,23,145,3,3,3,0,0,2,2,2,110.7,353.5,43.9,259.0
40,43,151,194,0,1,0,2,1,0,3,1,71.0,78.9,268.8,351.2
58,70,141,30,0,2,2,1,1,1,3,2,103.4,128.0,253.8,53.5
63,41,19,30,2,3,2,0,0,1,2,0,116.4,77.3,35.2,54.0
53,162,40,28,0,1,0,3,0,2,2,3,95.4,291.1,70.0,51.9
62,62,9,56,0,2,0,2,3,1,0,1,108.60000000000001,113.60000000000001,16.2,102.8
190,39,67,83,2,1,2,0,0,3,3,1,345.0,68.7,120.60000000000001,148.4
4,37,60,14,0,3,0,0,3,0,1,3,4.2,71.10000000000001,107.0,22.2
28,6,176,95,1,0,2,3,1,1,3,2,50.9,9.8,316.8,173.5
5,27,65,116,1,1,0,1,3,2,1,2,7.5,48.1,116.0,208.3
12,45,40,23,3,3,2,3,0,3,3,3,26.1,82.5,72.0,42.9
26,58,153,118,2,0,2,3,1,2,1,2,48.800000000000004,102.4,277.40000000000003,214.9
41,50,65,63,2,1,1,2,3,3,0,1,73.8,88.5,118.5,115.4
16,28,81,38,1,1,3,3,3,3,0,0,27.3,48.9,150.3,72.9
4,61,26,37,1,3,1,0,0,0,2,0,8.7,114.3,46.300000000000004,66.60000000000001
0,133,24,192,0,2,3,0,1,2,0,1,0.0,240.4,47.7,344.6
52,43,24,97,3,3,0,1,0,1,1,2,98.10000000000001,80.9,42.2,174.1
59,25,31,4,3,0,1,2,0,0,2,0,110.7,45.0,55.300000000000004,10.2
36,28,63,0,1,0,3,3,0,2,0,3,66.3,48.4,117.9,0.0
11,17,19,14,1,3,3,3,1,1,3,3,20.3,34.1,35.7,26.7
12,12,42,27,1,0,3,3,2,3,0,1,21.1,18.6,80.10000000000001,52.1
32,48,10,65,1,0,2,1,1,0,3,1,58.1,86.4,18.0,117.5
20,0,30,23,1,0,1,2,0,0,2,2,37.5,0.0,53.5,42.4
117,171,26,25,0,3,0,3,3,2,2,3,207.6,310.3,44.800000000000004,46.5
10,4,8,72,1,2,3,3,1,1,1,2,18.5,9.2,17.9,132.1
151,118,0,27,2,3,2,2,1,0,3,0,273.8,216.9,0.0,51.6
20,13,6,106,2,3,0,2,1,3,1,2,38.0,24.900000000000002,9.8,191.8
34,108,12,89,3,2,3,2,1,1,0,3,64.7,196.4,26.1,160.20000000000002
18,62,6,11,2,0,0,1,3,0,2,3,32.4,111.60000000000001,8.8,18.3
69,48,20,36,3,2,2,0,2,3,0,2,126.69999999999999,86.4,39.0,62.8
37,74,44,21,0,0,1,0,2,2,1,3,64.60000000000001,131.20000000000002,79.7,34.800000000000004
87,35,58,40,1,3,0,3,1,0,3,3,157.1,67.5,101.4,73.5
55,8,0,193,2,1,3,3,0,0,1,0,102.0,15.9,0.0,351.90000000000003
45,23,60,9,3,1,3,2,0,0,3,0,85.5,42.9,109.5,19.2
6,64,37,58,2,0,0,2,0,0,3,2,13.8,115.2,63.60000000000001,105.4
57,61,64,6,3,1,0,2,2,1,1,1,105.10000000000001,110.3,114.2,12.8
27,200,18,69,3,3,1,3,3,2,2,0,50.1,362.5,31.9,128.7
38,69,57,48,0,2,3,1,3,0,2,3,65.4,127.2,105.10000000000001,84.9
38,18,2,61,2,1,3,0,3,1,1,3,68.4,32.9,7.1,106.8
164,151,93,52,1,3,0,3,1,1,3,2,295.7,275.3,164.4,96.10000000000001
17,41,27,4,2,0,1,0,2,2,0,0,31.6,71.8,50.1,7.2
35,2,28,70,2,2,0,1,1,0,3,0,65.0,6.6,47.4,127.5
69,65,54,30,1,0,2,2,2,3,0,0,123.7,114.0,100.2,57.0
8,7,63,49,3,1,3,1,3,1,0,3,15.899999999999999,13.1,117.9,86.7
4,62,44,58,3,2,1,3,1,1,1,2,10.7,113.60000000000001,79.7,106.9
33,24,28,80,1,0,3,2,0,2,2,1,60.9,41.2,52.9,146.0
183,101,163,37,3,2,1,0,1,1,3,0,332.90000000000003,183.8,291.90000000000003,66.60000000000001
48,80,12,59,0,1,3,1,2,3,0,1,84.4,142.5,26.1,106.7
5,20,45,66,1,3,1,3,1,0,3,3,9.5,40.5,79.5,120.3
143,86,16,124,0,3,0,2,0,1,2,3,257.40000000000003,158.3,26.8,223.20000000000002
4,46,1,45,3,1,0,3,1,0,2,3,10.7,84.3,0.0,82.5
179,35,4,39,3,2,2,2,3,1,1,3,323.7,65.0,9.2,70.2
51,3,133,159,3,1,1,2,2,1,3,3,94.3,5.9,237.9,286.2
195,65,1,30,2,1,0,0,2,2,0,3,352.0,116.5,1.8,51.0
51,17,105,35,0,1,3,0,3,2,3,0,88.8,30.1,190.5,63.0
70,66,66,140,0,1,0,0,0,2,2,3,126.0,118.3,116.8,249.0
58,80,3,77,1,3,3,2,1,1,2,2,104.9,147.5,7.9,139.6
3,62,98,3,2,2,2,0,2,0,3,1,6.4,114.60000000000001,176.4,4.4
66,30,13,54,3,1,2,1,0,0,3,2,123.3,55.5,23.400000000000002,96.7
104,42,41,0,0,0,0,3,3,0,3,3,184.20000000000002,75.60000000000001,70.8,0.0
79,1,62,103,3,3,2,3,3,0,2,2,143.70000000000002,6.3,112.60000000000001,187.9
12,12,38,170,0,0,0,2,1,2,0,1,20.6,19.6,68.4,308.0
6,4,24,41,0,1,3,1,1,3,3,2,9.8,5.699999999999999,44.7,73.3
134,14,11,43,2,3,0,0,1,3,3,1,243.20000000000002,26.7,16.8,76.4
162,81,131,127,3,1,2,1,2,1,1,1,294.1,146.3,237.8,229.1
70,37,27,3,3,3,0,1,0,0,2,3,130.5,71.10000000000001,46.6,3.9000000000000004
34,166,26,126,1,3,2,3,0,0,0,3,62.7,303.3,49.800000000000004,228.3
119,13,40,170,0,0,2,2,3,3,0,0,211.20000000000002,20.400000000000002,75.0,309.0
180,2,32,16,0,2,2,3,0,3,0,2,324.0,3.5999999999999996,60.6,31.299999999999997
64,26,65,12,1,3,1,3,1,3,3,1,115.7,48.300000000000004,115.5,25.1
67,55,13,111,2,1,1,3,3,0,1,1,120.60000000000001,100.5,23.900000000000002,203.3
9,68,29,0,1,3,3,2,1,3,1,1,16.7,123.9,55.7,0.0
49,133,13,22,1,1,3,2,1,0,1,1,88.7,240.9,26.900000000000002,41.6
9,17,39,63,2,1,0,1,3,1,3,2,16.2,31.1,67.2,112.9
14,50,64,54,0,1,3,3,0,0,3,3,25.2,91.5,116.7,98.7
64,75,58,50,0,0,1,3,2,0,3,2,113.2,135.0,102.9,92.5
28,9,1,56,3,2,1,2,2,3,1,1,52.9,16.2,2.3,102.8
74,16,18,55,1,0,3,1,3,0,3,1,131.70000000000002,28.8,33.9,99.5
19,64,197,66,0,2,2,3,2,1,0,1,32.2,117.2,357.6,122.3
55,15,23,6,3,0,1,2,0,0,0,1,103.5,27.0,42.9,12.8
3,34,57,39,1,2,2,3,1,0,2,2,5.9,64.2,103.60000000000001,72.7
15,33,18,65,3,0,0,0,1,3,0,2,30.5,56.4,32.4,115.0
37,29,79,1,1,0,1,0,0,0,1,2,68.10000000000001,52.2,142.70000000000002,0.0
51,65,84,175,0,0,2,1,3,0,1,1,88.8,117.0,153.20000000000002,315.5
24,48,20,64,0,2,2,1,3,2,0,0,40.2,87.4,39.0,116.7
96,51,33,36,3,3,0,1,3,1,3,3,174.3,95.3,56.4,63.3
6,27,7,24,3,1,1,2,1,1,1,1,14.3,49.1,13.1,45.2
45,56,171,118,1,0,3,1,2,3,3,0,80.5,97.8,309.3,213.9
45,39,48,72,1,0,1,3,1,1,0,1,81.5,69.2,87.9,133.1
142,32,63,37,0,1,3,3,2,2,2,0,253.6,57.1,115.9,71.10000000000001
18,8,31,47,3,1,0,2,3,3,2,1,33.9,12.9,53.800000000000004,86.60000000000001
64,42,34,21,0,2,2,2,2,2,3,0,113.2,76.60000000000001,61.2,40.800000000000004
12,24,61,62,1,0,1,2,1,0,0,3,22.1,43.2,111.3,111.60000000000001
4,50,68,63,3,2,1,2,1,1,0,0,10.7,92.0,123.9,116.4
13,61,45,12,2,0,0,1,0,0,2,2,26.400000000000002,109.8,79.0,21.1
59,25,15,68,0,3,1,0,3,2,1,3,103.2,47.5,27.5,119.4
49,24,35,182,1,1,2,3,3,0,2,0,86.7,44.7,64.0,332.1
102,55,26,4,0,2,1,0,0,2,3,3,183.6,100.0,45.300000000000004,4.2
58,33,38,4,0,1,3,2,2,3,0,0,102.4,57.9,72.9,10.2
128,0,38,45,1,1,2,1,1,2,0,1,230.9,0.0,71.4,81.5
33,70,71,36,0,2,1,1,0,1,3,0,59.4,128.0,126.30000000000001,66.3
54,47,61,17,3,2,0,1,1,1,2,1,100.7,86.60000000000001,107.8,31.1
13,52,18,51,1,1,3,3,1,0,1,1,23.900000000000002,95.10000000000001,35.9,95.3
54,41,48,84,3,3,1,3,2,3,3,1,99.7,75.3,84.9,154.70000000000002
39,34,20,114,3,3,2,1,0,2,0,3,74.7,63.7,39.0,203.70000000000002
173,61,30,59,0,0,0,0,1,3,2,2,310.40000000000003,106.8,52.0,104.2
129,40,45,166,2,0,2,3,3,3,3,0,232.20000000000002,69.0,81.0,303.3
12,69,113,11,1,0,1,3,1,3,1,0,22.1,121.2,203.9,24.3
108,65,184,41,3,0,0,0,1,3,0,3,197.9,114.0,331.2,70.8
38,78,67,166,1,1,3,2,2,3,0,2,67.9,138.9,125.10000000000001,299.8
53,2,14,23,2,0,3,0,3,0,0,2,95.4,3.6,29.7,39.4
4,23,55,194,1,1,3,3,0,3,1,1,8.7,39.9,102.5,352.7
61,135,43,48,0,0,3,3,3,1,3,2,106.8,242.0,78.9,88.9
8,31,65,39,1,1,0,0,2,1,1,0,13.9,56.300000000000004,116.0,70.2
26,126,32,51,0,2,3,1,0,3,3,2,46.800000000000004,226.8,59.1,91.3
68,21,22,113,1,1,2,2,3,0,0,1,120.9,39.300000000000004,42.6,205.4
20,67,27,30,3,0,0,1,3,1,2,3,37.5,119.60000000000001,46.6,52.5
10,0,95,54,2,1,0,1,2,0,0,1,19.0,0.0,171.0,97.7
36,29,170,132,0,2,1,1,1,2,3,3,63.8,53.2,304.5,236.1
137,38,30,62,2,0,2,1,3,2,1,2,246.6,66.4,56.0,111.10000000000001
53,198,179,1,1,0,3,0,1,2,0,0,95.9,354.40000000000003,326.7,1.8
118,49,52,1,1,0,0,3,1,1,3,3,212.9,87.2,90.60000000000001,3.3
65,3,37,89,1,2,0,1,0,2,1,1,118.5,6.4,65.60000000000001,160.70000000000002
22,142,42,44,3,0,2,3,3,1,3,2,41.1,254.6,75.60000000000001,81.7
67,42,175,16,1,0,1,1,0,0,1,2,122.10000000000001,75.60000000000001,315.5,28.3
46,39,28,55,2,1,3,0,3,3,0,2,82.8,68.7,54.9,97.0
2,68,53,23,3,1,3,3,1,1,2,2,7.1,122.9,97.9,43.9
23,30,52,65,3,1,1,0,1,3,1,1,44.9,52.5,94.10000000000001,116.0
30,4,56,1,2,0,0,0,0,1,2,1,57.0,6.2,98.8,0.8
11,30,69,70,1,2,2,3,1,0,1,3,20.3,57.0,126.2,127.5
6,69,46,47,3,2,2,3,2,3,3,2,13.3,124.2,82.8,87.10000000000001
0,43,12,67,3,3,3,0,3,0,1,2,0.0,81.9,25.1,118.60000000000001
15,176,64,33,1,2,3,3,3,3,1,2,25.5,316.8,118.7,61.9
10,76,4,61,1,0,0,2,3,1,0,0,16.5,135.8,7.2,112.8
49,125,1,52,0,2,2,1,3,0,2,3,85.2,228.0,2.8,92.10000000000001
35,13,41,32,3,2,3,2,3,1,0,0,64.5,25.400000000000002,78.3,60.6
36,39,59,22,3,3,0,0,3,1,1,1,66.3,73.7,105.2,38.6
17,197,162,58,1,2,1,0,0,2,3,0,32.1,355.6,290.1,104.4
60,36,9,51,0,0,3,0,2,3,1,0,106.0,61.8,19.7,91.8
124,65,3,32,3,2,0,0,0,0,0,1,227.70000000000002,120.0,5.4,56.6
133,55,12,13,3,1,3,1,0,0,1,1,243.9,100.5,25.1,23.900000000000002
59,27,42,158,1,2,2,2,0,3,1,3,107.7,48.6,77.60000000000001,284.40000000000003
196,29,18,32,1,3,0,2,1,0,2,1,353.3,56.7,30.4,59.6
58,51,49,191,3,2,2,2,1,3,0,3,107.9,91.8,91.2,343.8
4,0,101,59,3,0,1,1,0,1,1,1,11.7,0.0,182.3,106.7
31,69,161,38,3,2,2,2,1,3,3,1,59.300000000000004,124.2,289.8,70.4
56,18,174,42,3,0,1,3,3,1,3,1,102.3,31.4,311.7,79.10000000000001
65,20,54,52,2,2,0,1,3,0,3,0,117.0,39.0,94.2,95.10000000000001
45,69,49,57,1,0,3,2,1,3,0,0,81.5,121.2,92.7,105.60000000000001
54,103,64,45,3,1,3,1,2,3,1,3,99.7,183.9,118.7,79.5
7,11,162,28,3,3,1,1,3,1,1,1,14.100000000000001,23.3,292.1,50.9
146,113,32,67,2,2,3,0,2,3,0,0,263.8,203.4,62.1,120.60000000000001
32,156,0,65,0,2,1,3,3,1,3,0,54.6,282.8,0.0,121.5
56,45,6,31,3,0,2,1,2,1,2,1,103.3,80.0,11.8,56.300000000000004
7,48,127,56,3,2,3,0,2,3,1,3,15.100000000000001,86.4,232.1,97.8
171,130,60,162,0,2,2,0,3,2,3,3,304.8,235.0,108.0,288.6
31,141,11,45,3,1,2,0,2,0,2,1,58.300000000000004,255.3,20.8,80.0
5,6,17,39,3,1,3,3,2,2,1,3,11.5,10.3,34.1,71.7
15,11,58,40,3,2,0,0,3,1,3,3,28.5,21.8,101.4,69.0
27,107,114,183,2,2,2,1,3,2,2,1,48.6,193.6,206.20000000000002,329.90000000000003
63,16,168,18,2,1,3,2,3,3,0,1,113.4,27.3,306.90000000000003,34.4
48,70,42,86,0,3,2,1,0,0,1,3,86.4,130.5,77.60000000000001,153.3
152,20,70,55,1,3,2,2,3,0,0,3,272.1,40.5,129.0,99.0
4,10,184,29,1,0,0,2,2,1,2,3,6.699999999999999,17.0,329.2,52.2
57,58,17,50,2,0,1,1,1,2,2,2,104.60000000000001,102.4,30.1,89.5
39,148,54,41,0,1,0,2,1,3,0,2,69.2,264.90000000000003,97.2,74.8
27,138,69,59,1,2,3,1,1,3,2,1,49.1,248.4,126.69999999999999,106.7
36,66,68,29,2,3,1,0,1,3,2,2,66.8,120.3,121.9,50.2
197,25,17,15,0,3,2,1,1,3,2,3,353.6,46.5,31.6,25.5
47,9,13,8,2,0,0,3,3,2,1,1,84.60000000000001,14.2,22.400000000000002,17.9
24,25,59,42,1,1,0,1,3,1,2,2,41.7,45.5,104.2,75.10000000000001
138,48,58,130,1,3,3,3,0,2,3,1,249.9,88.9,105.9,237.5
0,52,16,31,2,0,0,3,1,0,3,0,0.0,93.60000000000001,25.8,60.300000000000004
62,27,64,68,1,3,2,0,0,2,2,1,113.10000000000001,51.1,116.2,121.4
43,50,2,5,0,3,1,1,1,2,1,1,76.4,92.5,4.1,9.5
30,137,71,165,0,0,0,2,2,2,2,0,52.0,244.6,125.8,300.0
44,28,48,100,2,3,1,3,3,0,1,3,79.2,54.9,86.9,181.5
20,22,17,41,2,0,2,2,1,1,3,1,38.0,38.6,30.6,75.8
67,182,46,60,2,0,1,1,2,2,0,3,121.60000000000001,325.6,84.3,106.5
32,28,11,143,2,3,3,1,3,3,3,1,57.6,51.9,21.3,257.90000000000003
31,33,57,48,3,0,3,1,0,1,3,0,60.300000000000004,58.4,104.10000000000001,87.9
12,151,9,19,2,2,1,0,2,0,0,0,22.6,274.8,17.7,34.2
175,42,116,31,1,3,3,1,2,1,2,2,314.5,79.10000000000001,211.3,55.300000000000004
19,58,49,35,1,3,1,3,3,0,1,3,32.7,108.9,88.7,64.5
44,33,43,112,0,2,3,2,1,0,1,3,78.2,62.4,80.9,201.6
157,76,48,2,2,3,1,1,1,1,3,2,284.6,140.3,84.9,3.0999999999999996
0,85,52,46,2,0,3,3,2,0,1,3,0.0,153.0,97.10000000000001,84.3
38,29,65,70,2,1,0,0,2,1,2,3,69.4,52.7,115.0,123.0
3,21,11,27,1,2,3,3,0,2,2,3,6.9,38.800000000000004,22.3,50.1
55,58,51,18,1,2,3,2,0,1,0,0,100.5,106.4,96.3,35.4
59,28,142,23,2,1,3,3,2,3,1,1,107.2,48.9,259.1,44.9
150,26,26,148,3,3,0,0,0,1,3,0,274.5,50.300000000000004,43.800000000000004,266.40000000000003
144,200,29,33,0,0,0,0,2,1,3,3,257.2,359.0,49.2,56.4
59,40,11,75,3,3,3,0,2,2,0,1,108.7,74.5,24.3,134.0
190,33,27,43,2,3,1,0,3,1,3,2,342.0,62.9,47.1,75.4
34,45,21,56,1,1,0,0,0,1,3,0,62.7,81.5,34.800000000000004,100.8
2,143,35,33,0,1,0,0,1,3,1,2,2.6,255.90000000000003,62.0,57.4
41,37,11,16,3,2,1,2,1,1,3,0,77.3,68.60000000000001,18.3,31.8
34,28,136,11,3,3,2,3,3,0,0,3,62.7,54.9,247.8,21.3
64,22,183,66,3,1,0,1,1,3,2,0,118.7,38.1,327.40000000000003,120.3
93,41,64,30,2,0,2,3,2,2,1,3,168.4,71.8,117.2,55.5
101,70,167,44,2,3,0,0,2,1,3,0,182.8,129.5,297.6,79.2
27,145,59,62,3,0,1,2,3,0,1,2,50.1,261.0,106.7,112.60000000000001
3,141,54,22,2,3,3,3,2,0,0,3,6.4,258.3,101.7,41.1
47,24,111,17,2,1,2,3,2,0,1,2,85.60000000000001,44.7,201.8,33.1
59,66,13,172,3,0,3,2,3,2,1,3,107.7,116.8,26.900000000000002,309.6
173,20,43,160,3,0,0,3,1,3,2,2,314.90000000000003,33.0,75.4,290.5
55,35,16,132,3,1,1,1,3,2,3,3,100.5,62.5,27.3,236.1
9,54,193,132,0,0,1,1,2,3,2,2,14.2,94.2,346.90000000000003,237.1
12,31,63,18,1,1,3,2,2,3,3,3,21.1,54.300000000000004,114.9,32.4
18,33,45,165,0,2,2,1,1,2,3,0,31.4,60.4,81.0,298.5
49,0,46,4,1,2,3,1,3,3,0,2,86.7,0.0,87.3,6.699999999999999
43,133,19,52,0,0,3,1,3,2,2,3,74.4,237.4,36.7,92.10000000000001
177,32,6,200,1,3,3,0,2,3,3,0,318.1,59.1,12.3,360.0
15,10,65,4,3,3,1,3,0,2,3,2,31.5,20.5,115.5,9.7
53,136,73,49,3,1,2,2,2,3,1,3,97.9,243.3,133.4,88.2
17,70,124,41,0,3,2,1,2,3,0,0,28.6,127.5,226.20000000000002,75.3
58,59,47,32,2,2,2,2,1,2,1,3,106.4,107.2,86.60000000000001,57.6
1,12,60,48,0,1,0,0,1,0,3,1,0.8,23.1,105.0,85.4
84,54,14,70,2,2,2,0,2,0,1,0,152.20000000000002,100.2,27.2,126.0
67,191,39,42,0,2,0,1,3,3,3,3,117.60000000000001,343.8,67.2,74.10000000000001
8,101,31,50,0,0,1,1,2,1,3,3,12.4,180.8,54.300000000000004,88.5
145,13,27,58,1,2,2,2,3,1,1,2,259.5,25.400000000000002,50.6,105.4
38,12,69,33,3,3,2,2,2,2,1,2,70.9,24.1,126.2,60.4
14,63,16,65,1,0,3,1,1,0,3,0,25.7,113.4,30.299999999999997,118.5
1,19,44,15,3,0,3,1,2,1,2,3,4.3,33.2,81.7,25.5
8,53,72,50,1,2,1,2,1,3,3,2,14.9,95.4,128.1,91.0
7,64,37,18,0,1,3,1,2,3,3,0,10.6,113.7,68.10000000000001,33.9
49,7,1,87,0,0,2,0,0,3,0,3,88.2,9.6,4.8,153.6
26,57,26,186,3,1,0,1,2,0,1,1,49.300000000000004,104.10000000000001,45.800000000000004,335.3
20,36,46,4,2,2,3,0,1,3,0,1,38.0,64.8,87.3,6.2
57,19,5,38,1,0,3,0,2,0,0,1,102.10000000000001,34.2,13.5,67.4
15,41,200,181,3,1,0,2,0,3,1,3,31.5,72.3,359.0,325.8
24,66,140,41,0,0,3,2,2,1,0,1,41.2,117.8,256.5,75.8
108,143,45,181,0,2,2,1,2,1,1,2,192.4,259.40000000000003,83.0,325.3
4,45,2,60,3,3,3,1,0,1,0,3,11.7,84.5,8.1,106.5
70,22,5,41,2,2,3,1,2,3,1,2,127.0,39.6,12.5,73.3
30,56,111,157,2,2,3,0,3,1,0,1,54.0,102.8,204.3,281.6
129,128,57,92,0,1,1,2,1,0,0,3,231.20000000000002,231.9,104.10000000000001,165.6
1,140,52,28,2,2,0,0,0,3,0,0,4.8,252.0,93.60000000000001,50.4
52,33,9,32,2,3,3,1,1,1,0,3,95.60000000000001,62.9,20.7,56.1
36,49,37,9,0,1,3,3,3,0,3,0,61.8,89.7,68.10000000000001,20.7
82,19,64,61,2,1,0,1,3,3,3,0,147.6,32.7,112.2,111.3
60,62,49,25,3,1,3,0,1,2,0,0,111.5,111.10000000000001,92.7,45.0
39,58,30,10,2,3,0,0,1,2,1,1,72.2,106.9,53.0,17.0
25,51,23,7,0,1,0,1,0,3,2,3,45.0,90.3,39.4,11.1
18,150,30,43,1,0,3,1,1,1,2,2,32.9,269.0,56.5,76.9
23,23,30,33,2,2,3,0,0,1,1,0,44.4,43.4,57.5,59.4
25,1,44,106,2,1,1,1,1,2,0,3,47.0,1.2999999999999998,80.7,189.3
12,49,67,51,1,0,1,0,2,2,0,3,21.1,86.2,122.10000000000001,88.8
48,52,60,7,1,1,2,2,1,2,1,1,86.9,93.10000000000001,110.0,14.6
40,25,184,40,2,3,1,2,3,0,1,2,72.0,49.5,331.7,73.0
43,122,56,19,2,2,3,1,2,1,3,2,78.4,221.6,102.3,33.7
37,67,31,1,0,3,1,3,3,2,0,1,63.60000000000001,123.10000000000001,57.300000000000004,5.3
102,7,25,49,3,2,1,0,2,3,3,2,186.1,12.6,43.5,86.2
13,84,30,53,2,2,2,1,1,2,1,1,25.400000000000002,152.20000000000002,56.0,95.9
68,64,0,34,1,3,3,3,3,2,3,1,120.9,117.7,0.0,64.7
3,105,50,9,0,0,1,1,3,2,2,2,2.4000000000000004,187.0,89.5,15.7
8,45,17,25,0,0,0,1,2,0,2,2,12.4,81.0,28.6,44.5
97,15,31,5,2,3,0,2,0,1,1,3,177.6,30.5,54.800000000000004,9.0
6,17,154,41,0,0,2,0,0,2,3,2,10.8,28.6,277.2,71.8
18,169,68,36,0,2,2,0,0,2,1,2,32.4,305.2,124.4,62.8
87,70,3,24,1,0,1,2,3,1,3,1,155.1,125.0,3.9000000000000004,45.2
43,26,54,67,1,3,2,3,2,1,0,1,76.9,50.300000000000004,100.2,124.10000000000001
50,63,7,46,1,0,0,0,1,2,1,0,90.5,111.4,11.6,82.8
51,13,12,8,0,2,2,1,3,3,0,0,88.8,23.400000000000002,24.6,15.9
7,27,7,53,2,3,1,0,2,1,1,0,13.6,52.1,13.1,95.4
7,64,55,10,0,3,1,0,2,3,1,2,10.6,116.7,99.5,16.0
55,44,60,6,0,2,2,2,2,3,3,0,97.0,79.2,108.0,13.8
73,61,190,5,1,1,3,2,1,1,3,1,131.9,110.3,343.5,11.0
23,32,50,36,0,1,2,3,3,0,1,0,38.4,59.1,92.0,69.3
17,8,29,0,0,2,0,2,0,0,3,3,30.6,17.4,49.2,0.0
64,153,122,21,3,0,2,1,0,2,1,0,119.7,273.40000000000003,221.6,39.300000000000004
107,38,33,19,1,0,2,3,2,0,1,0,192.1,68.4,61.4,38.7
62,4,33,34,1,2,2,2,0,2,1,0,113.10000000000001,8.2,61.4,64.2
34,44,16,24,3,2,1,1,3,2,3,0,62.7,80.2,27.3,44.7
70,66,55,24,0,1,2,3,0,2,1,1,126.0,118.3,101.0,46.7
70,164,104,31,3,0,0,3,3,2,3,0,127.5,293.2,184.20000000000002,60.300000000000004
68,34,5,12,3,1,0,0,1,1,3,0,125.9,61.7,6.0,21.6
15,86,65,9,3,3,1,2,3,0,0,2,28.5,159.3,118.5,17.2
0,8,68,9,1,3,0,0,0,2,3,2,0.0,16.9,119.4,14.2
118,27,29,35,1,0,2,3,1,1,2,2,212.9,47.6,53.2,65.5
25,16,2,58,0,1,2,1,0,2,1,2,45.0,28.3,5.6,103.9
162,2,66,5,2,0,1,2,0,2,3,3,294.6,1.6,117.3,9.0
46,57,4,32,2,2,1,1,1,3,3,1,84.8,102.60000000000001,5.699999999999999,58.1
52,143,44,101,3,3,3,0,3,3,2,1,95.10000000000001,258.90000000000003,81.7,180.8
41,9,28,124,2,1,2,0,2,1,2,0,74.8,16.7,51.4,223.20000000000002
44,31,34,10,1,3,3,3,3,3,2,0,77.7,57.300000000000004,63.7,22.5
47,93,52,2,0,2,3,0,3,3,2,2,81.60000000000001,167.4,96.10000000000001,1.6
17,39,196,15,1,1,3,1,1,1,1,2,31.1,70.7,356.3,26.5
54,36,47,30,1,0,3,0,3,1,2,2,95.7,63.8,87.10000000000001,52.0
177,2,4,11,1,3,0,0,0,3,1,0,320.1,5.1,6.2,19.8
37,37,166,37,1,0,3,1,0,3,2,0,68.10000000000001,63.60000000000001,301.3,68.10000000000001
65,15,16,49,2,0,3,1,1,1,2,2,119.0,26.0,31.299999999999997,87.7
62,27,64,39,1,3,0,2,0,0,1,3,113.10000000000001,53.1,114.2,70.2
170,54,48,5,3,0,0,0,0,2,2,0,310.5,95.2,84.4,9.0
12,23,41,102,1,3,2,2,1,2,1,1,22.1,43.9,75.8,185.6
54,16,59,59,2,0,0,0,0,0,2,0,100.2,28.8,104.2,106.2
52,16,14,59,0,2,2,0,3,3,0,0,90.60000000000001,28.8,28.2,106.2
31,182,64,54,2,3,2,3,0,3,3,3,58.800000000000004,329.1,115.2,98.7
1,166,164,6,1,1,1,1,0,2,0,3,3.3,298.3,296.7,9.3
9,7,27,6,1,2,0,1,1,0,3,0,16.7,15.6,45.6,12.3
23,51,50,117,1,1,3,0,0,0,1,2,42.9,93.3,93.5,208.6
33,109,7,154,1,2,2,2,2,1,2,0,58.9,198.20000000000002,13.6,280.2
14,33,6,58,1,3,2,3,2,0,1,0,24.7,63.9,12.8,108.9
13,60,63,26,1,0,0,0,3,0,1,1,21.900000000000002,108.0,112.4,45.800000000000004
16,130,55,20,3,0,3,0,1,3,1,3,32.3,231.0,102.5,33.0
1,62,12,5,1,3,3,3,2,0,1,3,1.2999999999999998,116.10000000000001,25.1,10.5
8,70,168,53,1,3,3,0,2,0,0,2,13.9,130.5,306.90000000000003,93.4
42,68,57,24,2,0,0,1,0,0,2,1,78.60000000000001,122.4,100.60000000000001,43.7
25,86,55,129,0,0,2,2,1,3,2,3,44.0,151.8,100.0,232.20000000000002
8,47,69,61,0,1,1,2,1,2,1,2,13.4,84.10000000000001,124.7,110.8
56,199,33,3,1,3,3,2,0,2,2,3,102.3,360.7,61.9,5.4
173,160,7,18,2,2,3,3,3,0,0,3,311.40000000000003,291.0,17.1,33.9
67,28,28,90,0,0,0,3,2,2,2,3,118.60000000000001,48.4,48.4,163.5
135,69,45,59,2,3,3,1,3,2,1,1,243.0,126.69999999999999,84.5,106.7
149,29,39,141,3,3,1,2,3,2,3,0,269.7,54.7,68.7,256.8
133,179,193,52,3,0,1,1,0,1,0,2,243.9,321.2,348.90000000000003,93.10000000000001
128,62,58,173,1,1,1,3,1,1,0,3,230.9,112.10000000000001,105.9,312.90000000000003
149,43,18,68,3,3,0,0,1,1,2,3,271.7,80.9,30.4,119.4
189,69,47,52,0,0,2,2,2,0,2,2,338.2,124.2,85.60000000000001,94.60000000000001
23,89,137,49,1,2,3,2,2,3,3,3,40.9,160.20000000000002,248.1,88.2
20,65,141,3,2,0,1,0,0,2,3,2,39.0,115.0,252.3,3.4000000000000004
27,42,14,29,2,0,1,3,3,0,2,1,48.6,75.60000000000001,24.7,55.7
70,22,163,13,1,1,0,3,0,0,2,3,127.5,41.1,291.40000000000003,24.900000000000002
115,165,25,64,1,1,1,1,2,3,1,0,206.5,295.5,45.5,116.7
177,8,149,66,1,2,3,1,0,0,2,3,320.1,17.4,270.7,117.3
51,194,8,111,0,0,0,0,0,2,3,3,91.8,347.2,11.4,196.8
57,18,23,69,3,3,0,2,0,2,0,3,107.10000000000001,34.9,41.4,124.2
135,59,41,61,0,0,0,0,3,0,1,0,240.0,106.2,72.8,109.8
51,70,189,25,0,2,0,0,0,3,2,1,91.8,126.0,338.2,44.0
66,83,152,29,2,3,2,3,0,3,1,0,121.8,150.9,275.6,56.7
20,25,0,31,2,2,0,2,2,2,2,0,37.0,46.0,0.0,58.800000000000004
85,89,27,55,2,1,2,0,2,1,1,2,154.0,160.70000000000002,50.6,97.0
24,23,47,59,3,0,1,0,0,0,3,2,47.7,41.4,83.10000000000001,104.2
25,6,51,46,1,2,1,3,2,1,1,2,44.5,12.8,92.3,85.3
42,21,48,196,0,2,3,2,1,2,3,1,74.60000000000001,38.800000000000004,87.9,354.8
25,53,17,53,0,3,1,3,2,2,3,0,43.0,97.9,29.1,99.9
41,48,62,30,2,1,0,0,2,3,0,3,74.8,84.9,111.60000000000001,51.0
52,106,16,58,3,1,3,2,1,0,2,2,97.10000000000001,192.3,31.299999999999997,105.4
133,8,176,35,2,0,1,1,1,1,2,3,241.4,13.4,316.3,61.5
33,57,69,70,2,3,0,1,3,3,1,2,59.4,104.10000000000001,123.2,125.5
70,61,64,79,1,2,0,3,2,0,3,1,125.5,112.8,112.2,145.70000000000002
76,57,50,45,2,2,2,3,3,3,3,3,136.8,102.60000000000001,90.0,82.5
16,64,54,66,1,1,3,0,3,0,0,2,27.3,116.7,101.7,116.8
180,0,103,197,0,2,3,3,0,0,3,1,324.0,0.0,186.9,358.1
41,101,54,2,1,3,3,3,1,1,0,1,74.3,185.3,101.7,7.1
13,70,12,56,2,2,1,0,2,0,2,1,24.400000000000002,129.0,21.1,99.8
116,44,18,33,3,3,1,0,2,0,1,2,211.3,83.7,32.9,57.4
51,5,158,173,3,3,1,2,3,0,0,3,93.3,13.5,285.90000000000003,311.40000000000003
62,53,62,29,3,1,2,2,3,1,1,3,113.10000000000001,95.9,113.60000000000001,52.2
37,40,27,82,2,1,1,2,0,2,1,2,69.60000000000001,71.5,49.1,148.6
104,12,30,40,2,0,2,0,1,0,0,1,189.20000000000002,21.6,57.0,71.0
188,150,53,147,3,2,2,2,3,1,3,3,339.90000000000003,272.0,95.4,264.6
1,165,61,31,3,2,0,0,3,2,0,0,3.3,298.0,109.8,55.800000000000004
122,56,69,38,2,3,0,1,1,0,2,1,221.6,105.3,122.2,68.9
42,116,148,192,1,3,1,0,3,0,2,0,74.10000000000001,213.3,265.90000000000003,345.6
46,60,24,65,0,0,1,1,2,0,1,1,80.8,108.0,43.7,117.5
19,40,159,44,0,2,1,2,0,3,2,3,34.2,72.0,285.7,79.2
16,52,47,16,1,1,1,1,2,3,2,3,28.3,92.10000000000001,84.10000000000001,27.3
18,34,60,28,1,0,3,1,0,0,3,2,33.9,61.2,109.5,49.9
9,28,14,172,0,0,2,2,0,2,0,3,16.2,48.4,28.2,309.6
136,125,126,58,2,0,2,2,0,3,2,0,247.8,222.0,227.8,107.4
161,103,194,43,1,1,3,0,3,0,2,0,288.3,186.9,351.7,77.4
10,175,173,40,3,1,3,1,0,1,2,0,22.5,315.5,313.90000000000003,73.5
67,173,23,122,1,3,3,3,2,0,2,3,120.10000000000001,315.90000000000003,43.9,221.1
99,57,20,46,0,2,0,1,2,2,1,1,176.20000000000002,103.60000000000001,35.0,83.3
47,118,1,48,1,0,0,1,2,0,2,2,84.10000000000001,212.4,0.0,85.9
35,25,9,106,1,1,2,0,3,0,1,0,61.5,46.5,18.2,190.8
35,40,53,161,1,0,0,0,1,0,0,1,63.5,72.0,95.4,288.8
61,32,56,53,3,3,1,0,1,3,1,1,113.3,59.1,101.3,94.4
44,156,129,157,3,0,3,3,0,0,1,0,83.7,280.8,235.70000000000002,287.1
32,73,30,181,0,0,1,0,1,1,2,3,56.6,130.4,53.5,322.8
22,32,50,194,0,0,0,3,1,3,1,2,38.6,54.6,89.0,351.7
47,129,51,9,2,1,1,3,1,2,1,3,86.60000000000001,231.70000000000002,92.3,17.7
62,13,5,81,0,1,1,3,3,3,1,1,108.60000000000001,21.900000000000002,9.5,149.3
85,41,181,58,1,3,3,3,2,2,1,3,152.5,76.3,329.3,105.9
97,27,51,32,0,0,0,1,1,2,1,2,173.6,46.6,90.8,57.1
43,92,43,104,1,1,1,2,2,3,1,2,76.9,164.1,77.9,188.20000000000002
69,22,59,122,0,1,1,0,2,1,0,0,122.2,40.1,107.7,219.6
8,49,44,7,1,2,2,3,3,2,2,1,12.9,89.2,80.2,16.1
8,49,68,113,2,2,3,3,3,1,3,0,14.399999999999999,90.2,123.9,207.9
55,137,53,14,2,0,0,3,0,2,0,1,102.0,244.6,95.4,28.7
53,43,45,197,2,1,0,2,0,0,2,1,98.4,78.9,79.0,356.6
23,47,127,114,2,3,0,1,3,0,2,3,41.4,89.10000000000001,226.6,203.70000000000002
49,55,27,38,3,0,1,2,2,1,3,0,90.7,98.0,47.1,71.4
119,21,45,149,0,2,2,2,1,1,2,2,213.20000000000002,39.800000000000004,82.0,269.2
9,7,10,140,2,0,1,3,1,1,0,2,18.2,11.6,19.5,254.5
20,99,8,1,3,2,2,0,2,2,0,0,38.5,179.20000000000002,17.4,1.8
1,65,0,60,2,3,1,3,3,2,1,3,1.7999999999999998,119.5,0.0,109.5
107,57,52,180,0,3,2,3,2,0,1,1,190.6,107.10000000000001,95.60000000000001,327.5
67,66,19,64,2,3,3,3,3,3,3,1,120.60000000000001,120.3,35.7,118.7
112,114,27,47,1,2,0,0,0,0,3,2,203.1,208.20000000000002,45.6,82.60000000000001
17,31,148,47,1,1,2,0,2,3,3,0,30.1,54.300000000000004,266.40000000000003,84.60000000000001
64,102,9,72,1,2,3,1,2,1,3,3,114.7,185.6,17.7,128.1
140,191,28,70,1,3,3,1,1,3,3,3,252.5,345.3,51.9,124.5
15,68,16,104,3,1,2,2,3,1,2,3,28.5,122.9,29.8,187.20000000000002
65,69,82,170,1,1,1,3,2,3,2,3,116.5,122.7,147.1,307.5
68,20,172,61,3,3,3,2,1,0,3,0,125.9,40.5,311.1,112.8
20,70,59,70,3,1,3,3,3,0,1,1,37.5,127.5,109.7,129.5
46,64,170,35,2,0,0,1,2,1,1,3,83.8,114.2,305.0,61.5
125,65,159,57,0,1,1,0,3,1,1,1,222.0,117.5,286.7,101.60000000000001
53,164,36,10,0,3,3,1,1,0,3,1,94.4,299.7,66.3,18.5
56,54,39,15,3,2,2,1,0,2,0,3,105.3,98.2,73.2,25.5
170,138,45,67,1,1,0,0,3,1,0,0,304.5,248.9,81.0,120.60000000000001
68,51,65,56,2,3,2,1,3,2,1,2,122.4,94.3,119.0,100.3
55,66,86,199,1,0,0,2,1,3,3,1,99.5,115.8,151.8,360.2
35,26,195,53,0,0,0,2,3,0,3,3,60.0,46.800000000000004,348.0,95.4
8,173,45,12,1,3,2,2,0,2,2,2,15.9,313.90000000000003,82.0,22.6
14,49,33,44,1,0,3,0,2,2,2,0,24.7,86.2,61.9,79.2
30,54,6,181,1,3,2,3,2,1,3,2,53.5,100.7,10.8,328.3
38,10,17,88,3,0,3,0,1,0,2,1,71.9,18.0,33.1,157.4
8,40,40,30,2,2,1,0,1,1,0,1,16.4,74.0,73.5,53.0
64,72,30,3,2,3,3,3,2,3,3,2,116.2,131.1,55.5,7.9
93,86,33,67,1,2,2,1,1,2,1,3,167.9,155.8,61.4,119.10000000000001
54,52,4,3,1,2,3,2,1,3,1,2,97.7,93.60000000000001,10.7,6.4
2,21,26,72,3,0,2,2,3,0,1,0,5.1,37.800000000000004,48.800000000000004,132.6
50,68,60,12,2,3,1,3,3,0,3,0,90.0,126.9,106.5,26.1
19,69,43,62,2,3,1,3,0,2,1,2,37.2,126.69999999999999,77.9,114.10000000000001
53,15,52,46,2,0,1,3,1,2,3,0,97.4,25.0,92.10000000000001,87.3
30,59,104,59,3,1,2,1,1,2,1,3,57.5,105.7,189.20000000000002,104.7
46,24,12,20,1,0,1,2,0,3,1,3,84.3,40.2,22.1,36.0
42,25,149,27,3,3,0,1,2,2,1,0,78.10000000000001,47.5,267.2,50.1
10,23,9,57,2,1,0,2,1,2,2,0,20.0,40.9,14.2,105.60000000000001
37,43,24,58,2,1,1,1,3,2,3,1,66.60000000000001,76.9,41.7,104.9
172,34,32,174,0,3,0,1,3,3,1,0,306.6,62.7,56.6,314.7
5,4,65,14,2,0,2,3,1,2,3,1,11.0,5.2,117.0,28.7
2,59,110,51,2,2,1,3,1,3,2,2,5.6,106.2,197.5,94.3
130,60,187,45,0,0,1,2,2,1,3,3,232.0,107.0,335.1,81.0
45,87,0,0,2,3,3,2,0,2,0,1,84.0,159.1,0.0,0.0
20,62,63,41,3,2,2,2,2,0,2,1,38.5,114.60000000000001,114.4,75.8
19,18,196,74,1,3,3,2,0,0,2,0,35.7,36.9,355.3,136.20000000000002
11,51,108,43,2,2,3,1,0,2,0,1,22.8,92.8,198.9,77.9
182,35,39,20,2,1,3,2,2,0,0,0,328.6,64.5,74.7,39.0
62,58,20,47,0,3,3,2,0,1,1,1,111.60000000000001,107.9,39.5,86.60000000000001
36,9,66,42,2,2,0,0,3,0,3,1,64.8,19.2,115.8,74.60000000000001
181,49,106,23,2,3,0,0,2,2,3,2,326.8,90.7,187.8,39.4
46,173,47,16,3,2,2,2,0,0,1,0,87.3,314.40000000000003,86.60000000000001,31.8
65,28,31,97,3,1,3,3,3,0,2,2,118.5,51.9,58.300000000000004,177.1
89,34,69,3,0,2,3,3,2,0,2,2,158.20000000000002,64.2,126.69999999999999,7.9
60,68,2,183,3,3,3,3,0,2,3,3,112.5,124.9,5.1,330.90000000000003
66,12,69,26,2,0,0,1,2,2,2,0,119.8,19.6,122.2,48.300000000000004
66,66,4,83,1,2,2,2,1,2,2,1,119.3,119.8,8.2,151.4
183,70,13,69,0,1,0,1,3,3,3,3,326.40000000000003,124.5,20.400000000000002,122.7
42,22,123,26,2,3,1,0,1,1,1,2,77.60000000000001,43.1,221.9,44.800000000000004
156,135,47,51,2,2,1,3,2,1,1,3,281.8,245.0,85.10000000000001,93.3
124,53,67,22,1,1,2,3,3,3,1,1,221.70000000000002,93.9,122.60000000000001,43.1
170,116,50,14,2,2,2,1,0,0,3,3,309.0,211.8,90.0,23.7
8,117,35,61,3,1,2,3,1,0,1,3,17.9,212.1,65.0,111.3
30,6,120,5,1,2,1,2,2,1,0,2,53.5,12.8,217.5,10.0
70,62,130,48,0,0,3,3,1,1,0,1,125.0,110.60000000000001,238.5,89.9
164,40,59,13,1,0,2,3,1,1,1,2,295.7,71.0,108.2,25.900000000000002
3,108,23,47,2,3,0,3,1,3,3,2,7.4,195.9,38.4,87.10000000000001
32,32,50,29,1,1,1,3,3,0,0,3,56.1,59.1,91.5,53.7
28,119,47,22,0,2,1,1,3,0,0,0,47.4,217.20000000000002,86.10000000000001,41.1
27,58,44,43,3,3,0,1,0,3,0,0,53.1,105.9,79.2,78.9
65,40,10,22,0,1,0,0,1,2,0,2,116.0,71.5,18.0,37.6
54,159,18,55,0,2,0,1,1,0,0,1,96.2,289.2,32.4,99.5
25,10,43,130,3,3,2,1,1,3,3,2,48.5,19.5,77.4,233.5
26,28,44,8,0,1,2,1,3,3,0,0,43.800000000000004,48.9,82.2,15.9
74,55,29,0,3,0,3,3,0,2,0,0,137.70000000000002,97.0,56.7,0.0
35,33,31,44,0,1,2,2,0,1,3,0,63.0,59.9,55.800000000000004,82.2
40,36,40,12,2,3,1,3,2,2,3,0,73.0,67.3,70.5,26.1
4,28,46,185,1,2,0,2,1,2,0,0,7.699999999999999,51.4,82.8,336.0
35,66,69,17,0,1,0,3,3,3,1,2,60.0,117.3,123.2,33.1
29,170,29,60,0,3,3,3,1,0,1,2,51.2,310.5,55.7,110.5
25,55,8,70,1,3,2,2,0,1,1,3,46.5,102.5,16.4,126.0
24,159,52,18,1,2,1,1,3,1,0,1,41.7,288.2,95.10000000000001,32.9
51,13,1,3,2,3,0,1,3,1,2,1,91.8,26.900000000000002,0.0,5.9
54,65,154,26,1,1,3,3,2,2,2,2,96.7,116.5,279.7,49.300000000000004
11,25,151,1,0,2,1,0,3,3,1,3,16.8,45.0,272.3,0.0
14,61,17,64,1,2,0,0,3,3,0,1,23.7,109.8,30.6,114.2
72,191,77,65,2,0,3,1,2,2,2,2,130.6,341.8,141.1,116.5
35,66,29,32,3,1,2,2,1,2,1,2,66.5,118.3,54.2,58.6
32,63,161,18,3,1,2,2,0,3,3,2,62.1,111.9,289.8,33.4
42,54,192,51,1,1,1,3,1,1,1,2,76.10000000000001,97.7,346.1,94.3
40,49,33,82,2,2,0,0,1,2,0,2,74.0,89.2,59.4,145.6
61,35,97,63,0,1,2,2,0,0,0,1,109.8,64.5,177.6,115.4
56,197,54,65,0,1,3,3,0,0,3,3,100.8,356.1,98.7,118.5
29,140,173,34,3,0,0,1,2,3,1,3,54.7,249.0,310.40000000000003,59.7
34,12,0,85,0,3,1,2,1,3,0,3,60.2,23.1,0.0,153.0
56,59,100,46,2,0,3,2,2,1,1,1,101.8,105.2,183.5,84.8
95,11,119,37,0,3,2,2,3,3,2,1,168.0,21.3,215.20000000000002,68.60000000000001
62,62,40,137,1,3,2,1,3,3,1,3,110.10000000000001,113.10000000000001,74.0,245.1
51,3,5,193,3,2,3,0,3,3,0,2,93.3,5.4,13.5,345.40000000000003
38,72,24,23,0,2,0,0,1,1,3,1,67.4,131.6,40.2,40.4
170,47,38,129,2,3,2,0,3,3,0,3,306.0,86.10000000000001,71.4,229.20000000000002
88,54,57,6,3,3,1,1,3,2,1,1,159.9,99.7,103.10000000000001,11.3
16,197,36,35,0,1,3,1,0,0,0,0,28.8,356.1,69.3,64.5
41,47,59,145,0,2,1,0,1,0,0,2,72.8,87.60000000000001,107.7,259.0
43,25,63,73,1,2,3,1,2,2,3,3,76.9,46.0,114.9,129.9
38,199,35,14,1,3,2,0,3,0,1,3,66.9,362.7,65.0,22.2
55,16,44,3,3,2,3,1,0,2,1,3,103.5,29.8,82.7,3.9000000000000004
82,4,3,106,2,0,3,1,2,2,3,1,148.6,5.2,6.9,191.3
53,12,28,20,0,0,0,2,1,0,3,0,94.4,21.6,47.4,39.0
19,91,99,24,0,1,2,2,1,3,0,1,33.2,162.3,181.20000000000002,45.2
6,107,193,19,0,0,1,2,0,0,1,3,10.8,192.6,347.90000000000003,34.2
44,39,15,6,0,1,2,2,1,3,3,1,78.2,68.7,27.0,12.8
2,34,20,160,2,1,3,3,0,2,2,2,6.6,60.7,38.5,290.5
1,112,20,16,2,0,2,3,1,1,0,0,3.8,200.6,39.0,33.3
40,2,54,11,3,2,0,0,2,3,1,0,74.5,3.5999999999999996,96.2,19.8
138,2,52,20,0,3,1,2,3,1,3,2,245.4,7.1,92.10000000000001,37.0
14,132,17,74,3,0,0,3,1,1,2,3,28.7,236.6,28.6,134.70000000000002
94,122,47,27,3,1,1,2,2,2,3,0,171.70000000000002,219.1,83.10000000000001,51.6
1,37,48,56,2,2,2,3,2,1,3,2,2.8,68.60000000000001,86.4,103.3
52,6,183,13,1,3,3,0,2,1,0,1,93.10000000000001,14.3,333.90000000000003,22.400000000000002
23,42,1,35,1,1,3,3,3,2,3,1,39.9,75.10000000000001,3.3,66.5
66,28,34,153,1,2,0,3,1,0,3,0,119.3,53.4,58.2,279.90000000000003
11,186,18,8,1,2,3,3,0,2,0,3,21.3,335.8,36.9,15.899999999999999
10,58,154,39,3,1,2,3,3,0,1,2,19.5,105.9,279.2,72.7
70,0,24,9,3,3,3,2,3,0,0,1,127.5,0.0,47.7,18.2
13,27,33,7,0,0,1,2,2,3,3,2,21.400000000000002,45.6,57.9,13.6
35,31,22,18,0,3,3,3,0,1,2,0,63.0,59.300000000000004,42.1,36.9
21,7,53,57,1,2,3,0,1,3,3,2,38.300000000000004,12.6,96.9,100.60000000000001
87,128,37,31,2,1,3,2,0,2,1,3,159.6,229.9,70.10000000000001,55.800000000000004
16,3,61,37,1,0,3,1,2,3,2,3,28.3,2.4000000000000004,112.3,65.10000000000001
4,27,54,44,0,0,2,2,2,1,3,1,5.2,47.6,97.2,81.2
30,7,24,54,2,2,1,2,3,0,0,2,54.0,15.6,44.7,98.2
41,37,43,58,0,3,2,3,1,2,0,3,72.8,69.10000000000001,80.4,105.9
31,64,158,65,3,2,3,1,0,2,0,1,60.300000000000004,116.2,288.90000000000003,117.5
11,47,56,60,3,0,3,0,3,1,3,1,21.3,83.60000000000001,102.3,107.0
18,43,67,173,3,0,2,3,2,2,2,2,34.9,75.4,121.60000000000001,313.90000000000003
52,64,45,173,0,2,0,0,2,0,0,0,91.60000000000001,118.2,81.0,311.40000000000003
19,192,198,68,1,0,0,0,1,3,3,1,34.7,342.6,353.40000000000003,121.4
25,4,58,172,3,3,3,3,3,3,2,3,46.5,8.7,106.9,311.1
29,2,17,66,0,0,2,3,3,2,1,2,49.2,1.6,32.6,121.3
65,165,15,43,1,2,0,2,1,3,0,0,117.5,297.0,27.0,80.4
53,2,39,165,1,2,1,1,1,0,1,0,95.9,6.6,70.7,298.5
69,37,61,71,3,2,0,3,1,2,0,2,127.69999999999999,67.60000000000001,109.8,130.3
96,56,54,39,0,2,0,2,3,3,3,1,169.8,100.8,94.2,72.2
4,59,68,165,3,3,1,0,1,2,0,2,10.7,108.7,123.9,295.0
37,27,75,6,1,1,0,3,2,2,0,0,66.10000000000001,48.1,135.0,15.3
12,1,159,17,3,2,2,2,0,1,1,0,26.1,3.8,288.2,33.6
180,31,56,27,1,3,2,3,1,3,1,2,324.5,57.300000000000004,102.8,51.1
118,10,52,45,0,2,3,3,1,1,2,2,211.4,20.0,96.10000000000001,83.5
49,17,28,19,3,3,1,1,3,1,1,2,89.7,34.1,50.9,33.7
55,6,31,9,3,1,2,3,1,2,1,3,102.5,10.3,57.800000000000004,17.7
48,56,69,75,2,1,0,0,3,1,1,0,86.4,101.3,123.2,135.0
169,51,133,69,0,0,3,2,1,2,0,2,303.2,89.8,243.9,125.2
40,98,99,53,2,1,1,0,3,3,2,3,72.0,174.9,177.70000000000002,92.4
67,4,15,15,0,3,2,2,3,1,1,1,117.60000000000001,10.7,29.0,29.0
23,62,49,21,0,2,2,3,2,3,2,1,39.4,111.60000000000001,89.2,41.300000000000004
165,70,114,50,3,0,0,1,3,1,0,2,298.5,125.0,205.20000000000002,89.5
64,15,24,0,1,0,2,0,3,3,2,0,113.7,24.0,44.2,0.0
156,46,112,2,3,2,3,0,2,2,0,0,283.3,83.8,206.1,3.6
57,143,45,54,1,2,2,3,0,0,3,2,104.10000000000001,260.40000000000003,81.0,99.7
10,123,20,8,2,3,1,2,0,0,0,0,21.0,225.9,37.5,17.4
33,24,178,18,1,2,3,0,1,3,0,1,59.9,43.2,324.90000000000003,31.4
30,65,62,64,0,0,1,1,0,0,3,3,54.0,117.0,110.10000000000001,113.7
31,190,120,63,3,3,2,1,0,3,0,0,60.300000000000004,343.5,219.0,114.9
55,31,61,29,3,3,3,2,2,1,0,2,101.5,59.300000000000004,114.3,53.2
31,63,50,16,1,2,3,2,3,3,2,2,54.300000000000004,113.4,92.5,29.8
18,18,1,67,2,0,0,0,3,0,3,0,32.4,32.4,0.0,120.60000000000001
105,52,167,11,3,0,0,3,2,1,2,2,191.5,92.60000000000001,298.6,22.3
17,23,32,122,1,3,2,0,0,2,0,1,32.1,43.9,60.6,218.6
44,50,41,175,0,3,1,3,3,1,0,1,76.2,93.5,75.3,318.5
2,31,57,165,1,1,2,1,0,0,3,3,5.1,57.300000000000004,102.60000000000001,295.5
70,18,8,20,0,2,1,0,1,1,1,0,125.0,34.4,14.9,36.0
5,69,70,128,0,2,1,2,1,3,3,2,8.0,124.2,124.5,231.4
55,198,46,172,1,3,3,2,1,3,3,1,99.5,357.90000000000003,84.3,311.6
69,61,12,181,0,3,3,0,0,2,2,0,124.2,112.3,24.1,325.8
65,52,55,28,3,1,1,1,0,1,1,1,121.5,94.10000000000001,99.5,50.9
180,41,27,2,1,3,2,3,0,0,1,3,325.5,78.3,50.6,5.1
56,7,50,81,2,1,2,2,2,0,1,3,101.8,14.1,92.0,145.8
6,3,121,16,2,2,1,0,2,0,3,1,11.8,8.4,216.3,27.8
65,13,49,122,2,1,2,3,3,3,1,2,117.0,21.900000000000002,90.2,222.1
5,40,51,11,0,2,3,0,1,2,3,3,8.0,73.0,93.3,16.8
3,123,58,26,3,1,0,1,0,2,2,3,9.9,220.9,102.4,45.300000000000004
13,43,87,46,1,0,2,3,1,3,3,2,23.900000000000002,74.4,156.6,85.3
68,5,8,30,3,2,0,1,1,2,0,2,125.9,10.0,14.4,53.5
22,28,43,45,0,1,0,0,3,0,3,3,36.6,51.9,74.4,78.0
186,174,34,113,3,1,1,0,2,2,0,3,337.3,312.7,62.7,200.4
18,47,57,102,3,1,1,2,3,0,2,2,33.9,86.10000000000001,102.10000000000001,184.6
29,19,52,62,0,2,3,1,0,2,3,3,52.2,35.2,95.10000000000001,110.10000000000001
3,59,47,123,2,1,1,3,0,1,2,1,8.4,106.7,84.10000000000001,224.9
31,57,34,70,1,2,0,1,2,1,1,3,55.300000000000004,104.60000000000001,60.2,124.5
46,7,0,41,2,0,1,0,0,2,1,0,85.8,10.6,0.0,73.8
1,130,25,37,2,2,3,0,3,3,2,1,1.7999999999999998,234.0,47.5,65.60000000000001
48,28,47,117,3,2,0,3,3,2,0,2,87.9,51.4,84.60000000000001,213.1
140,87,55,15,2,2,0,3,3,3,3,3,252.0,156.6,96.0,28.5
6,137,11,46,0,3,1,1,3,3,3,0,7.800000000000001,248.1,18.3,84.3
44,42,6,63,2,3,0,0,1,2,0,3,81.2,78.10000000000001,10.8,110.4
69,3,43,35,0,3,1,1,3,0,1,1,121.2,9.9,77.9,63.5
26,65,182,40,3,3,3,3,2,0,0,1,49.300000000000004,121.5,332.1,75.5
116,89,21,25,0,3,2,1,0,1,1,0,208.8,163.70000000000002,39.800000000000004,46.5
2,69,45,21,3,0,2,1,0,3,1,1,8.1,121.2,83.0,38.300000000000004
19,37,74,98,3,3,3,0,2,3,1,2,36.7,68.10000000000001,136.70000000000002,174.4
5,56,161,49,1,2,1,1,1,0,3,1,9.5,103.8,288.3,88.7
154,46,70,142,3,3,2,0,0,3,2,3,281.7,84.3,127.0,252.6
195,52,9,143,2,0,3,3,2,1,0,1,352.0,92.60000000000001,20.7,260.90000000000003
136,46,116,22,2,3,0,0,3,3,1,0,244.8,84.3,207.8,39.6
36,46,21,25,2,1,2,3,3,1,1,0,64.8,83.3,39.800000000000004,49.5
21,82,64,14,2,0,0,1,1,1,2,1,39.800000000000004,146.6,113.2,25.7
37,63,58,57,1,3,0,1,1,0,2,2,67.10000000000001,117.9,102.4,102.10000000000001
62,51,37,49,3,0,3,2,1,0,3,3,115.10000000000001,91.8,68.10000000000001,88.2
167,58,56,143,2,1,0,2,0,1,2,3,303.6,104.9,98.8,257.40000000000003
39,117,2,6,0,3,2,3,2,1,2,3,68.2,214.1,4.6,12.3
16,47,50,50,0,1,2,3,3,0,0,3,25.8,86.10000000000001,93.0,91.5
81,37,46,52,0,3,3,0,1,0,3,1,144.8,71.10000000000001,84.3,92.60000000000001
34,22,96,11,3,3,0,1,2,3,3,0,63.7,41.1,169.8,21.3
50,50,41,54,2,1,0,0,2,3,1,3,91.0,88.5,72.8,94.2
15,29,51,0,2,3,2,0,0,3,3,1,30.0,53.7,91.8,0.0
189,166,68,23,1,0,2,3,2,2,0,1,339.7,296.8,125.4,44.9
64,98,62,3,3,1,2,3,1,3,2,2,118.7,174.9,112.60000000000001,7.9
95,5,43,19,1,0,0,1,0,3,1,1,172.5,6.0,76.4,34.7
126,154,58,52,1,2,2,1,2,0,2,0,226.3,280.2,105.4,95.10000000000001
24,131,29,10,1,2,2,2,1,2,2,3,43.7,236.8,53.2,18.0
113,0,17,10,3,2,3,1,2,0,3,1,205.9,0.0,32.1,18.5
50,28,151,57,1,0,1,2,2,0,0,0,89.5,50.4,273.3,105.60000000000001
41,69,48,59,3,2,0,1,0,0,0,2,78.3,127.2,86.4,105.7
48,27,167,12,3,0,2,2,3,2,3,2,87.9,46.6,300.6,22.6
69,18,82,21,3,0,3,2,1,0,0,0,127.69999999999999,32.4,152.1,40.800000000000004
22,11,60,6,1,2,3,2,2,2,0,0,39.1,20.8,112.5,13.8
49,15,125,56,1,1,2,3,0,2,2,3,89.7,26.5,226.0,102.3
57,64,0,57,2,2,2,0,2,1,0,3,103.60000000000001,117.2,0.0,99.60000000000001
38,59,187,95,1,2,1,3,0,2,3,3,69.9,107.2,335.1,172.5
185,53,13,62,0,3,1,3,2,2,1,1,331.0,97.9,23.900000000000002,115.10000000000001
4,10,16,25,2,1,3,1,2,3,3,2,8.2,16.5,30.299999999999997,44.5
7,5,4,5,1,3,3,1,1,0,1,3,13.1,13.5,10.7,7.5
27,45,10,6,0,0,0,1,0,2,0,1,48.6,79.0,18.0,11.3
37,44,58,12,3,1,0,1,3,0,3,0,68.10000000000001,80.7,101.4,23.1
50,118,29,37,1,3,0,0,0,3,1,1,91.5,213.9,51.2,65.60000000000001
70,20,94,113,3,0,3,0,0,3,2,0,130.5,33.0,171.70000000000002,203.4
49,5,86,120,3,0,3,0,3,3,3,3,89.7,6.0,156.3,213.0
178,50,14,2,2,1,1,2,2,2,2,3,321.40000000000003,89.5,24.7,3.5999999999999996
88,89,66,166,0,1,2,1,1,3,2,2,157.4,158.70000000000002,119.8,298.3
46,153,159,62,3,2,3,3,0,1,1,2,87.3,277.40000000000003,289.7,114.10000000000001
70,36,1,25,1,0,1,0,0,2,1,3,127.5,62.8,2.3,42.0
17,38,62,17,0,1,1,2,3,2,0,0,27.6,67.9,113.10000000000001,33.6
183,37,49,22,0,0,0,1,1,0,0,1,328.40000000000003,66.60000000000001,88.2,40.1
50,29,127,11,2,1,3,2,2,3,1,2,91.0,50.7,232.1,20.8
64,60,93,44,0,0,2,1,0,3,3,3,115.2,105.0,167.4,77.7
47,7,6,44,3,3,0,2,0,0,1,0,89.10000000000001,17.1,9.8,82.2
20,32,178,22,1,2,3,0,2,0,0,2,35.5,60.6,324.90000000000003,37.6
156,62,185,31,1,1,1,0,1,2,3,1,281.3,111.10000000000001,331.5,54.800000000000004
22,87,56,32,2,3,1,0,3,2,0,1,39.6,159.1,102.3,56.6
36,125,56,145,1,3,2,0,1,2,0,1,65.3,227.5,103.8,260.0
156,62,61,21,1,2,2,3,0,0,1,3,282.3,114.60000000000001,111.8,39.300000000000004
61,54,37,117,0,3,0,1,0,2,0,2,109.8,99.7,66.60000000000001,210.1
45,11,13,19,0,3,3,2,0,3,1,2,81.0,21.3,26.900000000000002,35.2
49,18,129,28,3,1,1,0,3,3,1,1,89.7,30.9,232.70000000000002,49.4
97,20,7,44,0,1,1,0,3,3,0,3,171.6,34.5,14.1,76.2
68,11,42,13,0,1,0,2,2,0,1,3,120.4,21.3,74.60000000000001,23.400000000000002
34,5,61,13,0,1,2,2,0,3,1,2,61.2,7.5,111.8,24.400000000000002
40,23,7,58,2,0,1,2,0,0,1,1,75.0,41.4,13.1,106.4
163,55,0,24,1,2,3,1,3,2,1,0,291.90000000000003,100.0,0.0,44.7
27,13,22,106,0,3,1,3,3,0,1,3,45.6,27.900000000000002,40.1,192.3
60,28,29,47,1,3,3,2,1,0,2,0,108.5,54.9,54.7,87.60000000000001
149,34,96,140,0,1,3,2,2,3,1,2,266.2,59.7,176.3,253.0
46,13,7,65,3,3,3,3,2,1,1,2,85.3,26.900000000000002,16.1,119.5
45,103,30,54,0,0,2,3,2,3,1,1,79.0,182.4,56.0,100.7
47,21,41,48,2,1,0,1,0,0,3,3,87.60000000000001,39.300000000000004,70.8,84.9
51,17,41,50,3,3,0,2,2,0,2,0,94.3,35.1,71.8,93.0
53,50,173,34,0,1,1,0,0,0,0,1,95.4,91.5,312.90000000000003,60.2
153,30,191,69,0,0,1,2,2,3,2,3,273.40000000000003,51.0,343.3,124.2
54,94,27,50,3,3,1,0,2,0,2,1,99.7,173.70000000000002,48.1,89.0
180,7,50,76,3,2,3,3,0,2,0,0,328.5,13.6,94.5,141.3
10,12,122,67,1,3,3,3,1,2,3,0,18.5,24.1,221.1,125.10000000000001
67,42,23,6,3,1,1,0,3,2,2,1,122.10000000000001,75.10000000000001,40.9,9.8
197,3,58,43,1,3,1,1,1,1,0,0,355.1,8.9,105.9,78.9
136,19,36,39,0,2,0,2,0,3,3,0,244.8,34.2,61.8,73.2
49,29,63,28,1,1,3,0,1,3,2,0,88.7,50.7,115.9,50.4
63,143,10,47,0,3,0,1,1,2,2,3,112.4,259.90000000000003,16.0,83.10000000000001
23,39,1,26,3,1,0,0,2,3,0,1,43.9,68.7,1.8,45.800000000000004
21,25,81,156,3,2,0,1,0,0,3,1,42.300000000000004,48.0,142.8,281.3
92,0,82,7,2,2,1,0,0,2,0,0,168.6,0.0,149.1,12.6
69,60,13,73,2,2,1,3,2,2,3,0,125.2,109.0,21.900000000000002,135.9
118,41,44,40,1,3,2,2,2,0,1,0,211.9,78.3,81.2,75.0
84,43,52,26,3,3,3,0,0,2,2,2,155.70000000000002,79.9,96.10000000000001,44.800000000000004
46,20,67,117,1,0,3,2,0,2,2,2,84.3,34.0,123.10000000000001,211.6
28,2,32,31,2,2,3,0,3,1,2,3,50.4,5.6,60.1,52.800000000000004
9,19,66,12,3,2,2,2,1,3,2,3,19.7,34.2,119.8,21.6
151,40,173,61,0,2,3,1,0,3,2,1,271.8,72.0,313.90000000000003,110.3
189,151,26,36,3,2,3,2,0,1,1,2,344.7,273.8,50.300000000000004,65.8
40,33,50,44,2,1,3,0,0,0,1,3,75.0,60.9,93.5,76.2
81,50,54,61,1,3,2,1,1,2,1,0,146.3,92.5,99.2,111.3
21,19,59,6,0,1,0,0,2,2,1,0,35.800000000000004,33.7,105.2,10.8
134,200,168,126,2,2,3,0,2,3,1,0,242.20000000000002,360.0,305.90000000000003,226.8
91,46,55,155,2,2,3,0,1,1,2,3,165.8,84.8,101.5,276.0
136,104,156,54,0,3,0,0,1,0,0,1,243.8,191.70000000000002,280.8,96.2
40,62,22,128,2,2,3,3,3,3,0,2,72.0,111.60000000000001,44.1,232.9
41,28,69,91,0,2,0,2,3,2,3,0,70.8,51.4,121.2,166.8
126,100,43,6,1,3,2,0,3,3,1,3,225.3,181.5,79.4,7.800000000000001
173,55,43,147,3,0,3,0,0,0,0,1,315.90000000000003,99.0,81.9,263.6
43,56,55,22,0,3,3,0,2,1,3,0,75.4,104.3,100.5,39.6
53,30,57,63,0,3,2,1,2,0,0,2,93.4,58.5,105.60000000000001,112.9
66,168,133,20,2,0,3,2,2,0,1,0,119.8,302.40000000000003,242.9,39.0
146,18,96,44,0,1,3,1,1,1,3,1,261.8,32.9,174.3,79.7
12,48,55,14,3,1,0,3,3,1,1,0,23.1,86.9,98.0,29.7
24,42,141,25,1,0,0,2,3,1,3,0,41.7,74.60000000000001,250.8,48.0
182,38,14,68,0,3,0,3,3,0,2,2,324.6,72.9,23.2,124.9
60,16,38,138,0,0,0,1,3,1,0,0,105.0,27.8,68.4,249.9
56,38,49,1,1,0,0,0,0,3,2,0,102.3,65.4,86.2,1.8
59,30,34,117,1,2,0,0,0,0,3,2,107.7,57.0,58.2,208.6
133,14,48,189,0,0,2,3,0,3,1,2,239.4,22.2,88.4,342.7
8,98,28,99,2,0,3,2,1,0,0,1,16.4,176.4,54.9,180.20000000000002
25,52,25,124,1,1,1,2,2,1,0,0,44.5,94.10000000000001,46.5,226.20000000000002
50,33,36,10,0,3,1,3,0,1,0,0,90.0,62.9,66.3,22.5
33,5,56,32,1,2,0,0,2,1,2,0,58.9,11.0,98.8,57.6
19,59,12,52,3,1,1,2,1,0,0,2,37.7,107.7,23.1,94.60000000000001
53,12,5,152,0,1,3,0,1,1,0,3,94.4,22.1,13.5,270.6
6,15,53,27,3,1,1,1,0,3,3,2,15.3,25.5,93.9,48.1
47,8,45,64,2,2,2,3,0,0,3,1,87.60000000000001,17.4,81.0,118.7
64,29,17,8,2,2,3,2,1,1,1,1,117.2,54.2,34.1,16.4
22,124,23,3,0,2,1,0,1,3,0,1,38.6,223.20000000000002,42.9,4.4
34,18,18,9,2,2,3,1,3,1,1,2,61.2,34.4,35.9,15.7
100,36,52,94,0,2,1,0,0,1,1,3,180.0,66.8,94.10000000000001,166.20000000000002
53,45,198,41,2,3,1,0,0,0,3,0,98.4,85.5,354.90000000000003,73.8
68,89,8,6,2,1,3,1,0,3,3,1,125.4,158.70000000000002,15.899999999999999,11.3
144,26,42,13,1,0,2,0,2,2,1,2,258.7,44.800000000000004,77.60000000000001,21.400000000000002
70,62,186,5,2,2,3,1,2,0,1,2,127.0,114.60000000000001,338.3,8.5
6,68,28,48,3,0,3,3,2,2,0,2,13.3,120.4,54.9,88.9
60,25,52,24,3,2,1,2,3,1,1,2,109.5,47.0,94.10000000000001,44.2
74,4,27,48,0,3,2,2,0,2,0,2,133.20000000000002,9.7,51.6,87.4
60,24,48,152,2,2,1,1,0,1,1,2,111.0,45.2,86.9,273.1
17,18,116,56,1,1,3,0,3,3,3,1,29.1,30.9,210.3,99.8
32,50,17,49,2,3,0,2,3,2,1,2,57.6,92.5,29.6,89.2
20,2,131,32,1,1,0,3,0,3,3,3,37.5,2.0999999999999996,232.8,59.1
54,2,55,3,1,1,0,1,1,0,3,3,97.7,5.1,96.0,3.9000000000000004
10,63,29,66,0,3,0,2,3,3,2,2,15.0,114.9,50.2,119.8
86,99,15,30,2,3,0,1,1,1,2,1,156.8,181.70000000000002,25.0,54.5
31,162,44,16,3,3,2,2,2,0,1,3,58.300000000000004,296.1,81.2,28.8
40,41,11,18,3,3,1,1,2,0,0,0,74.5,78.3,21.3,33.9
72,43,29,21,3,2,2,3,0,3,2,2,134.1,77.4,53.2,40.300000000000004
51,67,144,27,3,0,2,1,1,2,2,1,95.3,118.60000000000001,260.2,49.1
26,51,50,45,0,3,1,0,3,2,0,1,43.800000000000004,94.3,91.5,80.0
5,127,53,15,0,1,1,2,0,2,2,0,9.0,228.1,94.9,30.0
7,59,19,18,1,1,0,3,2,1,3,3,12.1,106.7,31.200000000000003,33.9
91,15,10,120,1,3,2,0,1,1,2,0,164.3,30.5,19.0,216.0
3,41,64,51,1,2,2,3,3,1,0,1,3.9000000000000004,75.8,118.2,95.3
71,70,5,68,2,3,2,1,3,0,3,3,127.80000000000001,130.5,9.0,120.9
25,26,65,14,3,3,2,0,1,0,0,1,48.5,51.300000000000004,120.0,24.2
46,37,51,21,0,2,3,1,3,2,3,3,79.8,67.60000000000001,93.3,36.300000000000004
18,2,18,56,3,1,1,2,3,2,0,2,33.9,3.0999999999999996,33.9,101.8
135,1,38,57,0,3,2,2,2,2,0,1,241.0,4.3,71.4,104.60000000000001
55,16,167,7,1,0,1,1,1,1,2,3,99.5,27.8,300.1,11.1
31,200,111,28,1,0,1,1,2,3,2,0,55.300000000000004,357.0,199.3,51.9
9,62,33,19,0,2,2,1,0,1,0,2,16.2,113.60000000000001,62.4,33.7
33,61,13,51,3,3,3,3,0,3,3,0,63.9,111.3,24.900000000000002,96.3
29,45,182,1,1,3,2,3,2,0,1,2,51.7,85.5,329.6,4.3
36,121,13,184,2,3,1,2,1,0,3,3,66.8,222.3,21.900000000000002,331.2
193,143,67,17,0,1,0,0,0,3,0,0,347.40000000000003,255.90000000000003,120.60000000000001,30.6
44,5,65,53,0,1,1,2,3,1,3,0,76.2,9.5,115.5,98.4
146,160,63,115,1,1,2,1,1,2,3,3,263.3,287.5,113.4,205.5
14,36,51,12,2,2,1,2,0,2,0,3,28.2,65.8,93.3,21.6
7,68,7,44,1,1,3,2,2,1,2,1,12.1,122.9,15.100000000000001,81.2
17,28,43,108,0,2,1,1,0,1,2,2,30.6,52.4,76.9,193.9
15,6,47,20,3,1,1,0,3,1,1,0,28.5,11.3,85.10000000000001,36.0
55,41,30,54,3,1,0,2,2,0,0,3,101.5,75.3,54.0,97.2
37,63,57,48,1,1,3,3,0,0,0,3,68.10000000000001,114.9,107.10000000000001,87.9
39,52,104,27,3,3,2,3,0,0,2,1,74.7,98.10000000000001,188.20000000000002,52.1
168,76,55,61,1,2,2,1,2,2,2,3,301.90000000000003,137.8,100.0,108.3
70,59,45,57,2,2,1,2,1,0,1,1,128.0,109.2,81.5,104.60000000000001
24,149,74,17,1,3,3,0,0,2,1,0,44.7,270.7,136.70000000000002,30.6
51,146,46,30,0,1,0,0,3,0,0,1,88.8,264.3,82.8,53.0
61,99,53,32,0,0,0,2,0,0,3,2,109.8,178.20000000000002,92.4,58.6
148,48,134,44,3,3,0,0,0,2,3,2,270.90000000000003,88.9,238.20000000000002,77.2
57,45,172,27,1,0,3,0,2,3,1,0,102.10000000000001,78.0,313.1,48.6
141,51,53,24,0,1,2,1,1,1,2,0,252.8,92.3,96.4,44.7
11,34,38,5,0,3,1,0,1,2,3,2,18.8,63.7,66.9,7.0
49,55,20,19,0,1,1,0,0,2,3,2,88.2,98.5,34.5,32.2
32,72,196,18,0,0,3,2,0,3,2,1,57.6,126.6,355.3,34.4
66,111,90,167,3,0,3,1,1,0,0,1,122.3,199.8,166.5,301.1
61,28,25,10,2,3,0,2,3,1,3,1,109.8,53.9,42.0,20.0
10,13,128,14,3,2,0,3,2,1,0,0,20.5,25.400000000000002,230.4,29.7
162,18,68,41,2,3,0,2,2,1,1,1,292.6,35.9,121.4,75.8
38,52,101,51,2,2,0,2,0,3,3,2,71.4,93.60000000000001,178.8,92.8
9,30,35,10,2,0,2,0,2,0,1,1,17.2,54.0,65.0,17.0
166,21,66,195,0,0,1,0,2,2,0,1,296.8,35.800000000000004,120.3,350.0
44,33,41,55,1,2,1,3,3,2,0,2,77.7,60.4,75.3,101.5
38,10,39,54,2,2,3,0,2,3,3,1,69.4,18.0,71.7,96.2
171,33,26,17,1,0,0,0,0,2,3,3,309.3,57.4,43.800000000000004,27.6
142,109,51,19,0,0,3,1,1,3,1,2,254.6,193.20000000000002,95.3,33.7
32,69,64,64,0,0,1,0,0,0,1,1,57.6,124.2,115.7,114.2
129,180,44,31,3,0,2,0,0,1,1,1,236.70000000000002,323.0,81.2,54.800000000000004
58,183,52,22,3,0,0,1,0,3,3,0,108.9,326.40000000000003,90.60000000000001,41.1
3,8,84,48,1,3,2,3,3,1,0,1,3.9000000000000004,17.9,154.20000000000002,89.9
27,182,16,112,0,3,1,3,2,0,1,1,46.6,332.1,29.3,205.1
35,36,6,12,2,1,3,2,0,2,3,0,66.0,64.3,12.3,24.6
13,199,65,23,1,1,2,0,1,0,0,2,23.900000000000002,359.7,120.0,39.4
20,20,4,38,0,0,0,2,1,3,3,0,35.0,33.0,4.2,71.4
22,138,36,0,2,3,3,0,1,2,0,0,41.6,250.9,69.3,0.0
108,51,45,23,3,0,2,1,1,0,2,3,197.9,91.8,82.0,39.9
27,64,14,109,1,2,0,1,2,0,2,3,48.1,118.2,23.2,194.70000000000002
67,75,52,46,0,1,2,1,1,0,2,3,119.60000000000001,136.5,94.60000000000001,81.3
35,67,79,19,3,3,1,0,0,2,3,1,67.5,123.10000000000001,140.70000000000002,33.2
143,19,29,30,2,2,3,3,2,0,1,0,258.40000000000003,37.2,55.7,58.5
2,6,110,111,2,1,3,1,0,3,1,3,6.6,9.3,201.5,198.3
69,2,16,53,0,3,1,0,0,2,3,1,124.2,6.1,27.3,94.4
35,39,24,175,0,0,2,1,2,2,0,2,61.0,68.2,46.2,314.5
60,174,36,38,1,3,1,3,1,3,2,1,108.5,314.7,64.3,71.9
48,63,35,35,0,3,3,2,1,1,1,0,85.4,116.9,66.5,66.0
69,52,58,47,3,2,2,2,3,1,2,3,125.69999999999999,95.60000000000001,105.4,84.60000000000001
48,54,35,88,3,0,3,3,3,1,2,1,87.9,96.2,65.5,161.9
59,1,42,45,2,1,1,3,3,0,2,1,106.2,3.3,75.10000000000001,84.5
42,2,28,60,0,1,3,1,0,1,0,1,75.60000000000001,4.1,54.9,108.5
24,25,6,200,0,2,1,2,3,2,0,1,40.2,46.0,12.3,362.0
3,40,18,24,0,0,1,3,2,1,2,0,3.4000000000000004,71.0,31.9,47.7
197,31,129,53,1,2,2,0,1,2,2,2,355.1,56.800000000000004,233.20000000000002,93.4
16,46,52,43,0,3,1,2,2,3,1,2,26.8,84.3,94.10000000000001,78.4
78,4,39,49,2,1,2,2,1,2,3,1,142.4,6.699999999999999,70.2,90.2
69,47,156,9,0,0,1,1,3,0,1,2,121.2,84.60000000000001,281.3,15.7
140,79,59,149,3,1,2,2,2,3,3,2,254.5,140.70000000000002,106.2,269.2
182,51,2,73,0,3,2,2,3,3,0,2,324.6,93.3,6.6,132.4
45,28,25,39,1,0,2,0,1,0,1,3,81.5,50.4,47.0,67.2
43,17,70,56,2,1,1,1,2,1,2,3,78.4,31.1,125.5,99.3
33,184,49,41,3,2,1,2,2,3,1,1,61.9,331.2,88.7,75.8
156,28,18,156,2,3,3,2,2,3,3,2,281.8,51.9,33.9,281.8
23,74,30,54,1,3,0,0,3,1,0,0,39.9,136.70000000000002,54.0,97.2
28,24,63,26,1,2,3,0,0,0,0,2,51.9,46.2,117.9,44.800000000000004
31,132,60,129,3,3,0,2,2,1,1,1,58.300000000000004,241.1,107.0,234.20000000000002
26,51,16,47,3,0,0,3,0,1,0,0,51.300000000000004,90.8,28.8,89.10000000000001
34,70,58,121,0,0,3,2,0,0,3,3,61.2,126.0,105.9,217.8
4,195,55,32,1,2,2,3,0,3,3,0,8.7,351.0,99.0,62.1
45,12,73,52,3,2,1,0,2,3,1,0,83.5,21.6,131.9,93.60000000000001
159,67,39,47,0,0,0,3,3,1,1,0,283.2,119.60000000000001,69.2,89.10000000000001
61,18,19,56,3,3,3,0,3,1,0,1,111.3,35.9,38.7,99.8
52,4,5,13,1,3,0,0,1,1,1,2,94.10000000000001,10.7,8.0,21.400000000000002
53,70,6,161,3,3,0,2,1,1,1,3,98.9,129.5,9.8,289.8
46,28,155,42,2,2,0,1,2,2,2,2,83.8,51.4,277.0,75.10000000000001
64,153,175,77,0,2,3,3,3,2,0,1,112.2,276.40000000000003,319.5,142.1
13,45,36,17,0,3,2,1,2,3,3,2,21.400000000000002,82.5,64.8,30.1
42,54,196,43,1,3,3,1,2,3,1,3,75.10000000000001,98.7,356.3,75.9
14,136,4,31,3,0,2,1,0,0,3,0,29.7,244.8,7.199999999999999,57.300000000000004
20,29,174,90,3,3,1,0,0,1,3,3,40.5,55.7,311.7,159.0
67,10,19,56,2,3,0,3,1,2,3,3,122.60000000000001,20.5,31.200000000000003,102.3
82,16,34,18,0,1,3,2,2,3,3,2,145.6,27.3,62.7,33.4
166,158,183,17,1,2,1,1,1,3,0,1,299.3,284.40000000000003,330.90000000000003,31.1
13,54,32,10,0,0,3,0,1,0,0,0,22.400000000000002,97.2,62.1,18.0
4,12,4,17,3,3,2,3,2,3,2,2,9.7,23.1,8.2,33.1
37,65,190,7,3,0,0,0,3,3,1,2,68.10000000000001,114.0,341.0,10.6
32,12,133,67,3,2,2,2,0,1,2,3,62.1,23.6,240.4,120.60000000000001
14,112,44,40,3,1,3,3,1,3,1,2,28.7,200.1,82.7,74.5
188,63,49,62,2,2,1,2,2,0,0,1,339.40000000000003,116.4,89.7,113.60000000000001
63,5,100,16,1,0,1,2,1,2,3,3,113.9,7.0,178.5,28.8
153,2,46,84,2,1,1,2,3,0,1,0,275.40000000000003,5.1,83.3,154.20000000000002
55,26,104,37,0,0,1,0,1,3,0,1,98.0,43.800000000000004,188.70000000000002,65.60000000000001
19,25,25,67,1,2,1,2,2,1,0,2,33.7,47.0,46.5,121.60000000000001
4,45,2,5,1,3,1,2,3,1,2,0,5.699999999999999,84.5,3.0999999999999996,12.0
131,42,18,16,1,3,3,2,3,0,0,1,234.3,80.10000000000001,36.9,30.8
133,40,54,8,1,1,3,0,2,0,0,2,238.9,73.5,101.7,12.4
5,191,199,40,0,3,1,2,0,0,0,1,9.0,348.3,359.7,74.0
1,72,23,55,3,1,2,2,3,2,3,2,3.3,129.1,41.4,100.0
169,60,31,59,1,1,3,3,1,0,0,0,304.7,109.5,60.300000000000004,110.7
31,11,39,6,3,2,1,3,1,3,1,2,59.300000000000004,19.8,70.7,13.3
24,56,165,31,3,1,3,3,0,3,0,3,47.7,99.3,301.5,57.300000000000004
49,54,1,40,1,0,1,1,1,0,0,0,88.7,97.2,3.3,73.5
27,66,51,1,1,3,1,0,1,2,0,0,49.1,121.3,93.3,1.8
32,79,3,14,3,2,0,3,2,1,1,3,60.1,144.20000000000002,4.4,26.7
44,64,67,104,1,2,1,2,1,1,1,3,79.7,117.2,121.10000000000001,187.20000000000002
45,26,51,195,3,0,2,2,0,1,0,3,85.5,45.800000000000004,94.8,351.0
41,3,9,19,2,2,0,2,1,1,3,3,75.8,7.4,13.2,34.2
66,63,34,28,1,3,3,0,3,0,2,0,117.3,117.9,63.7,50.4
109,36,99,25,2,3,1,3,2,1,3,2,197.20000000000002,68.3,176.70000000000002,47.5
4,41,6,66,3,2,2,0,1,3,1,0,10.7,73.8,12.8,118.8
10,44,0,171,2,2,3,1,1,1,0,3,20.0,81.2,0.0,306.3
69,14,56,65,1,1,2,1,2,2,2,1,123.7,24.7,101.8,117.5
46,27,32,31,2,0,2,0,0,3,3,1,85.8,45.6,57.6,54.800000000000004
2,58,181,52,1,3,2,0,0,0,0,0,5.1,108.9,328.8,93.60000000000001
42,93,105,68,2,2,1,1,1,1,0,2,77.60000000000001,169.4,190.5,121.9
22,31,69,47,2,3,1,1,2,3,0,2,40.6,57.300000000000004,125.7,84.10000000000001
49,9,89,23,1,3,3,1,1,1,1,1,88.7,19.7,163.70000000000002,41.9
63,46,5,44,3,2,3,0,2,0,2,3,115.9,85.8,11.5,76.2
20,44,17,66,2,3,0,0,2,0,3,0,37.0,83.7,27.6,118.8
68,58,119,68,2,0,2,0,1,2,3,2,124.4,102.4,214.20000000000002,120.4
16,173,64,13,1,0,2,3,0,2,1,3,30.3,309.40000000000003,117.2,24.900000000000002
66,65,45,60,3,1,3,2,0,2,2,2,123.3,116.5,83.5,109.0
41,132,44,175,2,1,2,3,0,3,0,1,76.8,236.1,82.2,318.5
8,34,50,133,1,3,2,3,2,3,3,1,13.9,62.7,90.0,242.9
68,57,64,20,2,3,2,0,0,2,1,2,125.4,105.10000000000001,117.2,34.0
31,43,0,26,0,2,1,1,1,2,1,1,54.800000000000004,78.4,0.0,47.300000000000004
56,30,188,57,1,1,3,3,2,3,3,0,100.3,52.5,339.90000000000003,107.10000000000001
23,39,133,51,0,3,1,0,3,3,1,3,38.4,71.7,239.9,88.8
29,61,69,101,3,3,0,0,2,3,1,1,54.7,111.3,123.2,180.8
62,54,166,77,1,3,0,3,0,2,1,1,113.10000000000001,99.7,297.8,142.1
69,64,69,17,1,0,2,0,1,2,3,2,124.7,113.2,124.2,28.6
82,123,115,44,2,0,1,0,1,2,0,2,149.6,219.4,208.5,77.2
41,4,51,17,0,2,1,2,1,1,3,1,72.8,9.2,90.3,32.6
43,36,31,33,3,2,3,1,2,3,0,0,79.9,64.8,60.300000000000004,60.9
36,33,49,61,2,1,2,2,0,1,2,1,67.8,59.9,89.2,111.8
101,55,54,47,2,2,3,1,2,2,3,1,182.8,100.0,98.7,85.10000000000001
82,181,7,180,0,3,2,3,2,1,3,2,145.6,329.3,12.6,326.5
68,48,188,22,0,2,0,1,2,1,2,2,120.4,88.4,336.40000000000003,39.1
53,152,165,21,1,3,2,1,3,3,2,3,93.9,275.1,298.0,36.300000000000004
20,158,5,62,3,2,1,1,2,0,0,1,38.5,287.40000000000003,10.5,112.10000000000001
25,70,47,9,0,2,1,1,0,1,0,3,45.0,128.0,86.10000000000001,14.7
7,189,82,62,0,3,2,1,0,1,1,1,12.6,343.7,149.6,112.10000000000001
19,7,75,17,1,3,3,0,3,1,3,0,32.7,16.1,136.5,30.6
63,19,18,22,1,2,3,1,3,2,0,3,111.9,35.2,36.9,38.1
60,133,24,6,1,0,0,0,2,3,3,1,107.5,236.4,40.2,9.8
41,70,138,42,2,0,0,2,0,3,1,2,76.8,123.0,247.4,76.60000000000001
12,56,51,51,2,2,3,3,2,2,0,0,22.6,101.8,96.3,96.3
58,28,27,83,2,0,1,1,3,2,0,3,104.4,48.4,50.1,147.9
67,39,45,3,1,3,0,1,0,1,3,0,122.10000000000001,73.7,78.0,6.9
7,68,108,42,0,3,1,3,1,0,3,3,11.6,126.9,192.9,77.10000000000001
65,13,38,61,1,0,0,2,1,0,3,3,117.5,23.400000000000002,65.4,109.8
158,145,146,31,3,2,0,3,2,3,0,3,286.90000000000003,261.0,262.8,57.300000000000004
78,19,4,15,0,0,2,3,0,0,3,2,140.4,34.2,7.199999999999999,29.5
35,138,34,3,2,2,2,2,1,3,2,2,65.0,248.4,62.2,6.4
5,58,57,68,3,3,1,2,2,0,3,3,11.5,108.9,101.10000000000001,122.4
162,10,154,23,1,1,3,3,3,1,0,1,290.1,18.5,281.7,44.9
111,16,151,58,2,0,2,2,0,1,3,1,202.8,27.8,271.8,106.4
17,176,36,41,2,2,0,0,0,2,2,1,33.6,317.8,62.8,72.8
49,197,18,44,0,2,0,0,0,2,0,2,88.2,355.6,32.4,77.2
5,166,56,60,3,3,3,0,0,0,3,0,13.5,303.3,102.3,108.0
65,29,58,53,1,1,0,3,3,0,2,2,115.5,53.7,102.4,97.9
56,41,7,6,1,2,3,0,1,0,2,3,101.3,76.8,15.100000000000001,7.800000000000001
2,89,100,47,0,1,1,2,3,3,2,1,0.6000000000000001,158.70000000000002,179.5,86.60000000000001
63,57,18,50,1,2,2,2,2,2,1,2,112.9,103.60000000000001,34.4,91.0
29,79,14,18,0,0,1,2,2,0,1,0,50.2,142.20000000000002,25.7,35.4
140,167,38,32,0,3,3,1,0,3,2,0,252.0,302.1,70.9,59.1
19,162,21,35,2,3,1,3,3,3,0,3,34.2,293.1,39.300000000000004,64.5
30,69,8,36,1,2,2,3,3,1,2,0,52.5,126.2,15.399999999999999,69.3
11,125,162,0,0,2,2,0,1,2,3,2,18.8,226.0,291.6,0.0
15,172,28,32,1,2,2,0,0,3,2,0,28.5,309.6,51.4,57.6
43,155,15,21,2,0,1,1,0,2,0,1,80.4,277.0,28.5,38.300000000000004
66,40,200,22,1,3,2,3,1,1,3,0,119.3,75.5,360.0,44.1
66,140,69,74,1,1,1,1,0,3,2,1,120.3,250.5,123.7,133.70000000000002
70,62,21,66,2,1,0,1,0,0,3,1,129.0,113.10000000000001,34.800000000000004,119.3
0,19,10,34,0,3,1,1,0,1,3,1,0.0,37.7,16.5,61.7
141,38,129,31,2,3,3,1,3,0,2,2,253.8,72.9,234.70000000000002,55.300000000000004
43,41,16,21,3,2,2,2,1,0,2,0,80.9,76.8,29.8,40.800000000000004
57,67,116,17,2,2,0,0,0,0,1,0,105.60000000000001,123.60000000000001,207.8,30.6
13,10,35,69,1,3,2,2,0,0,3,3,24.900000000000002,22.5,63.0,124.2
17,12,30,40,0,2,1,1,1,0,1,2,29.6,24.6,54.5,71.5
26,3,52,9,1,1,2,2,2,0,2,0,46.300000000000004,6.9,94.60000000000001,19.2
61,197,59,43,3,1,3,3,0,2,3,3,114.3,354.1,107.7,78.9
3,171,41,68,0,3,3,1,3,3,3,2,2.4000000000000004,309.3,75.3,121.9
15,20,200,15,2,0,0,3,1,1,3,2,29.0,35.0,357.0,29.5
67,15,53,16,1,1,1,2,1,0,1,1,121.10000000000001,28.5,95.9,30.8
8,37,20,7,3,2,1,2,1,2,0,2,17.9,67.60000000000001,37.5,13.6
70,58,59,38,2,0,1,0,0,1,0,2,129.0,103.4,107.7,66.4
8,3,53,147,2,2,1,3,0,0,0,0,17.4,8.4,96.9,269.1
15,44,55,60,1,1,2,3,0,0,3,2,28.5,80.7,99.0,110.5
20,59,33,37,0,1,3,2,0,2,2,3,36.0,105.7,61.9,66.60000000000001
50,28,133,53,1,0,0,1,1,0,3,3,90.5,50.4,236.4,93.9
70,22,57,26,3,1,2,3,2,3,2,1,128.5,38.1,103.60000000000001,50.300000000000004
21,24,105,5,3,1,3,3,2,2,1,2,40.300000000000004,42.7,192.5,11.5
29,18,59,4,0,2,1,3,1,0,0,3,51.2,35.4,107.7,8.7
48,141,11,40,1,0,3,1,1,1,0,3,86.9,252.8,24.3,70.5
16,12,39,19,2,1,0,1,3,0,1,0,28.8,23.1,69.2,35.7
68,13,29,31,0,0,3,0,1,2,3,2,121.4,21.400000000000002,53.7,53.800000000000004
22,42,17,70,3,0,2,0,0,0,0,1,44.1,75.60000000000001,33.6,125.0
38,56,45,49,3,3,3,0,3,1,3,2,69.9,104.3,82.5,86.2
172,20,28,11,2,1,0,2,3,3,2,1,309.6,34.5,48.4,21.8
114,50,50,69,1,2,0,2,1,3,1,0,205.70000000000002,90.0,89.0,127.2
3,39,63,20,0,3,2,2,0,0,1,3,5.4,74.7,115.4,36.0
1,153,12,20,3,3,3,0,3,2,1,3,3.3,277.90000000000003,25.1,33.0
2,7,51,108,1,0,2,1,1,2,0,2,4.1,10.6,94.8,193.9
56,49,45,12,3,3,2,2,2,0,0,1,103.3,92.7,84.0,23.6
23,45,14,31,3,3,0,2,3,3,2,3,42.9,82.5,23.2,55.800000000000004
0,55,175,63,3,3,1,3,1,2,2,1,0.0,101.5,314.5,116.9
70,65,2,26,2,1,1,0,1,2,3,3,128.0,116.5,2.0999999999999996,43.800000000000004
38,63,37,70,2,3,2,2,0,0,3,3,71.4,117.9,66.60000000000001,126.0
23,46,109,35,0,2,0,0,1,1,3,0,40.4,84.8,193.20000000000002,63.0
28,2,2,136,0,2,0,1,1,3,1,3,49.4,3.5999999999999996,2.6,243.3
22,46,12,56,1,1,3,2,2,2,3,1,39.1,82.3,23.1,102.8
28,49,57,44,3,2,3,3,1,0,2,3,53.9,91.2,105.10000000000001,80.7
38,65,66,2,0,0,3,2,1,3,2,2,67.4,114.0,121.3,4.6
166,37,9,179,2,1,1,1,3,3,3,1,298.8,65.10000000000001,14.7,322.7
32,49,2,30,1,3,2,2,1,0,3,3,58.1,92.7,3.5999999999999996,54.0
59,187,0,22,3,0,3,2,0,1,1,0,110.7,335.6,0.0,42.6
42,2,48,14,0,0,2,1,0,2,0,3,75.60000000000001,1.6,89.4,23.7
19,66,63,18,1,3,1,0,0,0,3,1,35.7,123.3,111.9,31.4
16,62,17,54,0,2,1,1,2,3,1,0,26.8,111.60000000000001,31.1,98.7
51,22,0,40,2,2,1,3,2,3,2,3,92.8,39.6,0.0,73.5
69,102,95,65,1,0,3,0,2,3,0,1,123.7,180.6,175.5,116.0
53,18,89,4,3,1,2,2,2,2,0,2,97.9,31.9,163.20000000000002,8.2
55,151,49,0,3,3,3,3,0,3,2,2,103.5,273.3,90.7,0.0
32,35,74,7,1,2,1,0,0,3,3,0,59.1,63.0,131.70000000000002,12.6
0,19,11,59,3,2,1,2,2,1,1,2,0.0,36.2,20.3,107.2
87,55,101,20,2,3,0,3,0,1,1,2,159.6,102.5,180.8,38.5
47,8,7,6,0,2,3,3,0,3,1,1,84.60000000000001,14.399999999999999,16.1,14.3
60,65,45,46,2,1,1,3,0,1,1,0,111.0,117.5,81.5,87.3
63,11,79,14,3,3,1,1,1,0,0,3,116.9,24.3,143.70000000000002,23.7
58,33,22,37,2,3,1,3,1,0,1,2,106.4,63.9,40.1,69.10000000000001
26,87,155,87,3,0,3,3,3,3,1,3,48.300000000000004,153.6,282.5,158.1
19,174,51,17,1,2,1,3,3,2,3,2,32.7,314.2,90.3,33.1
26,100,13,44,1,3,0,2,1,0,0,1,47.300000000000004,184.5,23.400000000000002,81.2
34,52,58,19,3,2,2,1,2,0,1,1,63.7,96.60000000000001,106.4,34.7
153,40,115,17,2,0,0,2,0,3,3,3,278.40000000000003,69.0,204.0,30.6
56,156,33,189,3,0,3,3,0,1,3,3,105.3,279.8,60.9,341.7
40,16,55,16,0,1,3,2,1,0,2,1,71.0,30.3,101.5,30.8
95,38,65,142,0,1,2,0,2,2,1,2,169.0,67.9,119.0,253.6
66,0,53,49,1,3,3,0,0,0,2,3,120.3,0.0,97.9,85.2
60,14,45,24,2,3,2,1,2,1,0,3,109.0,28.7,84.0,41.7
2,33,58,14,0,1,2,2,1,2,2,3,2.6,58.9,105.4,25.2
63,67,39,104,0,3,2,3,0,1,1,1,113.4,124.10000000000001,72.2,190.70000000000002
60,39,125,45,3,3,2,3,0,2,0,1,112.5,72.7,228.0,84.5
33,27,56,46,1,3,0,3,3,2,3,1,57.9,51.1,97.8,86.3
169,41,26,25,3,2,0,3,1,0,3,3,307.7,76.8,43.800000000000004,46.5
10,61,1,3,0,1,3,1,2,1,0,3,16.0,110.3,6.3,3.9000000000000004
128,21,56,51,1,2,2,2,0,1,1,2,231.9,39.800000000000004,102.8,92.8
80,125,173,147,2,2,2,3,1,2,3,0,146.0,226.0,311.40000000000003,269.1
56,65,174,3,1,2,0,0,3,3,3,1,99.3,117.0,310.2,4.4
59,8,14,174,2,0,2,0,1,1,0,2,108.2,13.4,28.2,311.2
28,172,0,19,2,0,0,2,1,3,3,1,52.4,306.6,0.0,36.2
57,55,61,18,1,0,0,3,0,0,1,1,104.10000000000001,99.0,108.8,35.9
1,62,55,56,0,0,1,3,0,2,3,3,1.8,109.60000000000001,97.5,102.3
84,15,57,32,2,2,0,0,3,2,1,1,151.20000000000002,28.0,101.60000000000001,56.6
6,64,4,22,2,3,3,3,1,3,0,2,12.8,116.7,11.7,42.1
8,165,53,6,0,0,1,2,3,3,3,0,11.4,294.0,93.9,13.8
44,23,20,17,3,2,1,0,0,3,1,2,83.7,41.4,36.5,28.6
85,68,195,24,1,3,3,0,1,1,1,2,153.5,125.9,354.5,41.2
37,43,62,22,2,2,1,1,1,3,1,3,68.60000000000001,77.4,112.10000000000001,38.1
65,22,19,51,0,3,1,0,3,3,1,0,114.0,41.1,34.7,91.8
3,20,182,29,0,1,1,1,3,2,1,3,2.4000000000000004,35.5,328.1,50.7
16,174,27,136,3,1,1,0,2,1,1,0,31.299999999999997,313.7,49.1,244.8
67,118,172,9,1,1,0,3,2,2,1,3,120.10000000000001,211.9,308.6,17.7
197,15,39,189,2,3,2,0,3,3,0,3,354.6,28.5,73.2,337.2
13,43,69,20,1,0,1,3,2,0,3,2,22.900000000000002,77.4,122.7,38.5
119,45,29,61,1,1,3,2,2,3,0,2,213.70000000000002,79.5,56.7,110.8
42,1,119,8,3,2,3,1,1,0,1,2,79.10000000000001,4.8,217.70000000000002,13.9
66,17,42,55,1,0,2,0,3,3,1,0,117.3,27.6,77.60000000000001,99.0
34,26,29,50,3,0,0,2,1,0,2,1,64.7,46.800000000000004,50.2,92.0
36,59,22,14,3,1,0,0,1,3,1,3,68.3,104.7,38.6,22.2
27,9,35,63,1,1,1,3,0,1,1,0,50.1,16.7,63.5,117.9
11,48,69,23,0,0,0,1,0,2,3,3,19.8,84.4,121.2,39.9
179,4,24,42,3,3,3,3,2,0,3,0,324.7,11.7,44.7,80.10000000000001
34,26,114,32,1,0,3,1,2,0,3,1,60.7,46.800000000000004,206.70000000000002,58.1
33,21,150,57,3,2,2,3,2,3,1,2,61.9,37.800000000000004,272.0,105.10000000000001
130,66,1,79,3,2,0,2,1,2,2,2,237.5,119.8,0.0,143.20000000000002
25,32,32,38,0,2,3,3,1,2,0,2,44.0,58.6,62.1,70.9
31,59,0,11,0,3,3,1,2,2,1,2,53.800000000000004,108.7,0.0,19.3
2,41,6,53,3,0,1,1,1,2,2,0,7.1,71.8,10.3,96.9
8,188,48,27,2,3,2,3,1,2,3,0,16.4,340.90000000000003,86.4,53.1
54,198,60,166,2,0,3,0,0,0,1,2,100.2,356.40000000000003,111.5,296.8
22,38,57,27,3,2,3,3,3,2,3,0,41.1,69.4,104.10000000000001,53.1
51,6,88,49,1,1,2,2,1,2,3,3,92.3,10.3,158.4,88.2
24,19,48,77,0,3,2,0,3,2,2,2,40.2,36.7,87.4,136.6
59,21,163,4,1,2,3,2,1,2,0,1,106.7,38.800000000000004,297.90000000000003,9.2
173,64,6,49,1,2,0,0,0,3,3,1,312.90000000000003,115.2,7.800000000000001,87.2
20,8,25,23,3,1,0,3,0,2,1,3,40.5,13.9,44.0,42.9
56,20,28,37,1,1,2,2,2,1,3,2,100.3,36.5,50.4,67.60000000000001
60,170,52,189,2,2,3,1,2,3,0,0,109.0,306.0,98.10000000000001,341.7
91,37,4,1,1,0,3,1,3,3,2,1,162.3,63.60000000000001,9.7,2.3
21,61,64,43,2,0,1,2,1,1,0,3,39.800000000000004,108.8,116.7,77.4
8,54,21,88,3,1,1,3,0,3,0,2,18.9,95.7,39.300000000000004,160.9
52,39,66,48,3,1,2,1,3,3,2,1,95.10000000000001,68.7,119.8,86.9
117,49,89,16,1,0,1,3,0,3,0,3,212.1,85.2,161.70000000000002,30.299999999999997
37,20,15,59,0,1,0,0,2,0,2,0,64.60000000000001,37.5,25.0,106.2
34,140,48,33,0,0,2,0,2,1,1,0,59.2,251.0,88.4,59.4
23,58,51,40,0,3,0,1,3,0,1,2,38.4,108.9,90.8,71.5
82,68,56,57,1,0,1,0,2,2,2,1,147.1,120.4,100.3,101.60000000000001
57,22,48,20,3,3,3,2,3,2,3,0,104.10000000000001,42.1,87.9,39.0
21,52,102,164,2,2,0,2,1,1,1,3,39.800000000000004,95.60000000000001,182.6,295.2
26,24,38,2,0,0,3,3,2,3,1,0,44.800000000000004,40.2,71.9,8.1
69,16,149,20,1,2,0,2,2,1,0,1,123.7,30.8,268.2,38.0
23,55,6,14,3,0,0,0,3,3,3,0,42.9,96.0,7.800000000000001,25.2
59,166,0,139,2,0,0,2,0,0,1,3,109.2,298.8,0.0,250.20000000000002
28,61,66,136,2,3,2,0,2,3,3,1,51.4,111.3,118.8,243.8
50,24,54,21,3,2,3,2,3,2,0,1,91.5,44.2,101.7,39.800000000000004
68,42,40,156,0,1,2,1,3,2,0,3,119.4,75.10000000000001,75.0,279.3
34,21,59,111,2,1,3,1,3,0,3,3,61.2,39.300000000000004,107.7,198.3
97,40,93,68,3,3,2,1,2,0,0,0,177.1,76.5,170.4,123.9
86,131,63,65,1,1,0,0,0,2,1,0,156.3,235.3,112.4,117.0
15,63,11,170,0,3,1,0,0,3,1,3,27.0,114.9,20.3,303.0
26,108,117,12,2,3,2,2,2,3,2,2,47.800000000000004,195.9,211.6,22.6
9,70,29,9,1,0,3,1,0,3,3,0,17.7,123.0,53.7,17.7
39,69,26,40,0,0,3,0,3,1,1,2,67.2,123.2,50.300000000000004,70.0
41,178,44,15,0,3,0,1,1,1,3,0,72.8,323.90000000000003,76.2,28.5
54,15,6,10,2,2,3,2,0,2,3,3,100.2,28.0,12.3,18.0
155,179,62,64,2,3,2,0,2,2,2,3,280.0,324.7,112.60000000000001,112.2
46,59,5,46,0,0,2,1,3,1,2,1,79.8,105.2,10.0,83.3
67,61,135,155,1,2,1,3,1,1,3,0,121.10000000000001,111.8,241.5,283.5
9,51,40,16,1,1,3,0,2,0,0,1,15.7,93.3,76.5,27.8
40,196,45,70,3,0,1,3,3,0,2,2,73.5,352.8,80.5,128.5
47,120,31,28,2,3,3,3,1,2,3,1,86.60000000000001,218.5,57.300000000000004,53.9
5,2,58,37,1,2,3,0,1,0,2,2,9.5,6.6,106.9,64.60000000000001
38,50,14,68,2,3,1,3,1,2,0,0,70.4,92.5,26.7,126.9
18,66,12,4,0,0,1,0,2,2,3,1,30.4,116.8,20.1,6.2
40,29,30,54,1,3,2,2,3,2,1,0,70.5,54.7,56.0,100.2
158,118,39,27,0,1,2,0,1,2,3,2,283.40000000000003,211.9,70.2,46.6
49,157,43,50,3,1,0,2,1,2,3,2,91.7,282.1,74.4,91.0
70,73,17,10,1,2,1,0,3,2,1,3,124.5,132.4,31.1,15.0
37,24,68,18,2,3,1,2,2,1,3,1,67.60000000000001,46.7,120.9,34.4
112,195,5,43,2,1,0,3,3,3,2,2,201.6,349.5,7.0,79.9
27,24,40,21,2,1,0,3,3,1,1,3,48.6,43.7,71.0,39.300000000000004
157,98,3,38,3,3,0,3,3,2,3,0,284.1,178.9,2.4000000000000004,72.9
38,61,20,90,2,3,1,3,3,2,2,1,68.4,112.3,35.5,165.5
55,10,33,47,3,2,1,1,1,1,0,3,102.5,20.0,60.9,83.10000000000001
109,77,18,107,1,2,0,2,2,2,2,3,195.70000000000002,139.6,30.4,192.6
8,166,52,13,3,2,2,1,0,1,1,0,18.9,300.8,95.60000000000001,24.900000000000002
96,32,54,56,0,2,2,2,1,1,3,2,171.8,59.6,97.2,101.8
0,12,166,41,3,0,3,1,3,0,1,1,0.0,21.6,302.3,74.3
116,12,9,31,0,0,3,1,1,1,0,3,207.8,20.6,20.7,54.300000000000004
35,23,182,62,0,0,1,2,1,2,0,2,62.0,39.4,329.1,112.60000000000001
125,66,18,59,1,2,2,0,1,0,3,3,225.5,121.8,32.4,103.2
33,30,61,70,1,2,3,0,0,3,3,0,60.9,54.0,111.3,126.0
3,41,38,19,3,1,3,2,1,3,0,0,8.9,72.3,72.9,37.2
7,40,120,49,1,2,2,0,2,0,3,2,12.1,75.0,216.0,86.2
55,64,49,70,1,2,0,3,0,0,0,3,100.5,118.2,88.2,127.5
41,74,32,159,2,0,1,2,2,3,2,0,74.8,130.20000000000002,57.1,289.2
23,41,43,8,1,0,0,3,2,3,2,3,40.9,70.8,75.4,15.899999999999999
14,64,23,57,1,3,1,3,0,1,1,0,26.7,118.7,41.9,107.10000000000001
1,61,70,23,3,3,1,1,3,1,1,1,3.3,113.3,126.5,41.9
66,8,178,47,3,3,0,0,0,1,2,0,123.3,17.9,318.40000000000003,84.60000000000001
12,182,57,160,0,1,2,0,1,2,0,1,20.6,327.1,105.60000000000001,287.0
70,47,25,27,3,0,1,0,1,2,0,2,129.5,82.60000000000001,46.5,46.6
20,27,61,46,2,2,3,0,0,1,3,0,39.0,50.6,111.3,82.8
23,55,102,61,0,2,2,2,1,1,1,0,40.4,101.0,185.6,112.8
1,47,62,51,1,1,3,2,0,2,1,0,3.3,84.10000000000001,115.10000000000001,94.8
29,47,1,70,1,2,2,2,0,0,2,0,53.7,87.60000000000001,2.8,129.0
11,70,29,108,2,2,3,2,2,1,3,2,20.8,128.0,53.7,195.4
117,44,47,57,1,1,0,2,0,2,3,1,212.1,78.7,81.60000000000001,104.60000000000001
15,75,4,6,2,3,2,1,0,1,1,3,30.0,138.5,9.2,9.3
58,56,63,26,0,3,3,0,2,0,2,3,102.4,105.3,115.9,43.800000000000004
4,11,68,14,1,0,3,2,0,2,1,2,8.7,17.8,125.9,26.2
44,53,48,68,1,1,1,2,3,1,0,1,77.7,95.9,87.9,124.4
38,0,19,5,3,0,0,1,0,2,0,0,72.9,0.0,34.2,10.5
153,10,2,16,2,0,0,1,2,2,2,2,276.40000000000003,16.0,1.6,28.3
37,124,30,3,2,0,0,3,2,2,2,0,67.60000000000001,221.20000000000002,52.0,9.9
3,52,63,44,0,2,2,3,0,3,3,1,5.4,93.60000000000001,113.4,82.7
39,64,47,43,1,1,0,0,1,3,2,2,70.7,113.7,82.60000000000001,75.4
62,173,40,24,0,2,1,3,0,0,3,3,111.60000000000001,314.40000000000003,70.5,44.7
7,17,45,31,1,1,2,0,0,0,0,0,14.1,32.1,84.0,55.800000000000004
27,15,38,53,1,3,0,3,3,0,1,3,47.1,31.5,67.4,96.9
38,55,162,23,3,3,0,3,0,1,3,0,72.9,102.5,288.6,45.9
8,37,11,36,0,0,2,1,0,1,0,3,14.4,65.60000000000001,22.8,63.3
28,46,24,122,2,3,3,0,3,2,3,2,50.4,85.3,44.7,217.6
47,19,56,65,3,2,2,2,1,0,1,1,88.10000000000001,37.2,102.8,119.0
17,99,196,46,0,3,0,3,1,1,3,3,29.6,181.70000000000002,349.8,84.3
40,39,180,46,3,0,0,3,1,0,1,0,75.5,70.2,323.0,87.3
185,25,33,18,3,3,1,2,1,0,3,1,336.5,49.5,57.9,34.4
40,53,64,39,0,1,2,0,3,1,3,3,69.0,95.9,115.2,67.2
155,12,50,36,0,0,3,0,0,2,2,2,279.0,19.6,92.5,62.8
44,33,36,65,0,1,1,2,2,0,2,3,77.2,60.9,64.3,117.0
4,139,60,16,0,3,1,2,2,2,2,3,5.2,252.70000000000002,107.5,28.8
40,16,115,55,0,0,0,2,0,1,1,3,72.0,27.8,206.0,99.0
36,83,68,58,2,3,1,3,0,1,0,2,67.8,152.9,123.9,106.9
107,35,55,86,0,1,3,3,1,1,3,2,191.6,63.5,100.5,157.3
34,61,49,136,1,2,1,1,3,0,1,1,59.7,112.8,88.7,245.3
140,39,141,55,0,0,0,2,0,2,2,3,252.0,68.2,251.8,99.0
26,20,109,54,2,2,0,3,3,0,1,2,46.800000000000004,39.0,195.20000000000002,99.7
49,30,17,42,2,0,1,2,1,1,0,0,90.2,53.0,32.1,78.60000000000001
33,17,77,14,1,3,3,2,3,2,0,2,57.9,33.1,143.1,26.2
3,27,69,5,3,2,3,2,0,3,3,3,9.9,48.6,125.69999999999999,9.0
178,61,6,4,0,0,0,0,0,3,1,0,320.40000000000003,106.8,9.8,7.2
51,124,72,31,2,3,2,3,1,3,0,0,93.8,224.70000000000002,132.6,60.300000000000004
12,73,55,70,3,1,2,3,3,2,3,2,23.1,130.9,99.0,128.5
22,4,75,10,2,3,2,2,1,0,1,3,41.6,11.7,137.0,18.0
34,166,47,21,0,2,3,0,3,0,0,3,58.2,301.8,89.10000000000001,34.800000000000004
143,47,8,42,0,1,0,1,2,3,1,1,255.40000000000003,83.10000000000001,13.4,76.10000000000001
62,108,42,49,1,3,0,3,1,3,0,1,112.10000000000001,195.9,75.60000000000001,91.7
143,12,66,51,2,1,2,1,1,3,3,3,259.40000000000003,20.1,118.8,90.3
57,26,43,137,1,3,1,0,3,3,3,1,101.10000000000001,48.300000000000004,75.9,245.6
69,34,48,29,1,0,0,3,0,1,3,1,125.7,60.2,83.4,55.7
26,42,40,160,1,1,2,2,1,0,0,0,47.300000000000004,77.10000000000001,75.0,291.0
57,36,17,38,2,3,1,1,3,2,2,3,102.60000000000001,67.3,30.1,66.9
40,47,46,22,1,1,3,1,0,1,2,0,73.5,85.10000000000001,85.3,41.1
180,67,46,62,1,1,1,1,1,3,2,1,324.5,119.10000000000001,82.3,112.10000000000001
175,102,139,61,2,1,1,0,1,3,1,2,317.0,182.1,250.70000000000002,107.8
32,3,32,35,2,3,2,3,3,0,3,1,57.6,9.9,57.6,66.5
78,191,50,20,3,2,3,0,2,2,3,2,142.9,344.8,91.5,34.0
32,15,174,104,3,2,1,0,1,0,0,2,61.1,30.0,314.7,185.20000000000002
58,45,23,49,1,2,2,0,0,2,3,1,105.9,82.0,41.4,87.2
157,4,39,2,2,2,0,3,1,3,2,2,284.6,7.199999999999999,68.2,6.1
